<TEI xmlns="http://www.tei-c.org/ns/1.0" xmlns:xi="http://www.w3.org/2001/XInclude">
    <teiHeader>
        <fileDesc>
            <titleStmt>
                <title>List of places associated with MPESE manuscripts.</title>
                <respStmt xml:id="NM">
                    <name>Noah Millstone</name>
                    <resp>Principal Investigator MPESE</resp>
                </respStmt>
                <respStmt xml:id="SV">
                    <name>Sebastiaan Verweij</name>
                    <resp>Co-Investigator MPESE</resp>
                </respStmt>
                <respStmt xml:id="RB">
                    <name>Richard Bell</name>
                    <resp>Research Associate</resp>
                </respStmt><respStmt xml:id="VA"><name>Victoria Anker</name><resp>BRIHC Research Impact Fellow</resp></respStmt>
                <respStmt xml:id="MJ">
                    <name>Mike Jones</name>
                    <resp>Research Software Engineer</resp>
                </respStmt>
            </titleStmt>
            <publicationStmt xml:id="mpese_pubstat">
                <publisher>Manuscript Pamphleteering in Early Stuart England (MPESE)</publisher>
                <date when="2017">2017</date>
            </publicationStmt>
            <sourceDesc>
                <p>This is a list of places extracted from the manuscript corpus for MPESE. Manuscripts are separately described.</p>
            </sourceDesc>
        </fileDesc>
    </teiHeader>
    <text>
        <body>
            <div>
                <listPlace>
                    <place xml:id="PL0001">
                        <placeName>London</placeName>
                        <location>
                            <country>England</country>
                        </location>
                    </place>
                    <place xml:id="PL0005">
                        <placeName>Trinity College</placeName>
                        <location>
                            <settlement>Cambridge</settlement>
                            <country>England</country>
                        </location>
                    </place>
                    <place xml:id="PL0006">
                        <placeName>St James's Palace</placeName>
                        <location>
                            <district>Westminster</district>
                            <settlement>London</settlement>
                            <country>England</country>
                        </location>
                    </place>
                    <place xml:id="PL0007">
                        <placeName>Palace of Westminster</placeName>
                        <location>
                            <settlement>London</settlement>
                            <country>England</country>
                        </location>
                    </place>
                    <place xml:id="PL0008">
                        <placeName>St Benedict's Abbey</placeName>
                        <location>
                            <region>Norfolk</region>
                            <country>England</country>
                        </location>
                    </place>
                    <place xml:id="PL0009">
                        <placeName>Edinburgh</placeName>
                        <location>
                            <country>Scotland</country>
                        </location>
                    </place>
                    <place xml:id="PL0010">
                        <placeName>Court of King's Bench</placeName>
                            <location>
                                <district>Westminster</district>
                                <settlement>London</settlement>
                                <country>England</country>
                            </location>
                    </place>
                    <place xml:id="PL0012">
                        <placeName>Christ's College</placeName>
                        <location>
                            <settlement>Cambridge</settlement>
                            <country>England</country>
                        </location>
                    </place>
                    <place xml:id="PL0013">
                        <placeName>Bloomsbury</placeName>
                        <location>
                            <settlement>London</settlement>
                            <country>England</country>
                        </location>
                    </place>
                    <place xml:id="PL0014">
                        <placeName>Greenwich Palace</placeName>
                        <location>
                            <settlement>Greenwich</settlement>
                            <country>England</country>
                        </location>
                    </place>
                    <place xml:id="PL0015">
                        <placeName>York</placeName>
                        <location>
                            <country>England</country>
                        </location>
                    </place>
                    <place xml:id="PL0016">
                        <placeName>Northamptonshire</placeName>
                        <location>
                            <country>England</country>
                        </location>
                    </place>
                    <place xml:id="PL0017">
                        <placeName>Kent</placeName>
                        <location>
                            <country>England</country>
                        </location>
                    </place>
                    <place xml:id="PL0018">
                        <placeName>Devonshire</placeName>
                        <location>
                            <country>England</country>
                        </location>
                    </place>
                    <place xml:id="PL0019">
                        <placeName>Norfolk</placeName>
                        <location>
                            <country>England</country>
                        </location>
                    </place>
                    <place xml:id="PL0020">
                        <placeName>Essex</placeName>
                        <location>
                            <country>England</country>
                        </location>
                    </place>
                    <place xml:id="PL0021">
                        <placeName>St Mary Overie</placeName>
                        <location>
                            <district>Southwark</district>
                            <settlement>London</settlement>
                            <country>England</country>
                        </location>
                    </place>
                    <place xml:id="PL0022">
                        <placeName>Berkshire</placeName>
                        <location>
                            <country>England</country>
                        </location>
                    </place>
                    <place xml:id="PL0023">
                        <placeName>Swaffham</placeName>
                        <location>
                            <region>Norfolk</region>
                            <country>England</country>
                        </location>
                    </place>
                    <place xml:id="PL0024">
                        <placeName>Rome</placeName>
                        <location>
                            <country>Italy</country>
                        </location>
                    </place>
                    <place xml:id="PL0025">
                        <placeName>Court of Chancery</placeName>
                        <location>
                            <district>Westminster</district>
                            <settlement>London</settlement>
                            <country>England</country>
                        </location>
                    </place>
                    <place xml:id="PL0026">
                        <placeName>Madrid</placeName>
                        <location>
                            <country>Spain</country>
                        </location>
                    </place>
                    <place xml:id="PL0027">
                        <placeName>L'Hostel de Venise</placeName>
                        <location>
                            <settlement>Paris</settlement>
                            <country>France</country>
                        </location>
                    </place>
                    <place xml:id="PL0028">
                        <placeName>Tergoes</placeName>
                        <location>
                            <region>Zealand</region>
                            <country>Holland</country>
                        </location>
                    </place>
                    <place xml:id="PL0029">
                        <placeName>Paris</placeName>
                        <location>
                            <country>France</country>
                        </location>
                    </place>
                    <place xml:id="PL0030">
                        <placeName>Leuven</placeName>
                        <location>
                            <country>Belgium</country>
                        </location>
                    </place>
                    <place xml:id="PL0031">
                        <placeName>France</placeName>
                    </place>
                    <place xml:id="PL0032">
                        <placeName>Newcastle</placeName>
                        <location>
                            <country>England</country>
                        </location>
                    </place>
                    <place xml:id="PL0033">
                        <placeName>Tower of London</placeName>
                        <location>
                            <settlement>London</settlement>
                            <country>England</country>
                        </location>
                    </place>
                    <place xml:id="PL0034">
                        <placeName>Guildhall</placeName>
                        <location>
                            <settlement>London</settlement>
                            <country>England</country>
                        </location>
                    </place>
                    <place xml:id="PL0035">
                        <placeName>Dublin</placeName>
                        <location>
                            <country>Ireland</country>
                        </location>
                    </place>
                    <place xml:id="PL0036">
                        <placeName>Court of Exchequer</placeName>
                        <location>
                            <district>Westminster</district>
                            <settlement>London</settlement>
                            <country>England</country>
                        </location>
                    </place>
                    <place xml:id="PL0037">
                        <placeName>Tower Hill</placeName>
                        <location>
                            <settlement>London</settlement>
                            <country>England</country>
                        </location>
                    </place>
                    <place xml:id="PL0038">
                        <placeName>Tyburn Tree, Tower Hill</placeName>
                        <location>
                            <settlement>London</settlement>
                            <country>England</country>
                        </location>
                    </place>
                    <place xml:id="PL0039">
                        <placeName>Newmarket</placeName>
                        <location>
                            <country>England</country>
                        </location>
                    </place>
                    <place xml:id="PL0040">
                        <placeName>Brussels</placeName>
                        <location>
                            <country>Belgium</country>
                        </location>
                    </place>
                    <place xml:id="PL0041">
                        <placeName>St Giles' Cathedral</placeName>
                        <location>
                            <settlement>Edinburgh</settlement>
                            <country>Scotland</country>
                        </location>
                    </place>
                    <place xml:id="PL0042">
                        <placeName>King's Chapel, Whitehall</placeName>
                        <location>
                            <district>Whitehall</district>
                            <settlement>London</settlement>
                            <country>England</country>
                        </location>
                    </place>
                    <place xml:id="PL0043">
                        <placeName>Leith</placeName>
                        <location>
                            <settlement>Edinbrugh</settlement>
                            <country>Scotland</country>
                        </location>
                    </place>
                    <place xml:id="PL0044">
                        <placeName>Hampton Field</placeName>
                        <location>
                            <region>Warwickshire</region>
                            <country>Scotland</country>
                        </location>
                    </place>
                    <place xml:id="PL0045">
                        <placeName>Norwich</placeName>
                        <location>
                            <region>Norfolk</region>
                            <country>England</country>
                        </location>
                    </place>
                    <place xml:id="PL0046">
                        <placeName>Calais</placeName>
                        <location>
                            <country>France</country>
                        </location>
                    </place>
                </listPlace>
            </div>
        </body>
    </text>
</TEI>