<TEI xmlns="http://www.tei-c.org/ns/1.0" xmlns:xi="http://www.w3.org/2001/XInclude">
   <teiHeader>
      <fileDesc>
         <titleStmt>
            <title>Arraignment of Mervin, Lord Audley, Earl of Castlehaven</title>
            <author/>
            <respStmt xml:id="NM">
               <name>Noah Millstone</name>
               <resp>Principal Investigator MPESE</resp>
            </respStmt>
            <respStmt xml:id="SV">
               <name>Sebastiaan Verweij</name>
               <resp>Co-Investigator MPESE</resp>
            </respStmt>
            <respStmt xml:id="RB">
               <name>Richard Bell</name>
               <resp>Research Associate</resp>
            </respStmt>
            <respStmt xml:id="MJ">
               <name>Mike Jones</name>
               <resp>Research Software Engineer</resp>
            </respStmt>
         </titleStmt>
         <publicationStmt xml:id="mpese_pubstat">
            <publisher>Manuscript Pamphleteering in Early Stuart England (MPESE)</publisher>
            <date when="2017">2017</date>
         </publicationStmt>
         <sourceDesc>
            <listBibl xml:id="mss_witness">
               <bibl>
               </bibl>
            </listBibl><listBibl xml:id="mss_witness_generated"><!--Generated by create_witness_list.xql (2018-09-25T17:41:59.792+01:00)--><bibl><ref type="ms" target="../mss/BLAddMS22591.xml">British Library, Additional MS 22591, ff. 81r–89r</ref></bibl><bibl><ref type="ms" target="../mss/BLHargraveMS226.xml">British Library, Hargrave MS 226, ff. 310v–313*v</ref></bibl><bibl><ref type="ms" target="../mss/BLHarleyMS6865.xml">British Library, Harley MS 6865, ff. 230x–238x</ref></bibl><bibl><ref type="ms" target="../mss/BLLansdowneMS491.xml">British Library, Lansdowne MS 491, ff. 226r–229v</ref></bibl><bibl><ref type="ms" target="../mss/BL_Harley_MS_738.xml">British Library, Harley MS 738, ff. 322r–328r</ref></bibl><bibl><ref type="ms" target="../mss/BL_Sloane_MS_1709.xml">British Library, Sloane MS 1709, ff. 63r–83x</ref></bibl><bibl><ref type="ms" target="../mss/Beinecke_Osborn_fb57.xml">Beinecke Library, Osborn fb57, ff. 321–326</ref></bibl><bibl><ref type="ms" target="../mss/Bodl_MS_Ashmole_824.xml">Bodleian Library,  MS Ashmole 824, ff. 21r–25v</ref></bibl><bibl><ref type="ms" target="../mss/Bodl_MS_Carte_107.xml">Bodleian Library,  MS Carte 107, ff. 173r–192v</ref></bibl><bibl><ref type="ms" target="../mss/Bodl_MS_Dodsworth_61.xml">Bodleian Library,  MS Dodsworth 61, ff. 54r–v</ref></bibl><bibl><ref type="ms" target="../mss/Bodl_MS_Rawlinson_A_346.xml">Bodleian Library,  MS Rawlinson A 346, ff. 124r–142v</ref></bibl><bibl><ref type="ms" target="../mss/Bodl_MS_Rawlinson_D_719.xml">Bodleian Library,  MS Rawlinson D 719, ff. 329–349</ref></bibl><bibl><ref type="ms" target="../mss/Bodl_MS_Rawlinson_D_859.xml">Bodleian Library,  MS Rawlinson D 859, ff. 144r–151r</ref></bibl><bibl><ref type="ms" target="../mss/Bodl_MS_Rawlinson_D_911.xml">Bodleian Library,  MS Rawlinson D 911, ff. 398r–403v</ref></bibl><bibl><ref type="ms" target="../mss/Bodl_MS_Tanner_71.xml">Bodleian Library,  MS Tanner 71, ff. 70r–90v</ref></bibl><bibl><ref type="ms" target="../mss/FolgerMSVb50.xml">Folger Shakespeare Library,  MS V.b.50, pp519–540</ref></bibl><bibl><ref type="ms" target="../mss/Harvard_Law_School_MS_1241.xml">Harvard Law School,  MS 1241</ref></bibl><bibl><ref type="ms" target="../mss/Huntington_EL_7976.xml">Huntington Library,  EL 7976, item 1, ff.1r–15v</ref></bibl><bibl><ref type="ms" target="../mss/Lincolns_Inn_Maynard_MS_59.xml">Lincoln's Inn, Maynard MS 59, ff. 344r–355r</ref></bibl><bibl><ref type="ms" target="../mss/NUL_Pw_V_86.xml">Nottingham University Library, Pw V 86, ff. 1r–16v</ref></bibl><bibl><ref type="ms" target="../mss/NorthsRO_FH2564.xml">Northamptonshire Record Office,  FH2564, ff19</ref></bibl><bibl><ref type="ms" target="../mss/NorthsRO_IL_3339.xml">Northamptonshire Record Office, IL 3339, ff6</ref></bibl><bibl><ref type="ms" target="../mss/TNA_SP_16_207.xml">The National Archives,  SP 16/207, ff. 3r–46r</ref></bibl></listBibl>
         </sourceDesc>
      </fileDesc>
      <profileDesc>
         <abstract>
            <p><!-- date and place --></p>
         </abstract>
         <creation>
            <date when="1631-04-25">25 April 1631</date>
            <placeName/>
         </creation>
         <textClass>
            <keywords n="text-type">
               <term/>
            </keywords>
         </textClass>
         <textClass>
            <keywords n="topic-keyword">
               <term/>
            </keywords>
         </textClass>
      </profileDesc>
      <encodingDesc>
         <editorialDecl>
            <p><!-- build this info as we go along --></p>
         </editorialDecl>
      </encodingDesc>
      <revisionDesc>
         <listChange>
            <change when="2018-07-05" who="#RB" status="placeholder"/>
         </listChange>
      </revisionDesc>
   </teiHeader>
   <text>
      <body>
         <p/>
      </body>
   </text>
</TEI>