<TEI xmlns="http://www.tei-c.org/ns/1.0" xmlns:xi="http://www.w3.org/2001/XInclude">
   <teiHeader>
      <fileDesc>
         <titleStmt>
            <title>Letters</title>
            <author>
               <persName corresp="../people/people.xml#P0012">Sir Francis Bacon</persName>
            </author>
            <respStmt xml:id="NM">
               <name>Noah Millstone</name>
               <resp>Principal Investigator MPESE</resp>
            </respStmt>
            <respStmt xml:id="SV">
               <name>Sebastiaan Verweij</name>
               <resp>Co-Investigator MPESE</resp>
            </respStmt>
            <respStmt xml:id="RB">
               <name>Richard Bell</name>
               <resp>Research Associate</resp>
            </respStmt>
            <respStmt xml:id="MJ">
               <name>Mike Jones</name>
               <resp>Research Software Engineer</resp>
            </respStmt>
         </titleStmt>
         <publicationStmt xml:id="mpese_pubstat">
            <publisher>Manuscript Pamphleteering in Early Stuart England (MPESE)</publisher>
            <date when="2017">2017</date>
         </publicationStmt>
         <sourceDesc>
            <listBibl xml:id="mss_witness">
               <bibl>
               </bibl>
            </listBibl><listBibl xml:id="mss_witness_generated"><!--Generated by create_witness_list.xql (2018-09-25T17:41:59.792+01:00)--><bibl><ref type="ms" target="../mss/Alnwick_Castle_MS_526.xml">Alnwick Castle,  MS 526, ff. 17r–68v</ref></bibl><bibl><ref type="ms" target="../mss/BLAddMS22591.xml">British Library, Additional MS 22591, f. 273v</ref></bibl><bibl><ref type="ms" target="../mss/BLAddMS44848.xml">British Library, Additional MS 44848, ff. 83v–91v</ref></bibl><bibl><ref type="ms" target="../mss/BLAddMS44848.xml">British Library, Additional MS 44848, ff. 97r–100v</ref></bibl><bibl><ref type="ms" target="../mss/BLAddMS44848.xml">British Library, Additional MS 44848, ff. 105r–v</ref></bibl><bibl><ref type="ms" target="../mss/BLAddMS44848.xml">British Library, Additional MS 44848, ff. 169r–171r</ref></bibl><bibl><ref type="ms" target="../mss/BLHarleyMS4761.xml">British Library, Harley MS 4761, ff. 156r–171v</ref></bibl><bibl><ref type="ms" target="../mss/BL_Sloane_MS_3078.xml">British Library, Sloane MS 3078, ff. 1r–53v</ref></bibl><bibl><ref type="ms" target="../mss/Beinecke_Osborn_fb37.xml">Beinecke Library, Osborn fb37, ff61</ref></bibl><bibl><ref type="ms" target="../mss/Beinecke_Osborn_fb60.xml">Beinecke Library, Osborn fb60, ff. 321r–388x</ref></bibl><bibl><ref type="ms" target="../mss/Bodl_MS_Rawlinson_B_151.xml">Bodleian Library,  MS Rawlinson B 151, ff. 93v–94r</ref></bibl><bibl><ref type="ms" target="../mss/Bodl_MS_Tanner_82.xml">Bodleian Library,  MS Tanner 82, ff. 45r–59r, 118v, 123r–133r, 142r–147r, 152v–153v, 247r–248r, 249v–250v, 252v–25v</ref></bibl><bibl><ref type="ms" target="../mss/Folger_MS_V_b_132.xml">Folger Shakespeare Library,  MS V.b.132, pp109</ref></bibl><bibl><ref type="ms" target="../mss/Longleat_House_MS_110.xml">Longleat House,  MS 110, ff. 194–258</ref></bibl><bibl><ref type="ms" target="../mss/Queens_College_Oxford_MS_32.xml">Queen's College,  MS 32, ff. 1r–4v</ref></bibl><bibl><ref type="ms" target="../mss/Queens_College_Oxford_MS_32.xml">Queen's College,  MS 32, ff. 181r–193v</ref></bibl><bibl><ref type="ms" target="../mss/Senate_House_MS_300.xml">Senate House, University of London,  MS 300, ff. 80r–118x</ref></bibl><bibl><ref type="ms" target="../mss/Senate_House_MS_309.xml">Senate House, University of London,  MS 309, ???</ref></bibl></listBibl>
         </sourceDesc>
      </fileDesc>
      <profileDesc>
         <abstract>
            <p><!-- date and place --></p>
         </abstract>
         <creation>
            <date when="1581">1581-1626?</date>
            <placeName/>
         </creation>
         <textClass>
            <keywords n="text-type">
               <term>letter</term>
            </keywords>
         </textClass>
         <textClass>
            <keywords n="topic-keyword">
               <term/>
            </keywords>
         </textClass>
      </profileDesc>
      <encodingDesc>
         <editorialDecl>
            <p><!-- build this info as we go along --></p>
         </editorialDecl>
      </encodingDesc>
      <revisionDesc>
         <listChange>
            <change when="2018-07-05" who="#RB" status="placeholder"/>
         </listChange>
      </revisionDesc>
   </teiHeader>
   <text>
      <body>
         <p/>
      </body>
   </text>
</TEI>