<TEI xmlns="http://www.tei-c.org/ns/1.0" xmlns:xi="http://www.w3.org/2001/XInclude">
   <teiHeader>
      <fileDesc>
         <titleStmt>
            <title>Speech to Serjeant Hutton, when he was called to be one of the Judges of the Common Pleas</title>
            <author>
               <persName corresp="../people/people.xm#P0012">Francis Bacon</persName>
            </author>
            <respStmt xml:id="NM">
                    <name>Noah Millstone</name>
                    <resp>Principal Investigator MPESE</resp>
                </respStmt>
            <respStmt xml:id="SV">
                    <name>Sebastiaan Verweij</name>
                    <resp>Co-Investigator MPESE</resp>
                </respStmt>
            <respStmt xml:id="RB">
                    <name>Richard Bell</name>
                    <resp>Research Associate</resp>
                </respStmt><respStmt xml:id="VA"><name>Victoria Anker</name><resp>BRIHC Research Impact Fellow</resp></respStmt>
            <respStmt xml:id="MJ">
                    <name>Mike Jones</name>
                    <resp>Research Software Engineer</resp>
                </respStmt>
         </titleStmt>
         <publicationStmt xml:id="mpese_pubstat">
                <publisher>Manuscript Pamphleteering in Early Stuart England (MPESE)</publisher>
                <date when="2017">2017</date>
            </publicationStmt>
         <sourceDesc>
            <msDesc corresp="../mss/BLSloaneMS3522.xml">
               <xi:include href="../mss/BLSloaneMS3522.xml" xpointer="BL_Sloane_MS_3522"/><p xml:id="ms-label-generated">British Library, Sloane MS 3522<!--Generated mss-label-job.xql (2018-09-25T17:28:20.915+01:00)--></p>
            </msDesc>
            <listBibl xml:id="mss_witness">
               <bibl>
                  <xi:include href="../mss/BLAddMS22591.xml" xpointer="BL_Add_MS_22591"/>
               </bibl>
               <bibl>
                  <xi:include href="../mss/BLHarleyMS39.xml" xpointer="BL_Harley_MS_39"/>
               </bibl>
               <bibl>
                  <xi:include href="../mss/FolgerMSVa206.xml" xpointer="Folger_MS_V_a_206"/>
               </bibl>
            </listBibl><listBibl xml:id="mss_witness_generated"><!--Generated by create_witness_list.xql (2018-09-25T17:41:59.792+01:00)--><bibl><ref type="ms" target="../mss/Alnwick_Castle_MS_526.xml">Alnwick Castle,  MS 526, ff. 3r–4v</ref></bibl><bibl><ref type="ms" target="../mss/BLAddMS22591.xml">British Library, Additional MS 22591, ff. 259r–v</ref></bibl><bibl><ref type="ms" target="../mss/BLHarleyMS39.xml">British Library, Harley MS 39, ff. 280v–281v</ref></bibl><bibl><ref type="ms" target="../mss/Beinecke_Osborn_Shelves_Gordounstoun_Box_5.xml">Beinecke Library, Osborn Shelves Gordounstoun Box 5, ff. 60r–62r</ref></bibl><bibl><ref type="ms" target="../mss/Beinecke_Osborn_fb59.xml">Beinecke Library, Osborn fb59</ref></bibl><bibl><ref type="ms" target="../mss/FolgerMSVa206.xml">Folger Shakespeare Library,  MS V.a.206, ff. 17r–18r</ref></bibl><bibl><ref type="ms" target="../mss/LPL_MS_936.xml">Lambeth Palace Library,  MS 936, item 229</ref></bibl><bibl><ref type="ms" target="../mss/NorthsRO_FH83.xml">Northamptonshire Record Office,  FH83, ff. 6r–7v</ref></bibl><bibl><ref type="ms" target="../mss/Senate_House_MS_20.xml">Senate House, University of London,  MS 20, ff. 191v–193v</ref></bibl><bibl><ref type="ms" target="../mss/Senate_House_MS_300.xml">Senate House, University of London,  MS 300, ff. 65x–79x</ref></bibl><bibl><ref type="ms" target="../mss/TNA_SP_14_92.xml">The National Archives,  SP 14/92, /7 [ff.62v–63r]</ref></bibl><bibl><ref type="ms" target="../mss/Woburn_Abbey_MS_192.xml">Woburn Abbey,  MS 192, pp140–142</ref></bibl></listBibl>
         </sourceDesc>
      </fileDesc>
      <profileDesc>
         <abstract>
             <p><!-- date and place --></p>
         </abstract>
         <creation>
            <date when="1617">1617</date>
            <placeName/>
         </creation>
         <langUsage>
            <language ident="EN">English</language>
            <language ident="LA">Latin</language>
         </langUsage>
         <textClass>
            <keywords n="text-type">
               <term>speech</term>
            </keywords>
         </textClass>
         <textClass>
            <keywords n="topic-keyword">
               <term>law</term>
               <term>Court of Common Pleas</term>
               <term>officeholding</term>
               <term>judges</term>
            </keywords>
         </textClass>
      </profileDesc>
      <encodingDesc>
         <editorialDecl>
            <p><!-- build this info as we go along --></p>
         </editorialDecl>
      </encodingDesc>
      <revisionDesc>
         <listChange>
            <change when="2018-05-24" who="#NM" status="proofread"/>
            <change when="2017-10-04" who="#RB" status="transcribed"/>
         </listChange>
      </revisionDesc>
   </teiHeader>
   <text>
      <body>
         <!-- transcription here. Insert pb at top of the page. Observe line breaks. -->
         <pb n="27r"/>
         <head>
            S<ex>i</ex>r Frances Bacon Lord <lb/>
            Keeper of the great seale of <lb/>
            England his speech to Mr Ser=<lb break="no"/>
            ieant Hutton when he receaued <lb/>
            his Pattent to be one of the Iustices <lb/>
            of the Com<ex>m</ex>on Pleas./.
         </head>
         <p>
             Mr Serieant Hutton the kinges <lb/>
             most Exelent Ma<ex>jes</ex>tie beinge truelie Informed <lb/>
             of yo<ex>u</ex>r learninge, honesty, and Integritie, <lb/>
             Experience, meanes, and reputac<ex>i</ex>on in <lb/>
             yo<ex>u</ex>r Country hath thought fitt not to leaue <lb/>
             you theis Talentes to be Imployed upon <lb/>
             yo<ex>u</ex>r self onely, but to call you to serue him=<lb break="no"/>
             self, and his people in the place of One <lb/>
             of his Iustices of the Courte of Com<ex>m</ex>on Pleas./.
         </p>
         <p>
            This Courte where you are to serue <lb/>
            is the locull Center, and hearte of the <lb/>
            lawes of this Realme, heere the subiect <lb/>
            hath his Assurance by Fyne, and Reco=<lb break="no"/>
            ueryes, heere he hath his fixed, and In=<lb break="no"/>
            uariable Remedyes by Preceptes, and <lb/>
            writts of Right, heere Iustice opens not <lb/>
            by a blinde gate of Priuiledge, but by <lb/>
            <fw type="catch" place="bot-right">the great</fw>
            <pb n="27v"/>
            the great gate of the Kings Originall <lb/>
            writts out of the Chauncerye, heere runnes <lb/>
            Processe of Outlawrye, if men will not <sic>an=<lb break="no"/>
            swere</sic> lawe in this Center of lawe they <lb/>
            shalbe cast out of the Circle of the Lawe <lb/>
            and therefore it is proper for you with your <lb/>
            wisedome and fortitude to mainteyne the <lb/>
            Lawes of the Realme, wherein neuertheles <lb/>
            I would not haue you headstronge, but to, <lb/>
            weigh, and remember with your selfe that <lb/>
            <tei:add xmlns:tei="http://www.tei-c.org/ns/1.0" place="LM">=</tei:add>
                <seg rend="RM-line">the xij Iudges of the Realme are as the xii <lb/>
            Lyons under Solomans throane they must <lb/>
            shew their stoutnes in Eleuatinge, and bea=<lb break="no"/>
            ringe up the throane/</seg>
         </p>
         <p>
            To Represent vnto you the liues and Por=<lb break="no"/>
            tratures of a good Iudge./
         </p>
         <p>
            <tei:add xmlns:tei="http://www.tei-c.org/ns/1.0" place="LM">.1.</tei:add>That you shall drawe your learninge out <lb/>
               of yo<ex>u</ex>r bookes, and not out of yo<ex>u</ex>r Braines./
         </p>
         <p>
            <tei:add xmlns:tei="http://www.tei-c.org/ns/1.0" place="LM">.2.</tei:add>That you should mixe well the Freedome <lb/>
               of yo<ex>u</ex>r owne opinion with the Reuerence of <lb/>
               the opinion of yo<ex>u</ex>r fellowes./.
         </p>
         <p>
            <tei:add xmlns:tei="http://www.tei-c.org/ns/1.0" place="LM">.3.</tei:add>That you should continue the reuoluinge <lb/>
               of yo<ex>u</ex>r bookes, and not to spend upon the stock./
         </p>
         <p>
            <tei:add xmlns:tei="http://www.tei-c.org/ns/1.0" place="LM">.4.</tei:add>That you should feare noe mans face, and <lb/>
               <fw type="catch" place="bot-right">yet</fw>
               <pb n="28r"/>yet not turne stoutnes into Brauery./.
         </p>
         <p>
            <tei:add xmlns:tei="http://www.tei-c.org/ns/1.0" place="RM">(5)</tei:add>That you shalbe truelie Impartiall and not <lb/>
            see, as men affect one <ex>thorough</ex> fyne Carriage./.
         </p>
         <p>
            <tei:add xmlns:tei="http://www.tei-c.org/ns/1.0" place="RM">(6)</tei:add>That you be a light to Iurors, and open <lb/>
            their Eyes, But not a guide to lead them by the = <lb/>
            Noses./
         </p>
         <p>
            <tei:add xmlns:tei="http://www.tei-c.org/ns/1.0" place="RM">
                    <del rend="strikethrough">6</del>(7)</tei:add>That you affect not the opinion of Pregnancy <lb/>
            and Expedic<ex>i</ex>on by an Impatient, and Catch:<lb break="no"/>
            inge hearinge of the Councellors att the barre./.
         </p>
         <p>
            <tei:add xmlns:tei="http://www.tei-c.org/ns/1.0" place="RM">(8)</tei:add>That your speech be rather with grauitie <lb/>
            as one of the Sages of the lawe, and not <lb/>
            talkatiue, and with Impertinencie flyinge <lb/>
            out to shew learninge./.
         </p>
         <p>
            <tei:add xmlns:tei="http://www.tei-c.org/ns/1.0" place="RM">(9)</tei:add>That yo<ex>u</ex>r hands, and the hand of your <lb/>
            hands I meane those about you be cleane, <lb/>
            and vncorrupt in guifts from medlinge in <lb/>
            tytles, and seruinge of turnes be they of great <lb/>
            ones, or smale ones./.
         </p>
         <p>
            <tei:add xmlns:tei="http://www.tei-c.org/ns/1.0" place="RM">(10)</tei:add>That you Contayne the Iurisdicc<ex>i</ex>on of <lb/>
            yo<ex>u</ex>r Courte within the antient Meerstones <lb/>
            without remouinge the markes./.
         </p>
         <p>
            <tei:add xmlns:tei="http://www.tei-c.org/ns/1.0" place="RM">(11)</tei:add>And that you carry such an hand <lb/>
            ouer yo<ex>u</ex>r Ministers, and Clerkes, <add place="above">as</add> that they <lb/>
            may rather be in awe of you then presume <lb/>
            upon you./.
         </p>
         <fw type="catch" place="bot-right">Theis and</fw>
         <pb n="28v"/>
         <p>
            Theise, and other like pointes of the duetie <lb/>
            of a Iudge, I forbeare to Inlarge for the <lb/>
            longer I haue liued with you, the shorter shall <lb/>
            my speech be to you, knowinge that you Come <lb/>
            soe furnished, and prepared with theis good <lb/>
            virtues, as whatsoeuer I say Cannot be <lb/>
            new vnto you: And therefore I will saye <lb/>
            noe more att this tyme, But deliuer unto <lb/>
            you yo<ex>u</ex>r pattent./.
         </p>
      </body>
   </text>
</TEI>