<TEI xmlns="http://www.tei-c.org/ns/1.0" xmlns:xi="http://www.w3.org/2001/XInclude">
   <teiHeader>
      <fileDesc>
         <titleStmt>
            <title>Argument Concerning Ship Money</title>
            <author>
               <persName corresp="../people/people.xml#P0133">Sir John Bankes</persName>
            </author>
            <respStmt xml:id="NM">
               <name>Noah Millstone</name>
               <resp>Principal Investigator MPESE</resp>
            </respStmt>
            <respStmt xml:id="SV">
               <name>Sebastiaan Verweij</name>
               <resp>Co-Investigator MPESE</resp>
            </respStmt>
            <respStmt xml:id="RB">
               <name>Richard Bell</name>
               <resp>Research Associate</resp>
            </respStmt>
            <respStmt xml:id="MJ">
               <name>Mike Jones</name>
               <resp>Research Software Engineer</resp>
            </respStmt>
         </titleStmt>
         <publicationStmt xml:id="mpese_pubstat">
            <publisher>Manuscript Pamphleteering in Early Stuart England (MPESE)</publisher>
            <date when="2017">2017</date>
         </publicationStmt>
         <sourceDesc>
            <listBibl xml:id="mss_witness">
               <bibl>
               </bibl>
            </listBibl><listBibl xml:id="mss_witness_generated"><!--Generated by create_witness_list.xql (2018-09-25T17:41:59.792+01:00)--><bibl><ref type="ms" target="../mss/All_Souls_College_MS_181.xml">All Souls College,  MS 181, ff. 73r–107v</ref></bibl><bibl><ref type="ms" target="../mss/Alnwick_Castle_MS_544.xml">Alnwick Castle,  MS 544</ref></bibl><bibl><ref type="ms" target="../mss/BLSloaneMS3933.xml">British Library, Sloane MS 3933, ff. 140r–174r</ref></bibl><bibl><ref type="ms" target="../mss/BL_Add_MS_25274.xml">British Library, Additional MS 25274, ff. 191r–257r</ref></bibl><bibl><ref type="ms" target="../mss/BL_Hargrave_MS_285.xml">British Library, Hargrave MS 285, ff. 159r–222v</ref></bibl><bibl><ref type="ms" target="../mss/BL_Harley_MS_365.xml">British Library, Harley MS 365, ff. 11r–38r</ref></bibl><bibl><ref type="ms" target="../mss/BL_Lansdowne_MS_618.xml">British Library, Lansdowne MS 618, ff. 152x–211x</ref></bibl><bibl><ref type="ms" target="../mss/BL_Lansdowne_MS_619.xml">British Library, Lansdowne MS 619, ff. 151x–208x</ref></bibl><bibl><ref type="ms" target="../mss/BL_Sloane_MS_1569.xml">British Library, Sloane MS 1569, ff. 157r–222v</ref></bibl><bibl><ref type="ms" target="../mss/BL_Stowe_MS_404.xml">British Library, Stowe MS 404, ff. 185r–256v</ref></bibl><bibl><ref type="ms" target="../mss/Bodl_MS_Bodley_184.xml">Bodleian Library,  MS Bodley 184, ff. 151r–199r</ref></bibl><bibl><ref type="ms" target="../mss/Bodl_MS_Rawlinson_A_249.xml">Bodleian Library,  MS Rawlinson A 249, ff. 288r–346r</ref></bibl><bibl><ref type="ms" target="../mss/Bodl_MS_Rawlinson_D_342.xml">Bodleian Library,  MS Rawlinson D 342, ff. 240r–293r</ref></bibl><bibl><ref type="ms" target="../mss/CUL_MS_Dd922.xml">Cambridge University Library,  MS Dd.9.22, ff. 1r–10v</ref></bibl><bibl><ref type="ms" target="../mss/CUL_MS_Ii519.xml">Cambridge University Library,  MS Ii.5.19, ff. 85r–135r</ref></bibl><bibl><ref type="ms" target="../mss/CUL_MS_Ii527.xml">Cambridge University Library,  MS Ii.5.27, ff. 91r–111v</ref></bibl><bibl><ref type="ms" target="../mss/CUL_MS_Ii530.xml">Cambridge University Library,  MS Ii.5.30, ff. 194r–268v</ref></bibl><bibl><ref type="ms" target="../mss/Folger_MS_V_b_325.xml">Folger Shakespeare Library,  MS V.b.325, ff. 165r–229v</ref></bibl><bibl><ref type="ms" target="../mss/Huntington_EL_7877a.xml">Huntington Library,  EL 7877a</ref></bibl><bibl><ref type="ms" target="../mss/Huntington_HM_724.xml">Huntington Library,  HM 724, ff. 181–255</ref></bibl><bibl><ref type="ms" target="../mss/Huntington_Hastings_Ship_Money_Box.xml">Huntington Library, Hastings Ship Money Box, Item 7</ref></bibl><bibl><ref type="ms" target="../mss/Inner_Temple_Petyt_MS_538_43.xml">Inner Temple Library, Petyt MS 538/43, ff. 335r–480v</ref></bibl><bibl><ref type="ms" target="../mss/Queens_College_Oxford_MS_310.xml">Queen's College,  MS 310, ff. 603–604</ref></bibl><bibl><ref type="ms" target="../mss/Queens_College_Oxford_MS_311.xml">Queen's College,  MS 311, ff. 360r–464v</ref></bibl><bibl><ref type="ms" target="../mss/TNA_SP_16_394.xml">The National Archives,  SP 16/394, ff. 31r–v</ref></bibl><bibl><ref type="ms" target="../mss/TNA_SP_16_394.xml">The National Archives,  SP 16/394, ff. 32r–v</ref></bibl><bibl><ref type="ms" target="../mss/TNA_SP_16_394.xml">The National Archives,  SP 16/394, ff. 33r–34v</ref></bibl><bibl><ref type="ms" target="../mss/TNA_SP_16_394.xml">The National Archives,  SP 16/394, ff. 35r–36v</ref></bibl></listBibl>
            <listBibl xml:id="modern_print_witness">
               <bibl>
                  <author>
                     <persName>
                        <forename>John</forename>
                        <surname>Rushworth</surname>
                     </persName>
                  </author>
                  <title>Historical Collections</title>
                  <pubPlace>London</pubPlace>
                  <date when="1721">1721</date>
                  <biblScope unit="volume">2</biblScope>
                  <biblScope unit="page" from="554" to="590">554-590</biblScope>
               </bibl>
               <bibl>
                  <title>State Trials</title>
                  <citedRange unit="volume">3</citedRange>
                  <citedRange unit="page" from="1014" to="1065">1014-1065</citedRange>
               </bibl>
            </listBibl>
         </sourceDesc>
      </fileDesc>
      <profileDesc>
         <abstract>
            <p><!-- date and place --></p>
         </abstract>
         <creation>
            <date when="1637">1637</date>
            <placeName/>
         </creation>
         <textClass>
            <keywords n="text-type">
               <term/>
            </keywords>
         </textClass>
         <textClass>
            <keywords n="topic-keyword">
               <term/>
            </keywords>
         </textClass>
      </profileDesc>
      <encodingDesc>
         <editorialDecl>
            <p><!-- build this info as we go along --></p>
         </editorialDecl>
      </encodingDesc>
      <revisionDesc>
         <listChange>
            <change when="2018-07-05" who="#RB" status="placeholder"/>
         </listChange>
      </revisionDesc>
   </teiHeader>
   <text>
      <body>
         <p/>
      </body>
   </text>
</TEI>