<TEI xmlns="http://www.tei-c.org/ns/1.0" xmlns:xi="http://www.w3.org/2001/XInclude">
   <teiHeader>
      <fileDesc>
         <titleStmt>
            <title>Answer to the Humble Desires of the Covenanters</title>
            <author>
               <persName corresp="../people/people.xml#P0007">Charles I</persName>
            </author>
            <respStmt xml:id="NM">
                    <name>Noah Millstone</name>
                    <resp>Principal Investigator MPESE</resp>
                </respStmt>
            <respStmt xml:id="SV">
                    <name>Sebastiaan Verweij</name>
                    <resp>Co-Investigator MPESE</resp>
                </respStmt>
            <respStmt xml:id="RB">
                    <name>Richard Bell</name>
                    <resp>Research Associate</resp>
                </respStmt><respStmt xml:id="VA"><name>Victoria Anker</name><resp>BRIHC Research Impact Fellow</resp></respStmt>
            <respStmt xml:id="MJ">
                    <name>Mike Jones</name>
                    <resp>Research Software Engineer</resp>
                </respStmt>
         </titleStmt>
         <publicationStmt xml:id="mpese_pubstat">
                <publisher>Manuscript Pamphleteering in Early Stuart England (MPESE)</publisher>
                <date when="2017">2017</date>
            </publicationStmt>
         <sourceDesc>
            <msDesc corresp="../mss/BLAddMS11045.xml">
               <xi:include href="../mss/BLAddMS11045.xml" xpointer="BL_Add_MS_11045"/><p xml:id="ms-label-generated">British Library, Additional MS 11045<!--Generated mss-label-job.xql (2018-09-25T17:28:20.915+01:00)--></p>
            </msDesc>
            <listBibl xml:id="mss_witness">
               <bibl>
                  <xi:include href="../mss/BLAddMS28011.xml" xpointer="BL_Add_MS_28011"/>
               </bibl>
            </listBibl><listBibl xml:id="mss_witness_generated"><!--Generated by create_witness_list.xql (2018-09-25T17:41:59.792+01:00)--><bibl><ref type="ms" target="../mss/BLAddMS28011.xml">British Library, Additional MS 28011, ff. 42r–v</ref></bibl><bibl><ref type="ms" target="../mss/BL_Sloane_MS_650.xml">British Library, Sloane MS 650</ref></bibl><bibl><ref type="ms" target="../mss/Hatfield_House_CP_131.xml">Hatfield House,  CP 131, item 73, ff.ir–iir</ref></bibl><bibl><ref type="ms" target="../mss/NorthsRO_IC_3553.xml">Northamptonshire Record Office, IC 3553</ref></bibl></listBibl>
         </sourceDesc>
      </fileDesc>
      <profileDesc>
         <abstract>
                <p><!-- date and place --></p>
            </abstract>
         <creation>
            <date when="1639">1639</date>
            <placeName/>
         </creation>
         <langUsage>
            <language ident="EN">English</language>
         </langUsage>
         <textClass>
            <keywords n="text-type">
               <term>reply to petition</term>
            </keywords>
         </textClass>
         <textClass>
            <keywords n="topic-keyword">
               <term>Covenanters</term>
               <term>Bishops' Wars</term>
               <term>Scotland</term>
               <term>Three Kingdoms</term>
            </keywords>
         </textClass>
      </profileDesc>
      <encodingDesc>
         <editorialDecl>
            <p><!-- build this info as we go along --></p>
         </editorialDecl>
      </encodingDesc>
      <revisionDesc>
         <listChange>
            <change when="2018-05-29" who="#NM" status="proofread"/>
            <change when="2017-10-04" who="#RB" status="transcribed"/>
         </listChange>
      </revisionDesc>
   </teiHeader>
   <text>
      <body>
         <!-- transcription here. Insert pb at top of the page. Observe line breaks. -->
         <pb n="31r" facs="/bl/add_ms_11045_part/add_ms_11045_f031r/add_ms_11045_f031r.jpg"/>
         <p>
            In my last I sett downe <lb/>
            in breefe the propositions, and humble desires of the Covenan=<lb break="no"/>
            ters, with the kings aunsweare more breifly, which I will <lb/>
            nowe sett downe at large that the true manner of his Ma<ex>jes</ex>t<ex>y'</ex>s <lb/>
            resolution maye bee seene, which is as followeth: wee haveing <lb/>
            considered the papers, and humble petitions presented to us, <lb/>
            <tei:add xmlns:tei="http://www.tei-c.org/ns/1.0" style="" place="LM">Letter from E R</tei:add>by those of our subiects of Scotland, whoe are admitted to <lb/>
            attend our pleasure in the Campe, and after a full heareing by <lb/>
            our selfe of all that they could saye, or alleadge thereupon, have=<lb break="no"/>
            ing communicated the same to our Counsell of both kingdomes, <lb/>
            upon mature deliberation with their vnanimous advise, wee <lb/>
            haue thought fitt to give his iust and gratious aunsweare: <lb/>
            That though wee cannot condiscend to ratifie and approve <lb/>
            the Acts of the pretended Assembly at Glasco, for the reasons <lb/>
            contayned in our severall proclamations, and for many other <lb/>
            grave, and waighty considerations, which haue happened both <lb/>
            before, and since much importing the honour, and security of <lb/>
            that true monarchicall goverment lineally discended uppon <lb/>
            vs from soe many of our Ancestors; yet such is our gratious <lb/>
            pleasure, that not with standing the many disorders committed <lb/>
            of late, wee are pleased not onely to confirme, and approve <lb/>
            our Commissioners declaration given vnder his hand, and<lb/>
            by our commaund in the pretended generall Assembly at Glasco, <lb/>
            <sic>anent</sic> the waye takeing of the service booke, booke of Cannons <lb/>
            high Commission, and dispensing with the five Articles of <lb/>
            Pearth, And that noe other oath bee administred to ministers <lb/>
            at their admission, then what is prescribd by Act of Parliament
            <milestone unit="section" type="LM"/>
            <seg style="transform:rotateZ(90deg)">
               And that all, and every one of the present B<ex>isho</ex>pps, and their successors shall bee aunswearable, and accordingly from tyme to tyme sen=<lb break="no"/>
               surable according to their merritts by the generall Assembly: But alsoe wee are further gratiously pleasd to declare, and assure <lb/>
               that according to the petitioners humble desires, all matters ecclesiasticall shall bee determined by the Assembly of the Kirke, And <lb/>
               matters civill <add place="above">by the</add> Parliament, and other inferiour Iudicatories established by lawe, which accordingly shall bee kept once a <lb/>
               yeare, or soe oft as the affaires of the kirke, and kingdome shall require: And for setling the present distractions of that our <lb/>
               auntient kingdome, our will, and pleasure is, That a free generall Assembly bee kept at Edenburge <space extent="5" unit="chars"/> daye of <space extent="5" unit="chars"/> next
            </seg>
            <pb n="31v" facs="/bl/add_ms_11045_part/add_ms_11045_f031v/add_ms_11045_f031v.jpg"/>
            ensueing for ratifieing of what shall bee concluded in the <lb/>
            said Assembly, and setling such other things, as maye conduce <lb/>
            to the peace, and good of our native kingdome, and there in <lb/>
            an Act of <add place="above">pardon</add>
                <del rend="strikethrough">Parliament</del> and <add place="above">of</add> oblivion to bee passed: And <lb/>
            where as wee are further humbly desired that our shipps, and <lb/>
            forces by land bee recalld, and all persons, goods, and shipps <lb/>
            restored, and they made safe from Invation: wee are gra=<lb break="no"/>
            tiously pleased to decalre, that vpon their disarmeing, and <lb/>
            disbanding of their forces, dissolveing, and discharging all <lb/>
            their pretended Tables, and conventicles, and restoreing vnto <lb/>
            vs all our Castles, forts, ammunition of all sorts, and likewise <lb/>
            our royall honours, And to every one of our good subiects <lb/>
            their liberty, lands, houses, goods, and meanes what soever <lb/>
            taken, and detayned from them since the last pretended gen<ex>er</ex>all <lb/>
            Assembly, wee will presently thereafter recall our Fleete, <lb/>
            and retire our land forces, and cause restitution to bee made <lb/>
            of all <del rend="strikethrough">
                    <gap reason="illegible" quantity="5" unit="chars"/>
                </del> persons, of their shipps, and goods detayned, and arrested <lb/>
            since the fore  said tyme, where by it maye appeare that our <lb/>
            intention of takeing armes was noe wayes for invadeing of <lb/>
            our native kingdome, or to innovate their Religion, or lawes, <lb/>
            but meerely for the mayntayning, and vindicateing of <add place="above">our</add> royall <lb/>
            Authority: And since that hereby it doth plainely appeare <lb/>
            that wee neither have, nor doe intend any alteration in Religion, <lb/>
            or lawe, but that both shall bee mayntayned by vs in their full <lb/>
            integrety, wee expect the performance of that humble and <lb/>
            dutifull obedience, which becometh loyall, and dutifull subiects <lb/>
            and as in their severall protestations, they haue often promised <lb/>
            And as wee haue iust reason to beleive, that to our peaceable, <lb/>
            and well affected subiects, this will bee satisfaction, soe wee take <lb/>
            God, and the world to wittnesse, that whatsoever <del rend="strikethrough">
                    <gap reason="illegible" quantity="2" unit="chars"/>
                </del> calamity <lb/>
            shall come by our necessitated suppressing of the Insolencies <lb/>
            of such as shall continue in their disobedient courses, it is not <lb/>
            occasioned by us, but by their owne procurements: This was <lb/>
            the kings aunsweare to their humble propositions, which were <lb/>
            to haue bine agreed vppon Mondaye the last weeke, but there <lb/>
            was much adoe, whether there should bee B<ex>isho</ex>pps yea, or noe, <lb/>
            The Kinge prest to haue Bi<ex>sho</ex>pps, and the scotch Commissioners, <lb/>
            (Mr. Hinderson the moderator, being nowe admitted for one) <lb/>
            most humblie presented it to his Ma<ex>jes</ex>tie, that the order of B<ex>isho</ex>pps <lb/>
            was against the lawe of the land, which his Ma<ex>jes</ex>tie had promisd <lb/>
            to mayntayne, wherefore, at last (as I heare) his Ma<ex>jes</ex>tie was <lb/>
            gratiously <add place="above">pleasd</add> to haue that, about b<ex>isho</ex>pps, to bee disputed in their <lb/>
            next Assembly to bee held the 6th of August at Edenburge, <lb/>
            and the Parliament the 20th followeing. Then, the word <lb/>
            pretended generall Assembly at Glasco, had almost broake off <lb/>
            the treaty, The Kinge would haue that a pretended generall 
            <milestone unit="section" type="LM"/>
            <seg style="transform:rotateZ(90deg)">
               Assembly, but the Commissioners prest to leave the word pretended out, whoe hath prevaild, I am not certaine, but I heare the kinge <lb/>
               hath his desire, as is fitt he should: nowe for their meetings, treateings, consultations, and convocations, they are to haue none <lb/>
               but such as are warranted by acts of Parliaments: Tuesdaie last weeke all things were agreed vppon according to the foresaid <lb/>
               aunsweare for vppon wensdaie lord Marquesse Hambleton went to Edenburge to take possession of the Castle there, and <lb/>
               to give order to the Fleete in the in the Freith to retire: the same daye, the kinge sent severall persons to take possession of all <lb/>
               the forts, and Castles in the hands of the Covenanters: This last Sundaye, the kinges order was read at the Counsell table
            </seg>
            <pb n="32r" facs="/bl/add_ms_11045_part/add_ms_11045_f032r/add_ms_11045_f032r.jpg"/>
            here, to sett all scotch men, nowe in prison, at liberty, and to <lb/>
            free all their shipps and goods arrested: This agreement was <lb/>
            proclaymed in both armyes, The scotch army gave <unclear/> <lb/>
            a greate shoute, crying God save the kinge, and the Devill take <lb/>
            all their B<ex>isho</ex>pps: It was desired, that the kinge would haue pleasd <lb/>
            to come into the scotch armye, that all the collours might bee layd <lb/>
            downe at his feete, but some reasons were alleadged, that hee <lb/>
            went not; lord Rothus, and Mr Hinderson, as it is commonly <lb/>
            reported, haue gaind a greate reputation by their most humble <lb/>
            mannageing of this treaty, for although they p<ex>er</ex>formd every <lb/>
            poynt of their Commission to their best advantage, yet they <lb/>
            did it with that humillity, and temper, as his Ma<ex>jes</ex>tie was well <lb/>
            pleasd with the manner of it: In the mannageing of this treaty <lb/>
            it come to bee a question made by his Ma<ex>jes</ex>tie whether an <lb/>
            Assembly might bee kept without him, which lord Rothus, and Mr <lb/>
            Hinderson cleard both of them concludeing that by their lawes,  <lb/>
            It might bee kept without his Ma<ex>jes</ex>t<ex>ies</ex> presence, but yet much <lb/>
            better with it: Alsoe, the kinge demaunded, or rather said, <lb/>
            yee will excommunicate mee alsoe in your Assembly; noe, saith <lb/>
            lord Rothus, It is not in the power of an Assembly to ex=<lb break="no"/>
            communicate your Ma<ex>jes</ex>tie because you are soe iust soe pious, <lb/>
            and soe vertuous a Prince, and this was Mr Hindersons opini=<lb break="no"/>
            on alsoe; Mr Hinderson had some <del rend="strikethrough">oppertunty</del> oppertunity to <lb/>
            touch uppon the kings declaration, the printed booke, that relates <lb/>
            all passages of scotch disorders published by his Ma<ex>jes</ex>tie and by <lb/>
            the waye, hee insinuates yt to his Ma<ex>jes</ex>tie: That if soe bee hee <lb/>
            were sicke a man, as that booke makes him to bee, hee were <lb/>
            verie vnworthy to appeare in his Ma<ex>jes</ex>t<ex>ies</ex> presence: Thursdaie <lb/>
            last, the scotch Army disbanded, and the english armye the <lb/>
            Saterdaye followeing
         </p>
      </body>
   </text>
   <facsimile>
      <graphic n="1" url="/bl/add_ms_11045_part/add_ms_11045_f031r/add_ms_11045_f031r.jpg"/>
      <graphic n="2" url="/bl/add_ms_11045_part/add_ms_11045_f031v/add_ms_11045_f031v.jpg"/>
      <graphic n="3" url="/bl/add_ms_11045_part/add_ms_11045_f032r/add_ms_11045_f032r.jpg"/>
      <graphic n="4" url="/bl/add_ms_11045_part/add_ms_11045_f032v/add_ms_11045_f032v.jpg"/>
   </facsimile>
</TEI>