<TEI xmlns="http://www.tei-c.org/ns/1.0" xmlns:xi="http://www.w3.org/2001/XInclude">
   <teiHeader>
      <fileDesc>
         <titleStmt>
            <title>Before the Lords, For Refusing to Pay the Forced Loan</title>
            <author>
               <persName corresp="../people/people.xml#P0147">William Coryton</persName>
            </author>
            <respStmt xml:id="NM">
               <name>Noah Millstone</name>
               <resp>Principal Investigator MPESE</resp>
            </respStmt>
            <respStmt xml:id="SV">
               <name>Sebastiaan Verweij</name>
               <resp>Co-Investigator MPESE</resp>
            </respStmt>
            <respStmt xml:id="RB">
               <name>Richard Bell</name>
               <resp>Research Associate</resp>
            </respStmt>
            <respStmt xml:id="MJ">
               <name>Mike Jones</name>
               <resp>Research Software Engineer</resp>
            </respStmt>
         </titleStmt>
         <publicationStmt xml:id="mpese_pubstat">
            <publisher>Manuscript Pamphleteering in Early Stuart England (MPESE)</publisher>
            <date when="2017">2017</date>
         </publicationStmt>
         <sourceDesc>
            <listBibl xml:id="mss_witness">
               <bibl>
               </bibl>
            </listBibl><listBibl xml:id="mss_witness_generated"><!--Generated by create_witness_list.xql (2018-09-25T17:41:59.792+01:00)--><bibl><ref type="ms" target="../mss/BLHarleyMS39.xml">British Library, Harley MS 39, ff. 410r–415r</ref></bibl><bibl><ref type="ms" target="../mss/BLHarleyMS4103.xml">British Library, Harley MS 4103, ff. 1r–6r</ref></bibl><bibl><ref type="ms" target="../mss/BLHarleyMS6799.xml">British Library, Harley MS 6799, ff. 317x–318x</ref></bibl><bibl><ref type="ms" target="../mss/BLHarleyMS737.xml">British Library, Harley MS 737, ff. 159r–163r</ref></bibl><bibl><ref type="ms" target="../mss/BL_Add_MS_30926.xml">British Library, Additional MS 30926, ff. 1r–5r</ref></bibl><bibl><ref type="ms" target="../mss/BL_Harley_MS_365.xml">British Library, Harley MS 365, ff. 6r–8x</ref></bibl><bibl><ref type="ms" target="../mss/Beinecke_Osborn_b50.xml">Beinecke Library, Osborn b50, ff. 79r–88v</ref></bibl><bibl><ref type="ms" target="../mss/Beinecke_Osborn_fb165.xml">Beinecke Library, Osborn fb165, ff. 5–11</ref></bibl><bibl><ref type="ms" target="../mss/Beinecke_Osborn_fb220.xml">Beinecke Library, Osborn fb220, Vol I, item 9</ref></bibl><bibl><ref type="ms" target="../mss/Bodl_MS_Tanner_72.xml">Bodleian Library,  MS Tanner 72, ff. 325–327r</ref></bibl><bibl><ref type="ms" target="../mss/CUL_MS_Ee232.xml">Cambridge University Library,  MS Ee.2.32, ff. 103r–108r</ref></bibl><bibl><ref type="ms" target="../mss/FolgerMSVb50.xml">Folger Shakespeare Library,  MS V.b.50, pp177–187</ref></bibl><bibl><ref type="ms" target="../mss/Huntington_HM_45148.xml">Huntington Library,  HM 45148, ff. 21–30</ref></bibl><bibl><ref type="ms" target="../mss/PA_HL_PO_RO_1_37.xml">Parliamentary Archives,  HL/PO/RO/1/37, pp.1–8</ref></bibl></listBibl>
         </sourceDesc>
      </fileDesc>
      <profileDesc>
         <abstract>
            <p><!-- date and place --></p>
         </abstract>
         <creation>
            <date when="1627">1627</date>
            <placeName/>
         </creation>
         <textClass>
            <keywords n="text-type">
               <term/>
            </keywords>
         </textClass>
         <textClass>
            <keywords n="topic-keyword">
               <term>forced loan</term>
            </keywords>
         </textClass>
      </profileDesc>
      <encodingDesc>
         <editorialDecl>
            <p><!-- build this info as we go along --></p>
         </editorialDecl>
      </encodingDesc>
      <revisionDesc>
         <listChange>
            <change when="2018-07-05" who="#RB" status="placeholder"/>
         </listChange>
      </revisionDesc>
   </teiHeader>
   <text>
      <body>
         <p/>
      </body>
   </text>
</TEI>