<TEI xmlns="http://www.tei-c.org/ns/1.0" xmlns:xi="http://www.w3.org/2001/XInclude">
   <teiHeader>
      <fileDesc>
         <titleStmt>
            <title>A Relation to Sir Edward Montagu to Prove that the House of Commons Has Equal Power With the Peers in Point of Judicature</title>
            <author>
               <persName corresp="../people/people.xml#P0001">Sir Robert Cotton</persName>
            </author>
            <respStmt xml:id="NM">
               <name>Noah Millstone</name>
               <resp>Principal Investigator MPESE</resp>
            </respStmt>
            <respStmt xml:id="SV">
               <name>Sebastiaan Verweij</name>
               <resp>Co-Investigator MPESE</resp>
            </respStmt>
            <respStmt xml:id="RB">
               <name>Richard Bell</name>
               <resp>Research Associate</resp>
            </respStmt>
            <respStmt xml:id="MJ">
               <name>Mike Jones</name>
               <resp>Research Software Engineer</resp>
            </respStmt>
         </titleStmt>
         <publicationStmt xml:id="mpese_pubstat">
            <publisher>Manuscript Pamphleteering in Early Stuart England (MPESE)</publisher>
            <date when="2017">2017</date>
         </publicationStmt>
         <sourceDesc>
            <listBibl xml:id="mss_witness">
               <bibl>
               </bibl>
            </listBibl><listBibl xml:id="mss_witness_generated"><!--Generated by create_witness_list.xql (2018-09-25T17:41:59.792+01:00)--><bibl><ref type="ms" target="../mss/BLHarleyMS1858.xml">British Library, Harley MS 1858, ff. 150r–155r</ref></bibl><bibl><ref type="ms" target="../mss/BLHarleyMS305.xml">British Library, Harley MS 305, ff. 226r–230r</ref></bibl><bibl><ref type="ms" target="../mss/BLHarleyMS6810.xml">British Library, Harley MS 6810, ff. 134r–139x</ref></bibl><bibl><ref type="ms" target="../mss/BLLansdowneMS209.xml">British Library, Lansdowne MS 209, ff. 165x–182x</ref></bibl><bibl><ref type="ms" target="../mss/BL_Harley_MS_3142.xml">British Library, Harley MS 3142, ff. 67v–69r</ref></bibl><bibl><ref type="ms" target="../mss/BL_Harley_MS_6056.xml">British Library, Harley MS 6056, ff. 1x–3x</ref></bibl><bibl><ref type="ms" target="../mss/BL_Stowe_MS_296.xml">British Library, Stowe MS 296, ff. 79x–86x</ref></bibl><bibl><ref type="ms" target="../mss/Beinecke_Osborn_File_3751.xml">Beinecke Library, Osborn File 3751</ref></bibl><bibl><ref type="ms" target="../mss/Beinecke_Osborn_b22.xml">Beinecke Library, Osborn b22, ff. 181r–186v</ref></bibl><bibl><ref type="ms" target="../mss/Bodl_MS_Carte_96.xml">Bodleian Library,  MS Carte 96, ff. 158r–160v</ref></bibl><bibl><ref type="ms" target="../mss/Bodl_MS_Dodsworth_140.xml">Bodleian Library,  MS Dodsworth 140, ff. 32r–36r</ref></bibl><bibl><ref type="ms" target="../mss/Bodl_MS_Rawlinson_D_369.xml">Bodleian Library,  MS Rawlinson D 369, ff. 23r–27v</ref></bibl><bibl><ref type="ms" target="../mss/Bodl_MS_Tanner_169.xml">Bodleian Library,  MS Tanner 169, ff. 203v–204v</ref></bibl><bibl><ref type="ms" target="../mss/CRO_EL_MS_6558.xml">Cornwall Record Office,  EL MS 655/8, ff. 51r–52v</ref></bibl><bibl><ref type="ms" target="../mss/GonvilleCaius_College_MS_291274.xml">Gonville &amp; Caius College,  MS 291/274, pp383–386</ref></bibl><bibl><ref type="ms" target="../mss/GonvilleCaius_College_MS_7340.xml">Gonville &amp; Caius College,  MS 73/40, ff. 165r–166v</ref></bibl><bibl><ref type="ms" target="../mss/Harvard_Law_School_MS_149.xml">Harvard Law School,  MS 149, end of volume</ref></bibl><bibl><ref type="ms" target="../mss/NorthsRO_FH45.xml">Northamptonshire Record Office,  FH45, ff. 1r–102r</ref></bibl><bibl><ref type="ms" target="../mss/NorthsRO_FH60.xml">Northamptonshire Record Office,  FH60, ff. 77r–105r</ref></bibl><bibl><ref type="ms" target="../mss/PA_GRO_1.xml">Parliamentary Archives,  GRO/1, ff. 23r–28r</ref></bibl><bibl><ref type="ms" target="../mss/Queens_College_Oxford_MS_449.xml">Queen's College,  MS 449, ff. 158r–164r</ref></bibl></listBibl>
            <listBibl xml:id="C17_print_witness">
               <bibl>
                  <author>
                     <persName corresp="../people/people.xml#P0001">Sir Robert Cotton
                     </persName>
                  </author>
                  <title>A briefe discourse, concerning the power of the Peeres and Comons of Parliament, in point of judicature</title>
                  <idno type="STC">22165</idno>
                  <idno type="STC">22166</idno>
                  <date when="1640">1640</date>
               </bibl>
            </listBibl>
         </sourceDesc>
      </fileDesc>
      <profileDesc>
         <abstract>
            <p><!-- date and place --></p>
         </abstract>
         <creation>
            <date when="1621">1621</date>
            <placeName/>
         </creation>
         <textClass>
            <keywords n="text-type">
               <term/>
            </keywords>
         </textClass>
         <textClass>
            <keywords n="topic-keyword">
               <term/>
            </keywords>
         </textClass>
      </profileDesc>
      <encodingDesc>
         <editorialDecl>
            <p><!-- build this info as we go along --></p>
         </editorialDecl>
      </encodingDesc>
      <revisionDesc>
         <listChange>
            <change when="2018-07-05" who="#RB" status="placeholder"/>
         </listChange>
      </revisionDesc>
   </teiHeader>
   <text>
      <body>
         <p/>
      </body>
   </text>
</TEI>