<TEI xmlns="http://www.tei-c.org/ns/1.0" xmlns:xi="http://www.w3.org/2001/XInclude">
   <teiHeader>
      <fileDesc>
         <titleStmt>
            <title>Petition to King Charles With Answer</title>
            <author>
               <persName corresp="../people/people.xml#P0">Covenanters</persName>
            </author>
            <respStmt xml:id="NM">
               <name>Noah Millstone</name>
               <resp>Principal Investigator MPESE</resp>
            </respStmt>
            <respStmt xml:id="SV">
               <name>Sebastiaan Verweij</name>
               <resp>Co-Investigator MPESE</resp>
            </respStmt>
            <respStmt xml:id="RB">
               <name>Richard Bell</name>
               <resp>Research Associate</resp>
            </respStmt>
            <respStmt xml:id="MJ">
               <name>Mike Jones</name>
               <resp>Research Software Engineer</resp>
            </respStmt>
         </titleStmt>
         <publicationStmt xml:id="mpese_pubstat">
            <publisher>Manuscript Pamphleteering in Early Stuart England (MPESE)</publisher>
            <date when="2017">2017</date>
         </publicationStmt>
         <sourceDesc>
            <listBibl xml:id="mss_witness">
               <bibl>
               </bibl>
            </listBibl><listBibl xml:id="mss_witness_generated"><!--Generated by create_witness_list.xql (2018-09-25T17:41:59.792+01:00)--><bibl><ref type="ms" target="../mss/BLHarleyMS6865.xml">British Library, Harley MS 6865, ff. 29x–30x</ref></bibl><bibl><ref type="ms" target="../mss/BLLansdowneMS1232.xml">British Library, Lansdowne MS 1232, ff. 68v–69v</ref></bibl><bibl><ref type="ms" target="../mss/BLSloaneMS1467.xml">British Library, Sloane MS 1467, ff. 133r–134v</ref></bibl><bibl><ref type="ms" target="../mss/BL_Add_MS_15567.xml">British Library, Additional MS 15567, ff. 1r–2v</ref></bibl><bibl><ref type="ms" target="../mss/BL_Add_MS_15858.xml">British Library, Additional MS 15858, ff. 209r–v</ref></bibl><bibl><ref type="ms" target="../mss/BL_Add_MS_15858.xml">British Library, Additional MS 15858, ff. 210r–v</ref></bibl><bibl><ref type="ms" target="../mss/BL_Add_MS_57929.xml">British Library, Additional MS 57929, ff. 9r–v</ref></bibl><bibl><ref type="ms" target="../mss/BL_Harley_MS_1219.xml">British Library, Harley MS 1219, ff. 65r–70v</ref></bibl><bibl><ref type="ms" target="../mss/BL_Sloane_MS_1913.xml">British Library, Sloane MS 1913, ff. 209r–210r</ref></bibl><bibl><ref type="ms" target="../mss/BL_Sloane_MS_3317.xml">British Library, Sloane MS 3317, ff. 23r–v</ref></bibl><bibl><ref type="ms" target="../mss/Beinecke_Osborn_File_12397.xml">Beinecke Library, Osborn File 12397, iir–v</ref></bibl><bibl><ref type="ms" target="../mss/Beinecke_Osborn_b297.xml">Beinecke Library, Osborn b297, item 12</ref></bibl><bibl><ref type="ms" target="../mss/Beinecke_Osborn_fb164.xml">Beinecke Library, Osborn fb164, ff. 24r–25r</ref></bibl><bibl><ref type="ms" target="../mss/Bodl_MS_Add_C_132.xml">Bodleian Library,  MS Add. C 132, ff. 32v–33r</ref></bibl><bibl><ref type="ms" target="../mss/Bodl_MS_Ashmole_830.xml">Bodleian Library,  MS Ashmole 830, ff. 219r–v</ref></bibl><bibl><ref type="ms" target="../mss/Bodl_MS_Clarendon_19.xml">Bodleian Library,  MS Clarendon 19, ff. 17r–v</ref></bibl><bibl><ref type="ms" target="../mss/Bodl_MS_Clarendon_19.xml">Bodleian Library,  MS Clarendon 19, f. 19r</ref></bibl><bibl><ref type="ms" target="../mss/Bodl_MS_Clarendon_19.xml">Bodleian Library,  MS Clarendon 19, ff. 21r–22r</ref></bibl><bibl><ref type="ms" target="../mss/Bodl_MS_Tanner_65.xml">Bodleian Library,  MS Tanner 65, ff. 85r–v</ref></bibl><bibl><ref type="ms" target="../mss/Bodl_MS_Tanner_65.xml">Bodleian Library,  MS Tanner 65, ff. 107r–108r</ref></bibl><bibl><ref type="ms" target="../mss/Bodl_MS_Tanner_65.xml">Bodleian Library,  MS Tanner 65, ff. 114r–115v</ref></bibl><bibl><ref type="ms" target="../mss/Bodl_MS_Tanner_65.xml">Bodleian Library,  MS Tanner 65, ff. 114r–115v</ref></bibl><bibl><ref type="ms" target="../mss/CRO_T_16082.xml">Cornwall Record Office,  T 1608/2</ref></bibl><bibl><ref type="ms" target="../mss/CUL_Add_MS_335.xml">Cambridge University Library, Additional MS 335, ff. 42v–44r</ref></bibl><bibl><ref type="ms" target="../mss/Huntington_EL_7758.xml">Huntington Library,  EL 7736</ref></bibl><bibl><ref type="ms" target="../mss/KA_U2691Oo206.xml">Kent Archives,  U269/1/Oo206</ref></bibl><bibl><ref type="ms" target="../mss/KA_U386O76.xml">Kent Archives,  U386/O7/6</ref></bibl><bibl><ref type="ms" target="../mss/NorthsRO_FH2611.xml">Northamptonshire Record Office,  FH2611</ref></bibl><bibl><ref type="ms" target="../mss/NorthsRO_FH856A.xml">Northamptonshire Record Office,  FH856A</ref></bibl><bibl><ref type="ms" target="../mss/NorthsRO_FH856B.xml">Northamptonshire Record Office,  FH856B</ref></bibl><bibl><ref type="ms" target="../mss/NorthsRO_FH862A.xml">Northamptonshire Record Office,  FH862A</ref></bibl><bibl><ref type="ms" target="../mss/NorthsRO_FH862B.xml">Northamptonshire Record Office,  FH862B</ref></bibl><bibl><ref type="ms" target="../mss/NorthsRO_FH862C.xml">Northamptonshire Record Office,  FH862C</ref></bibl><bibl><ref type="ms" target="../mss/NorthsRO_FH866.xml">Northamptonshire Record Office,  FH866</ref></bibl><bibl><ref type="ms" target="../mss/NorthsRO_IC_3568.xml">Northamptonshire Record Office, IC 3568</ref></bibl><bibl><ref type="ms" target="../mss/SHC_12781.xml">Surrey History Centre,  1278/1, ff. 13r–v</ref></bibl><bibl><ref type="ms" target="../mss/SHC_LM1916.xml">Surrey History Centre,  LM/1916, ff. 7v–8r</ref></bibl><bibl><ref type="ms" target="../mss/St_Johns_College_Cambridge_MS_K56.xml">St John's College,  MS K.56, item 39</ref></bibl><bibl><ref type="ms" target="../mss/TNA_SP_16_466.xml">The National Archives,  SP 16/466, /36 [ff.97r–98r]</ref></bibl><bibl><ref type="ms" target="../mss/TNA_SP_16_466.xml">The National Archives,  SP 16/466, /37 [f.99r]</ref></bibl><bibl><ref type="ms" target="../mss/TNA_SP_16_466.xml">The National Archives,  SP 16/466, /38 [ff.100r–101r]</ref></bibl><bibl><ref type="ms" target="../mss/TNA_SP_16_466.xml">The National Archives,  SP 16/466, /39 [ff.104r–v]</ref></bibl><bibl><ref type="ms" target="../mss/TNA_SP_16_466.xml">The National Archives,  SP 16/466, /39* [ff.106r–v]</ref></bibl><bibl><ref type="ms" target="../mss/TNA_SP_16_466.xml">The National Archives,  SP 16/466, /39x [ff.108r–109r]</ref></bibl><bibl><ref type="ms" target="../mss/TNA_SP_16_466.xml">The National Archives,  SP 16/466, /40 [ff.110r–111r]</ref></bibl><bibl><ref type="ms" target="../mss/TNA_SP_16_466.xml">The National Archives,  SP 16/466, /41 [ff.112r–113r]</ref></bibl><bibl><ref type="ms" target="../mss/TNA_SP_16_466.xml">The National Archives,  SP 16/466, /42 [ff.116r–117r]</ref></bibl><bibl><ref type="ms" target="../mss/Trinity_Cambridge_MS_O_1_35.xml">Trinity College,  MS O.1.35, ff. 3r–4r</ref></bibl><bibl><ref type="ms" target="../mss/University_College_Oxford_MS_83.xml">University College,  MS 83 [on deposit at the Bodleian], ff. 1r–v</ref></bibl></listBibl>
         </sourceDesc>
      </fileDesc>
      <profileDesc>
         <abstract>
            <p><!-- date and place --></p>
         </abstract>
         <creation>
            <date when="1640-09-05">5 September 1640</date>
            <placeName/>
         </creation>
         <textClass>
            <keywords n="text-type">
               <term/>
            </keywords>
         </textClass>
         <textClass>
            <keywords n="topic-keyword">
               <term/>
            </keywords>
         </textClass>
      </profileDesc>
      <encodingDesc>
         <editorialDecl>
            <p><!-- build this info as we go along --></p>
         </editorialDecl>
      </encodingDesc>
      <revisionDesc>
         <listChange>
            <change when="2018-07-05" who="#RB" status="placeholder"/>
         </listChange>
      </revisionDesc>
   </teiHeader>
   <text>
      <body>
         <p/>
      </body>
   </text>
</TEI>