<TEI xmlns="http://www.tei-c.org/ns/1.0" xmlns:xi="http://www.w3.org/2001/XInclude">
   <teiHeader>
      <fileDesc>
         <titleStmt>
            <title>A Relation of the Carriage of the Marriages that Should Have Been Made</title>
            <author>
               <persName corresp="../people/people.xml#P0122">John Digby, 1st Earl of Bristol</persName>
            </author>
            <respStmt xml:id="NM">
               <name>Noah Millstone</name>
               <resp>Principal Investigator MPESE</resp>
            </respStmt>
            <respStmt xml:id="SV">
               <name>Sebastiaan Verweij</name>
               <resp>Co-Investigator MPESE</resp>
            </respStmt>
            <respStmt xml:id="RB">
               <name>Richard Bell</name>
               <resp>Research Associate</resp>
            </respStmt><respStmt xml:id="VA"><name>Victoria Anker</name><resp>BRIHC Research Impact Fellow</resp></respStmt>
            <respStmt xml:id="MJ">
               <name>Mike Jones</name>
               <resp>Research Software Engineer</resp>
            </respStmt>
         </titleStmt>
         <publicationStmt xml:id="mpese_pubstat">
            <publisher>Manuscript Pamphleteering in Early Stuart England (MPESE)</publisher>
            <date when="2017">2017</date>
         </publicationStmt>
         <sourceDesc>
            <!-- XInclude to pull in data from the MS XML that is the exemplar for this transcription-->
            <msDesc corresp="../mss/BLAddMS4149.xml">
               <xi:include href="../mss/BLAddMS4149.xml" xpointer="BL_Add_MS_4149"/><p xml:id="ms-label-generated">British Library, Additional MS 4149<!--Generated mss-label-job.xql (2018-09-25T17:28:20.915+01:00)--></p>
            </msDesc>
            <!-- other MSS witnesses -->
            <listBibl xml:id="mss_witness">
               <bibl>
                  <xi:include href="../mss/BLAddMS18201.xml" xpointer="BL_Add_MS_18201"/>
               </bibl>
               <bibl>
                  <xi:include href="../mss/BL_Stowe_MS_159.xml" xpointer="BL_Stowe_MS_159"/>
               </bibl>
               <bibl>
                  <xi:include href="../mss/BL_Stowe_MS_156.xml" xpointer="BL_Stowe_MS_156"/>
               </bibl>
               <bibl>
                  <xi:include href="../mss/BLLansdowneMS491.xml" xpointer="BL_Lansdowne_MS_491"/>
               </bibl>
               <bibl>
                  <xi:include href="../mss/BLHarleyMS6845.xml" xpointer="BL_Harley_MS_6845"/>
               </bibl>
               <bibl>
                  <xi:include href="../mss/BL_Harley_MS_2208.xml" xpointer="BL_Harley_MS_2208"/>
               </bibl>
               <bibl>
                  <xi:include href="../mss/BLHarleyMS852.xml" xpointer="BL_Harley_MS_852"/>
               </bibl>
               <bibl>
                  <xi:include href="../mss/BLAddMS48044.xml" xpointer="BL_Add_MS_48044"/>
               </bibl>
               <bibl>
                  <xi:include href="../mss/BLAddMS73087.xml" xpointer="BL_Add_MS_73087"/>
               </bibl>
               <bibl>
                  <xi:include href="../mss/FolgerMSGb7.xml" xpointer="Folger_MS_G_b_7"/>
               </bibl>
               <bibl>
                  <xi:include href="../mss/FolgerMSGb9.xml" xpointer="Folger_MS_G_b_9"/>
               </bibl>
               <bibl>
                  <xi:include href="../mss/All_Souls_College_MS_239.xml" xpointer="All_Souls_College_MS_239"/>
               </bibl>
            </listBibl><listBibl xml:id="mss_witness_generated"><!--Generated by create_witness_list.xql (2018-09-25T17:41:59.792+01:00)--><bibl><ref type="ms" target="../mss/All_Souls_College_MS_239.xml">All Souls College,  MS 239, ff. 140***–149r</ref></bibl><bibl><ref type="ms" target="../mss/BLAddMS18201.xml">British Library, Additional MS 18201, ff. 71v–80r</ref></bibl><bibl><ref type="ms" target="../mss/BLAddMS48044.xml">British Library, Additional MS 48044, ff. 276r–286v</ref></bibl><bibl><ref type="ms" target="../mss/BLAddMS73087.xml">British Library, Additional MS 73087, ff. 189r–208r</ref></bibl><bibl><ref type="ms" target="../mss/BLAddMS73087.xml">British Library, Additional MS 73087, ff. 189r–208r</ref></bibl><bibl><ref type="ms" target="../mss/BLHarleyMS852.xml">British Library, Harley MS 852, ff. 6r–14r</ref></bibl><bibl><ref type="ms" target="../mss/BLLansdowneMS491.xml">British Library, Lansdowne MS 491, ff. 230x–245x</ref></bibl><bibl><ref type="ms" target="../mss/BL_Add_MS_45143.xml">British Library, Additional MS 45143, ff. 16r–18v</ref></bibl><bibl><ref type="ms" target="../mss/BL_Harley_MS_2208.xml">British Library, Harley MS 2208, ff. 211–227v</ref></bibl><bibl><ref type="ms" target="../mss/BL_Stowe_MS_159.xml">British Library, Stowe MS 159, ff. 226r–235x</ref></bibl><bibl><ref type="ms" target="../mss/Bodl_MS_Ashmole_830.xml">Bodleian Library,  MS Ashmole 830, ff. 176r–179v</ref></bibl><bibl><ref type="ms" target="../mss/Bodl_MS_Carte_96.xml">Bodleian Library,  MS Carte 96, ff. 54r–64r</ref></bibl><bibl><ref type="ms" target="../mss/Bodl_MS_Perrott_4.xml">Bodleian Library,  MS Perrott 4, ff. 56–68</ref></bibl><bibl><ref type="ms" target="../mss/Bodl_MS_Rawlinson_D_74.xml">Bodleian Library,  MS Rawlinson D 74, ff. 1r–7r</ref></bibl><bibl><ref type="ms" target="../mss/FolgerMSGb7.xml">Folger Shakespeare Library,  MS G.b.7, ff. 125r–131r</ref></bibl><bibl><ref type="ms" target="../mss/FolgerMSGb9.xml">Folger Shakespeare Library,  MS G.b.9, ff. 119v–136r</ref></bibl><bibl><ref type="ms" target="../mss/Folger_MS_V_a_348.xml">Folger Shakespeare Library,  MS V.a.348, ff. 101r–113v</ref></bibl></listBibl>
            <!-- here list modern print exemplars -->
            <listBibl xml:id="modern_print_witness">
               <bibl>
                  <title type="shorttitle">The Harleian Miscellany</title>
                  <edition>1st ed.</edition> 
                  <biblScope unit="volume">8</biblScope>
                  <biblScope unit="page" from="1" to="9">1-9</biblScope>
               </bibl>
               <bibl>
                  <title>Collectanea Curiosa</title>
                  <editor>John Gutch</editor>
                  <pubPlace>Oxford</pubPlace>
                  <publisher>Clarendon Press</publisher>
                  <biblScope unit="volume">1</biblScope>
                  <biblScope unit="page" from="133" to="155">133-155</biblScope>
                  <date when="1781">1781</date>
               </bibl>
               <bibl>
                  <title type="shorttitle">Somers Tracts</title>
                  <edition>2nd ed.</edition> 
                  <biblScope unit="volume">2</biblScope>
                  <biblScope unit="page" from="492" to="501">492-501</biblScope>
               </bibl>
            </listBibl>
         </sourceDesc>
      </fileDesc>
      <profileDesc>
         <abstract>
                <p><!-- date and place --></p>
            </abstract>
         <creation>
            <date when="1625-01-03">3 January 1625</date>
            <placeName/>
         </creation>
         <langUsage>
            <language ident="EN">English</language>
            <language ident="LA">Latin</language>
         </langUsage>
         <textClass>
            <keywords n="text-type">
               <term><!-- text type here (e.g., letter, speech). We need to decide on a controlled list or taxonomy --></term>
               <term><!-- next text type here --></term>
            </keywords>
         </textClass>
         <textClass>
            <keywords n="topic-keyword">
               <term>royal marriages</term>
               <term>diplomacy</term>
               <term>Spain</term>
               <term>Spanish Match</term>
            </keywords>
         </textClass>
      </profileDesc>
      <encodingDesc>
         <editorialDecl>
            <p><!-- build this info as we go along --></p>
         </editorialDecl>
      </encodingDesc>
      <revisionDesc>
         <listChange>
            <change when="2018-04-19" who="#RB" status="draft"/>
            <change when="2018-04-17" who="#TW" status="transcribed"/>
         </listChange>
      </revisionDesc>
   </teiHeader>
   <text>
      <body>
         <pb n="163r" facs="/bl/add_ms_4149_part/add_ms_4149_f163r/add_ms_4149_f163r.jpg"/>
         <head rend="align-centre">
            <hi rend="bold">A Relation</hi> <lb/>
            <hi rend="italic">
               Of the Carriage of the Marriages that should <lb/>
               haue bine made betweene the Prince of England, <lb/>
               and the Infanta Maior and alsoe after with <lb/>
               the Younger Infanta. /
            </hi>
         </head>
         <p>
            The Chardge which I hould hauinge soe ne <lb/>
            cessarye Relation and dependencye on that place <lb/>
            to which your Wisdome and desertes haue mooued his <lb/>
            Magestye to call you, I haue thought it verry fitt in a  <lb/>
            matter of noe lesse consequence then a Treatye of <lb/>
            Marriage for the Princes Highnes with a Daughter <lb/>
            of the Kinge of Spaine Because I know Your Ho<ex>nou</ex>r <lb/>
            shall receiue the carriage theareof seuerallie and <lb/>
            differentlie related from many Princes his Magesties <lb/>
            Allyes, and from all His Magesties Ministers residing <lb/>
            abroade to set downe trulye, and exactlie the Originall <lb/>
            course and Issue of the busines to the end that you <lb/>
            (whoe vnder his Magestye are like hereafter to di=<lb break="no"/>
            rect) maye be fullye accquainted w<ex>i</ex>th what formerlye <lb/>
            passed And for that t'is likelye that the Manner <lb/>
            of this Treatye shall not be onlye giuen oute, but cen=<lb break="no"/>
            sured accordinge to the diuersitye of mens affections <lb/>
            And vnto you (as vnto the Center where all adver=<lb break="no"/>
            tisements meete) thease contrarietyes will come. I <lb/>
            therefore desired to arme You with this truthe which as <lb/>
            I affirme vnto your selfe soe I am readye to Iustefie <lb/>
            vnto the World, if you shall haue occasion or that your  <lb/>
            wisdome shall thinke it fitt to make more publique <lb/>
            vse of this discourse The which contayne in it soe <lb/>
            much truthe, that I care not what Eye sees it. For <lb/>
            that I knowe noe man can contradict it. I shall <lb/>
            therfore referre it to Your Honnor to make such vse thereof <lb/>
            as shall best please you eyher to enforme others of <lb/>
            thease proceedings or for your owne priuate satisfac=<lb break="no"/>
            tion to which I cheifelye intend it. /
         </p>
         <fw type="catch" place="bot-right">To</fw>
         <pb n="163v" facs="/bl/add_ms_4149_part/add_ms_4149_f163v/add_ms_4149_f163v.jpg"/>
         <p>
            To set downe to Yo<ex>u</ex>r Honnor perfectlye as=<lb break="no"/>
            well the Introduction and beginninge of this bu <lb/>
            sines as the course and yssue to which it is brought <lb/>
            I must craue leaue to take it a litle higher <lb/>
            then my owne tyme yet dare affirme what I <lb/>
            shall saye therein to conteyne exactlie the truthe <lb/>
            as that which hath passed by my selfe, for that <lb/>
            I haue receaued it from his Mag<ex>es</ex>tiees owne mouthe <lb/>
            and after from my Lord Treasurer and have  <lb/>
            found it accknowledged by the principall Mi=<lb break="no"/>
            inster heere /
         </p>
         <p>
            Not longe after the concludinge of the peace be=<lb break="no"/>
            twixt his Magestye and the Kinge of Spayne <lb/>
            there fell out manye occasions of expostulatinge be=<lb break="no"/>
            tweene them both for diuers wrongs offered to his <lb/>
            Magestyes Subiects contrarye to the Articles of <lb/>
            Treatye as allsoe for the readines which was percei=<lb break="no"/>
            ued in the Kinge of Spayne to receiue fower per=<lb break="no"/>
            sons ill affected to his Magestye and the State, and <lb/>
            thereuppon his Magestye was content that it should <lb/>
            be play<ex>n</ex>lie tould to the Kings Embassadours re=<lb break="no"/>
            sidinge there Thet he obseruedsoe strange a pro=<lb break="no"/>
            ceedinge vpon the newe Amitye that he had <lb/>
            Cause to suspecte That the former allienation <lb/>
            was rather disguised for the contriuinge of some <lb/>
            future end then soe extinguished as he might safely <lb/>
            build vpon such a freindship whereuppon manye <lb/>
            arguments beinge vsed by diuerse of the Kings <lb/>
            Ministers in excuse of what had passed ymputing <lb/>
            some thinge vnto the slowe style of theire procee=<lb break="no"/>
            dings in Spayne and some other to the concurrance <lb/>
            in matter of conscience with those persons, that made <lb/>
            theire retreate into the Kings Dominions, and <lb/>
            for the better <del rend="strikethrough">and yt</del> Yntimateinge and expressinge <lb/>
            of this Kings cleere and sincere affections towards <lb/>
            his Magestye, both the <hi rend="italic">Conde de Villa Mediana </hi>in his <lb/>
            tyme and <hi rend="italic">Don Pedro de <sic>Zuinga</sic>
                </hi> since declared	 <lb/>
            and protested to knowe soe much of the Kings theire <lb/>
            Masters minde and good intents vnto His Magestye <lb/>
            <fw type="catch" place="bot-right">as</fw>
            <pb n="164r" facs="/bl/add_ms_4149_part/add_ms_4149_f164r/add_ms_4149_f164r.jpg"/>
            as if he would be pleased accordinge to nature <lb/>
            and Custome by both which the man iss to speake, <lb/>
            First to begin a motion for a marriage betwixt <lb/>
            the Prince of Wales, and the Infanta the same <lb/>
            should be soe well heard as should appeare <add place="above">
                    <ex>tha</ex>t</add> the <lb/>
            Kinge desired not onlye to continnue in amitye <lb/>
            but to vnite Himselfe by nearest alliance vnto His <lb/>
            Magestye my selfe beinge at the same tyme <lb/>
            appointed to come as His Magestyes Leidger Am=<lb break="no"/>
            bassadour into Spayne to supplye the place that <lb/>
            had bine 2 yeares vacant with charge to procure <lb/>
            some better satisfaction in the Marchaunts busines <lb/>
            then theye had yet receiued and beinge soe neere <lb/>
            my departure that I had my Instructions readye <lb/>
            drawne and perfected and had allsoe taken my leaue <lb/>
            of his Magestye thinkinge whithin a verrye fewe <lb/>
            dayes to haue begun my Iourneye  My Lord Trea=<lb break="no"/>
            surer vpon this newe Inuitation of the Ambassa=<lb break="no"/>
            dours sent me downe to Royston vnto his Magestye <lb/>
            to make him accquainted therewith whereuppon His <lb/>
            Magestye was pleased to giue me order howe to <lb/>
            behaue my selfe in the busines and caused a per=<lb break="no"/>
            ticulare Direction to be added and adioyned to my <lb/>
            former Instructions wherein before there was noe <lb/>
            kinde of mention for any such motion an euident <lb/>
            argument that the ouertures of the Ambassadours <lb/>
            (and the assurance he gaue His Mageestye that the <lb/>
            proposition should haue all kinde acceptance) were <lb/>
            the onlye motiues which caused his Magestye to  <lb/>
            propound the matche this beinge the true forme <lb/>
            in which this busines was by the Ambassadours <lb/>
            reuiued and by which his Magestye and this Kinge <lb/>
            haue proceeded. / .
         </p>
         <p>
            At my arriuall heere in Spayne hauinge procu=<lb break="no"/>
            red audience of this Kinge after I had presented <lb/>
            vnto Him His Magestyes kinde and affectionate sa=<lb break="no"/>
            lutations withall princelye offers of his loue and <lb/>
            freindshipp I tooke a perticulare notyce vnto him of <lb/>
            the ouerture made by <hi rend="italic">Don Alonsoe </hi>his Ambassadour <lb/>
            <fw type="catch" place="bot-right">and</fw>
            <pb n="165r" facs="/bl/add_ms_4149_part/add_ms_4149_f165r/add_ms_4149_f165r.jpg"/>
            and in His Magestyes name gaue Him thankes for <lb/>
            yeildinge soe cleere and apparent a testemonye <lb/>
            of his affection and then I declared the extraordinarye <lb/>
            vallewe and estimation His Magestye made of the <lb/>
            person and fortune of the Infanta in euerye respect <lb/>
            and that to shewe his willingnes to maytaine the a=<lb break="no"/>
            mitye and encrease the allieance betwixt them <lb/>
            he was willinge to laye hould of that which his Am=<lb break="no"/>
            bassadour had intymated and therefore had giuen <lb/>
            me Instructions to propound a marriage vnto him <lb/>
            for the Prince of Wales his Magestyes sonne and <lb/>
            Heire with the Infanta his Eldest Daughter, the <lb/>
            Kinge heerunto made answare that thease Teste=<lb break="no"/>
            monyes of his Magestyes loue, were verrye acceptable <lb/>
            vnto him and tould me concerninge this busines, the <lb/>
            Duke of <hi rend="italic">Lerma</hi> should haue order to treate with <lb/>
            me. .
         </p>
         <p>
            Within 2 or three Dayes the Duke of <hi rend="italic">Lerma </hi>came <lb/>
            hoame vnto me to mye House to whome when I had <lb/>
            signefied howe gratefull it was to His Magestye <lb/>
            to vnderstand of his good inclynation towards Him <lb/>
            and His estate I declared as much vnto him as former=<lb break="no"/>
            lye I did vnto the Kinge and tould him that herein <lb/>
            the Kinge had referred me to negotiate and treate  <lb/>
            with himselfe. / .
         </p>
         <p>
            The Duke then begun with a greate protestation <lb/>
            howe much he desired as greate strictnes and neere=<lb break="no"/>
            nes of amitye and alliance as might bee betwixt <lb/>
            the Crownes of England and Spayne and that by <lb/>
            his meanes this proposition had bine diuerse tymes <lb/>
            handled both by the <hi rend="italic">Conde De Villa Miediana</hi> and <lb/>
            since by <hi rend="italic">Don Pedro De <sic>Zuinga</sic>
                </hi>, as allsoe by <hi rend="italic">Don <lb/>
            Alonso </hi>nowe resident in England and that hee <lb/>
            well knewe of howe greate consequence it were <lb/>
            both for the good of Spayne and England to be soe <lb/>
            neerelye and freindlye vnited one thinge there <lb/>
            and which he apprehended as the greatest and <lb/>
            onlye difficultye which was the desparatie of Re=<lb break="no"/>
            ligion for the accommodatinge Whereof hee would <lb/>
            <fw type="catch" place="bot-right">make</fw>
            <pb n="165r" facs="/bl/add_ms_4149_part/add_ms_4149_f165r/add_ms_4149_f165r.jpg"/>
            make precise Iudgement beinge a thinge dependinge <lb/>
            on the pope And in which neither the Kinge nor the <lb/>
            State heere could make anye certayne determination <lb/>
            I then made him answare, that the Kinge my Master <lb/>
            would herein, haue to doe with noe other but the <lb/>
            Kinge and his Ministers, And I supposed that if <lb/>
            the popes Inclynation had not allreadye bine tryed <lb/>
            herein and there might be a probabillitye of his giuinge  <lb/>
            waye vnto the matche, I should haue thought, there <lb/>
            would not haue bine commission giuen to <hi rend="italic">Don Alonso <lb/>
            de Valasco</hi> to giue such encoarragements to the Kinge <lb/>
            my Master for the propoundinge of it (That if I <lb/>
            were not much mistaker I had heard. <hi rend="italic">Don Alonso</hi> <lb/>
            saye that the matche with <hi rend="italic">Sauoye</hi>had bine allready <lb/>
            propounded vnto the Pope and that he should seeme <lb/>
            not to be much auerse thereunto which match I con=<lb break="no"/>
            ceiued had bine a preparation and a waye giuen to <lb/>
            the other to which the Duke replyed that the Kinge <lb/>
            dependeth on none but <add place="above">me</add>, the Pope and that dependinge <lb/>
            he could not nor must not denye it, neyther could hee <lb/>
            proceede heerine without the Popes approbation, <lb/>
            And as for the matter of Sauoye though the Pope <lb/>
            should giue waye vnto it yet theire would be greate dif=<lb break="no"/>
            ference in thease Cases in Regard there might be <lb/>
            greates hopes of the Ladye Elizabeth hir conuersa=<lb break="no"/>
            tion beinge matched to a Catholique Cuntrye where=<lb break="no"/>
            as contrarye Wise there might be greate daunger of <lb/>
            the <hi rend="italic">Infantas </hi>peruersion, she beinge to bee matched <lb/>
            and soe to be gouerned by a Prince that was not <lb/>
            Catholike The which if the Kinge should suppose <lb/>
            he could not nor would he doe thoughe it were for the <lb/>
            sauinge of his Kingdome. / .
         </p>
         <p>
            I seeinge the Duke stande vppon soe stricte tearmes <lb/>
            desired him not to mistake my manner of proposition <lb/>
            which was with these <del rend="strikethrough">propositions</del> conditions and restric=<lb break="no"/>
            tions That if the motion should not be reeceiued with  <lb/>
            full as much forwardnes of disposition from the Kinge <lb/>
            of Spaine as from the Kinge my Master in his de=<lb break="no"/>
            sires of hauinge it effected this busines will quickelye <lb/>
            <fw type="catch" place="bot-right">bee</fw>
            <pb n="165v" facs="/bl/add_ms_4149_part/add_ms_4149_f165v/add_ms_4149_f165v.jpg"/>
            be at an ende For that I haue noe Commission to <lb/>
            treate vntill I should be assured both that the propo=<lb break="no"/>
            sition in generall was verrye wellcome vnto him <lb/>
            and that theie should vndertake the Cleeringe of such <lb/>
            Difficultyes as one theire sydes might arise. Soe <lb/>
            that vnlesse this by them might be vndergone, the <lb/>
            yssue of this busines I conceiued <del rend="strikethrough">would or</del> was like <lb/>
            to be noe other; but the Kinge my M<ex>aste</ex>r had expressed <lb/>
            a willignes to laye hould of any Intimation, that <lb/>
            this Kinge should make, of workinge a greater neere=<lb break="no"/>
            nes and strictnes betweene them  The Duke then <lb/>
            seemed to be a litle altered with theise my directions <lb/>
            and began to quallefie his manner of Speechee tellinge <lb/>
            mee hee well knewe greate good and happines that <lb/>
            might arise not onlye to the Crownes but to the <lb/>
            Christiaan world in generall if this matche might <lb/>
            take effecte and that which hee nowe had sayd was <lb/>
            not ny waye of answare but by waye of proposition <lb/>
            of the onlye difficullties he foresawe, But that <lb/>
            the Kinge had giuen him order that herein shortlye <lb/>
            I should receiue an answare the care whereof hee  <lb/>
            would vndertake, Willinge me to assure my selfe <lb/>
            that it should be such as should be agreeable both to <lb/>
            the Kinge my Masters honnor and full satisfaction <lb/>
            vppon thease tearmed then, wee parted. / .  
         </p>
         <p>
            I then suffered them to take theire leisure of a monthe <lb/>
            or Six weekes withoute <del rend="strikethrough">suffering th</del> vsinge any <lb/>
            newe instance vntill theire staye was such as, I <lb/>
            held it expedient to presse them, for an answare <lb/>
            and to make meanes for a newe accesse vnto the <lb/>
            Kinge one whome I was Commaunded to waite  <lb/>
            at the Escuriall my audience with him was  <lb/>
            verrye shorte beinge againe referred by him to <lb/>
            the Duke of Lerma whome I then found verrye <lb/>
            sicke of a Fever, and soe offered to haue attended <lb/>
            him. some other daye, or hower, of his better dispo=<lb break="no"/>
            sition but he intreated me to sitt downe by him <lb/>
            and tould me he would breiflye signefye vnto me <lb/>
            the Substance of the Kings answare which should be <lb/>
            <fw type="catch" place="bot-right">more</fw>
            <pb n="166r" facs="/bl/add_ms_4149_part/add_ms_4149_f166r/add_ms_4149_f166r.jpg"/>
            more at large declared vnto me by <hi rend="italic">Don John de <lb/>
            Ideaques</hi> whoe was  there then p<ex>re</ex>sent, he then willed <lb/>
            mee to signefie vnto the Kinge my M<ex>aste</ex>r that this <lb/>
            proposition
         </p>
         <p>
            And gratefull to this Kinge takinge it as an assured  <lb/>
            Testemonye of his affection and good will towards him <lb/>
            And as he had found a direct and worthye proceedinge <lb/>
            from the Kinge, in the propoundinge it soe would <lb/>
            he vse much sincerritye and directnes in the an=<lb break="no"/>
            sware, For that the truth was, that before his ouer=<lb break="no"/>
            ture made by me in the Kings name for the Prince  <lb/>
            of Wales  with the Infanta the Lady Anna the <lb/>
            Kinge was elswheare engaged, And that the reason <lb/>
            whye my answare had byne soe longe delayed was <lb/>
            to see howe other Treatyes <del rend="strikethrough">might</del> which were allreadye <lb/>
            one foote proceeded To the end that if the King should <lb/>
            haue found himselfe free of all such engagements <lb/>
            and promise as he had formerlye made he might <lb/>
            haue giuen that acceptance which he desired to this <lb/>
            proposition  The which he nowe could not doe on <lb/>
            the behalfe of the eldest daughter the Ladye Anna <lb/>
            because those promisses and encouragements which <lb/>
            he formerlye had made were proceeded in with greate <lb/>
            likelyhood of taking effect. But such was his perticulare <lb/>
            desire of giuinge satisfaction to the Kinge That <lb/>
            hauinge other Daughters borne of the same Father <lb/>
            and Mother and of equall deerenes and esteeme <lb/>
            vnto him, that if for eyther of them it should please <lb/>
            the Kinge, to make a motion for the Prince of <lb/>
            wales, yf that the Kinge did thinke the matter of <lb/>
            Relligion might be accommodated and withoute daun=<lb break="no"/>
            ger that this Kings Daughter to be altered or peruer=<lb break="no"/>
            ted from in Relligion, The Kinge there wwould be <lb/>
            verrye willinge vnto it and would vpon His Magest=<lb break="no"/>
            tyes answare heerine which he wished me to procure <lb/>
            giue order for the negotiatinge heerin to the Kings <lb/>
            full contentment he then tould me what he sayd should <lb/>
            be more amplye deliuerd vnto me by <hi rend="italic">Don John</hi> <lb/>
            <fw type="catch" place="bot-right">
                    <hi rend="italic">Ideaques</hi>
                </fw>
            <pb n="166v" facs="/bl/add_ms_4149_part/add_ms_4149_f166v/add_ms_4149_f166v.jpg"/>
            <hi rend="italic">Ideaques</hi> to whome I might likewyse saye anye <lb/>
            thinge I had to speake for that his Indisposition <lb/>
            was such that with much payne he had forced him=<lb break="no"/>
            selfe to saye thus much And soe I was accompa=<lb break="no"/>
            nyed to my Chamber, by <hi rend="italic">Don John Adenques</hi>, and <lb/>
            <hi rend="italic">Don Roderigo Calderon</hi> from <hi rend="italic">Don John </hi>I receiued <lb/>
            the same answare in effecte, that I had done though <lb/>
            somewhat more enlarged, w<ex>i</ex>th whoume though I held <lb/>
            it to litle purpose to argue or expostulate. Yet when <lb/>
            theye vrged the Kings former argument to bee <lb/>
            longe before my ouerture, I replyed that I much <lb/>
            wondred at it since the motiues which had incyted <lb/>
            the Kinge my M<ex>aste</ex>r to this ouerture, had proceeded <lb/>
            from <hi rend="italic">Don Alonso</hi> theire Ambassadour nowe Resi=<lb break="no"/>
            dent in England whoe had not onlye assured the <lb/>
            Kinge my M<ex>aste</ex>r  formerlye That if he should be <lb/>
            pleased to make his motion it should receiue a <lb/>
            gratious acceptance and an honorable answare <lb/>
            But likewyse of late vppon the Instant of my de <lb/>
            parture he confirmed that he was newelye instruc=<lb break="no"/>
            ted from the Kinge That in case the Alliance <lb/>
            with the Prince were then spoken of, not onlye <lb/>
            not to refuse it, but to ymbrace it, as a matter that <lb/>
            should be most agreable to his Kinge if matter of <lb/>
            Relligion might be accommodated, <hi rend="italic">Don Roderigo </hi>sud=<lb break="no"/>
            dainlye and peremptorilye denyed his hauinge any <lb/>
            such directions from hence, seeinge it could not be <lb/>
            for that this Treatye had bine manye monethes <lb/>
            in speeche but <hi rend="italic">Don John Ideaques</hi> seemed to <lb/>
            quallefye or rather wittelye to excuse it by takinge <lb/>
            of the generall word alliance, sayinge it might <lb/>
            be that he might haue directions in Case the <lb/>
            Alliance <del rend="strikethrough">with</del> <add place="above">of</add> the Prince with Spayne should be <lb/>
            spoken of he should not refuse it For that it then <lb/>
            was and is still desired though not perticulerlye  <lb/>
            with the Kings Eldest Daughter concerninge whome  <lb/>
            <fw type="catch" place="bot-right">the</fw>
            <pb n="167r" facs="/bl/add_ms_4149_part/add_ms_4149_f167r/add_ms_4149_f167r.jpg"/>
            the Kinge had byne allreadye manye moneths en=<lb break="no"/>
            gaged by promise theie seemed much to desire that <lb/>
            the Kinge might rest satisfied with his answare <lb/>
            Tellinge me, that there was litle aduantage in the <lb/>
            mayne, with Daughters, for that the Kinge much <lb/>
            esteemed and would doe as much for the Younger  <lb/>
            as for the Elder. / .
         </p>
         <p>
            I tould them I knewe not, how the Kinge my M<ex>aste</ex>r <lb/>
            might rest satisfyed herewith yet I could not but re=<lb break="no"/>
            ceiue manye differences betweene the Younger and <lb/>
            the eldest daughter First that Kingdomes come not <lb/>
            into diuision and then that a Prince of Nyne yeares <lb/>
            of age should be marryed to a Ladye Elder then <lb/>
            himselfe and annother of Eighteene should be moo=<lb break="no"/>
            ued to tarrye for an Infanta of six Yeares.
         </p>
         <p>
            And this is the effecte of that which passed at that tyme <lb/>
            whereof I presentlye gaue an accounte vnto His Ma=<lb break="no"/>
            gestye and thereuppon receiued directions to make vnto <lb/>
            them this replye That the Kinge my M<ex>aste</ex>r found theire <lb/>
            answare two certaine <unclear>in</unclear> it soe manye incongru=<lb break="no"/>
            ityes and vnexpected passages, that he had held <lb/>
            it fitt to call this Kings Ambassadour  to a con=<lb break="no"/>
            ferrence with the Lords of his Councell for <lb/>
            the Iustefyinge of what had passed from him and <lb/>
            had likewyse Commaunded me to vnderstand <lb/>
            from this Kinge the reasons of thease proceedings <lb/>
            which he found both vnsuteable to his expectation <lb/>
            and noe waye to answare the promise of his <lb/>
            Ambassadour for that he had not onlye assured <lb/>
            my M<ex>aste</ex>r in former tymes that if he should be <lb/>
            pleased to propounde a Match, for the Prince <lb/>
            of Wales with the Infanta this Kings Eldest <lb/>
            Daughter, he should receiue an honourable end <lb/>
            or kinde answare, but allsoe verrye fewe dayes <lb/>
            before my departure he confirmed his <lb/>
            former speeches <del rend="strikethrough">of</del> <add place="above">in</add> his Kings name <del rend="strikethrough">aff</del> accknowledginge <lb/>
            <fw type="catch" place="bot-right">that</fw>
            <pb n="167v" facs="/bl/add_ms_4149_part/add_ms_4149_f167v/add_ms_4149_f167v.jpg"/>
            that by a late direction from hence, he was newlye <lb/>
            instructed that in case the Alliance of the Prince <lb/>
            of Wales were spoken of England that he should <lb/>
            not onlye not refuse it, but ymbrace it as a thinge <lb/>
            That should be most agreable to his Magestye if <lb/>
            matter of Relligion might be accommodated <lb/>
            Nowe the Kinge my M<ex>aste</ex>r Seeinge that those encou=<lb break="no"/>
            ragements giuen by the Ambassadours were <lb/>
            soe contrarye to what he found heere For ha=<lb break="no"/>
            uing but 2 Moneths before receiued <add place="above">assurance</add> that if hee <lb/>
            propounded the matche for the Prince with the <lb/>
            Infanta maior  it should finde kinde acceptance, that <lb/>
            he should nowe receiue answare that shee was <add place="above">nowe</add> allreaaddye <lb/>
            disposed of his Magestye could not heere but Iudge <lb/>
            That eyther his Kings proceedings were not with <lb/>
            that cleerenes that he expected or that the Ambassa=<lb break="no"/>
            dour whome the kinge mye M<ex>aste</ex>r had cause in all <lb/>
            things to beleeue, hauinge the Publique faythe and <lb/>
            credence of his Kinge had heerein  much exceeded <lb/>
            wherein his Magestye desired first to receiue satis=<lb break="no"/>
            faction, for that he was aduertized from my selfe <lb/>
            That some of the Kings principall Ministers <lb/>
            here absolutelye denyed to me That any such <lb/>
            directions <del rend="strikethrough">were</del> <add place="above">or Com<ex>m</ex>ission was</add> giuen to the sayd Ambassadour <lb/>
            His Magestye therefore thought it fitt ro haue this <lb/>
            point cleered whither he had anye warrant  <lb/>
            from his Kinge to speake that which was spoken <lb/>
            or not For that whensoeuer it should appeare <lb/>
            that any publique Minister should soe much for=<lb break="no"/>
            get himselfe as to deliuer that in the person of <lb/>
            his M<ex>aste</ex>r which is but his owne or hauinge spoken <lb/>
            the truth should afterwards be disavowed by those <lb/>
            that ymployed him one of thease 2 things must  <lb/>
            followe  That he is eyther become unworthye of <lb/>
            his place he houldeth by his owne Act, or made <lb/>
            vnworthie by his M<ex>aste</ex>r Hauinge declared this both <lb/>
            to the Kinge <sic>a</sic> Duke of Lerma, from the Duke in <lb/>
            <fw type="catch" place="bot-right">the</fw>
            <pb n="168r" facs="/bl/add_ms_4149_part/add_ms_4149_f168r/add_ms_4149_f168r.jpg"/>
            the Kings name I receiued this answare That it <lb/>
            was true, That his Magestye had greate reason to <lb/>
            take exceptions and to be displeased with this <lb/>
            manner of proceedinges, yf that this Ambassa=<lb break="no"/>
            dour had in this sorte dealte with his Magestye <lb/>
            but that hee heerein must absolutlye, Cleere the <lb/>
            Kinge whose proceedings were and euer should <lb/>
            be with much loue and sincerritye vnto His Ma=<lb break="no"/>
            gestye and that the blame and faulte thereof must <lb/>
            light uppon the Ambassadour, whoe hath receuiued <lb/>
            noe such Commission, nor Direction from hence <lb/>
            tellinge me it was Iustice, first to heare there <lb/>
            Ambassadour before theye could proceede against <lb/>
            him but in Case he should not Cleere himselfe <lb/>
            But that hee had proceeded in the matter which <lb/>
            I had sett downe, The Coursse which his Kinge <lb/>
            would take with his Ambassadour, should be both <lb/>
            fullye and sufficientlye to giue his Magestye sa=<lb break="no"/>
            tisfaction, and witnes that this Kinge had giuen <lb/>
            noe such Commission he then desired to knowe <lb/>
            the perticulares which I alleaged, the Ambassadours <lb/>
            had sayd to his Magestye The which I repeated  <lb/>
            vnto him in this Manner. . /
         </p>
         <p>
            First uppon the Motion of the Matche with Sauoye <lb/>
            he tould his Magestye that in case he would be plea=<lb break="no"/>
            sed to make the like ouerture vnto the Kinge his <lb/>
            Master for the Prince his highnes with the In=<lb break="no"/>
            fanta his Kings daughter hee did assure him=<lb break="no"/>
            selfe that his Magestye should receaue a kinde and  <lb/>
            honorable answare. / .
         </p>
         <p>
            Secondlye in Aprill 1611. hee confirmed his former <lb/>
            speeches in the Kinge his Masters name accknow=<lb break="no"/>
            ledginge to be newe instructed from Spaine that  <lb/>
            in Case the Allieance for the Princes Highnes <lb/>
            were spoken of in England he should not refuse <lb/>
            it but ymbrace it as a thinge which should be most <lb/>
            agreeable to his Kinge if matter of Relligion might <lb/>
            bee accommodated. / .
         </p>
         <fw type="catch" place="bot-right">Thirdlye</fw>
         <pb n="168v" facs="/bl/add_ms_4149_part/add_ms_4149_f168v/add_ms_4149_f168v.jpg"/>
         <p>
            Thirdlye and lastlye he confirmed in a Conferrence <lb/>
            with the Lords of his Magestyes Priuye Councell <lb/>
            that he was warranted, and Authorized to heare <lb/>
            and ymbrace any ouerture for the Princes=<lb break="no"/>
            Highnes concerninge the Ifanta maior and that <lb/>
            vppon Iust and reasonable Conditions soe that <lb/>
            meanes might be made, for the matter of accommo=<lb break="no"/>
            datyinge Relligion all which; <hi rend="italic">Coniunction</hi> and without <lb/>
            allowinge some thinge and disannullinge the rest. <lb/>
            The Duke of Lerma in his Kings name absolutlye  <lb/>
            disauowed denyinge that any such Commission  <lb/>
            had byne giuen vnto him The Duke then seemed <lb/>
            much to Labour to expresse his Kings affection <lb/>
            and good intents to his Magestye alleadginge indeed <lb/>
            that it was true that theire had bine formerlye <lb/>
            some Speeche of the Conueniencye of this matche <lb/>
            but seeinge it in noe kinde proceeded in The  <lb/>
            Kinge had taken the resolution which was nowe <lb/>
            likelye to take effecte For the bestowinge His eldest <lb/>
            daughter vppon the Kinge France, But that all <lb/>
            other meanes of entringe <add place="above">into</add> alliance with his Ma=<lb break="no"/>
            gestye by bestowinge anye other of His Daughters <lb/>
            vppon the Prince, His Kinge had Willinglye <lb/>
            offerred and was readye to performe, (yf matter <lb/>
            of Relligion might be accommodated askinge me <lb/>
            whither I had noe answare concerninge this offer <lb/>
            which his Kinge had made vnto him I tould  <lb/>
            him I had therein as yet receiued noe <del rend="strikethrough">answare</del> <lb/>
            directions at all, and for this tyme we concluded <lb/>
            and parted this beinge in the midest of Septem=<lb break="no"/>
            ber 1611. . 
         </p>
         <p>
            In the beginninge of Februarye next followinge <lb/>
            I havinge occasion for manye businesses of the <lb/>
            Marchaunts to repaire vnto the Duke after longe <lb/>
            discourse therein he expressinge an extraordinarye  <lb/>
            desier that all things might be carryed with <del rend="strikethrough">as</del> much <lb/>
            loue and freindshipp betwixt theire Magestyes <lb/>
            and that a greater neerenes might be wrought  <lb/>
            <fw type="catch" place="bot-right">betwixte</fw>
            <pb n="169r" facs="/bl/add_ms_4149_part/add_ms_4149_f169r/add_ms_4149_f169r.jpg"/>
            betwixte them if it were possible, asked me whither <lb/>
            I had yet noe directions concerninge his Kings <lb/>
            last proffer I tould him not, Then fallinge into <lb/>
            manye discourses of hauinge England and Spaine <lb/>
            vnited he tellinge me there were verrye fewe <lb/>
            Kings Daughters nowe left in Christendome, <lb/>
            And that in the Matches of greate Princes there were <lb/>
            commonlye greater inconueniences then the disproportion <lb/>
            of some fewe yeares <del rend="strikethrough">urged</del> <add place="above">and vrginge</add> me to speake what I <lb/>
            conceiued thereof I tould him that oute of the con=<lb break="no"/>
            fidence I had in him, and forthe expressinge of <lb/>
            my owne good inclynation, of doeinge all good of=<lb break="no"/>
            fices betwixt theire Magestyes, whome I conceiued <lb/>
            were both well inclyned, to vnyte themselues more <lb/>
            neerelye, if a fitt meanes could be found for them <lb/>
            I tould him both what I thought in this perticulare <lb/>
            and what should be the most probable meanes of <lb/>
            workinge such an effecte, I then sayd that the Kinge <lb/>
            my M<ex>aste</ex>r hauinge onlye 2 sonnes I supposed he <lb/>
            would regarde noe one thinge, soe muche in the <lb/>
            matche of the Prince as the hope of a plentifull, <lb/>
            and speedye yssue, And the Prince beinge all=<lb break="no"/>
            readye at mans Estate, and his Kings younger <lb/>
            daughter, beinge but six yeares of age, hee <lb/>
            should be forced to the attendance of manye yeares <lb/>
            and the prime of his Youth be spent before <del rend="strikethrough">he</del> <add place="above">there</add> <lb/>
            could <del rend="strikethrough">haue</del> <add place="above">be hope of</add> any yssue by him which considderati=<lb break="no"/>
            on , I apprehended was the causs which made his <lb/>
            Magestye , take soe much deliberation in giuinge  <lb/>
            answeare vnto this proffer, But yet if he would  <lb/>
            giue me leauee meerelye, and as s priuate gen=<lb break="no"/>
            tleman, and hauinge noe other Commission, but <lb/>
            the Warrant Dormant, which all other Leidger <lb/>
            Ambassadours haue,to propound and discourse of <lb/>
            all things, which theye thinke maye tend, to the <lb/>
            encreasinge of Amitye, and good correspondencye, <lb/>
            <fw type="catch" place="bot-right">betwixt</fw>
            <pb n="169v" facs="/bl/add_ms_4149_part/add_ms_4149_f169v/add_ms_4149_f169v.jpg"/>
            betwixt the Princes where theye are ymployed <lb/>
            I should be glad to expresse my good intentions <lb/>
            and desires in nthis kinde by declaringe vnto <lb/>
            him all the most likelye and probable wayes w<ex>hi</ex>ch <lb/>
            I should foreseen for the producinge of such an <lb/>
            effecte and soe amongst other things tould him <lb/>
            that <add place="above">I supposed</add> a Daughter of Sauoye beinge soe suteable <lb/>
            in Yeares and soe neere in blood to his Kinge <lb/>
            might by being taken into his care and beinge as <lb/>
            it were adopted a Daughter of his and made <lb/>
            fitt by him in regard of hir fortunes as shee was <lb/>
            in all things else to be a wife vnto the Prince <lb/>
            shee might verrye well proue a fittinge Subiect <lb/>
            to sett the mutuall desires which I conceiued  <lb/>
            were in both theire Magestyes of vnityng them=<lb break="no"/>
            selues a Workinge, . / . /
         </p>
         <p>
            The Duke thanked me verrye muche both for the <lb/>
            free proceedinge with him And for the good <lb/>
            Inclynation which I expressed of workinge a  <lb/>
            greater neerenes betwixte theire Magestyes <lb/>
            tellinge me He would considder of what I had <lb/>
            sayd seeinge much to approue it and shortlye <lb/>
            againe would send for mee that wee might <lb/>
            conferre further thereof. I earnestlye entrea=<lb break="no"/>
            ted him because that this was a meere proiect  <lb/>
            or proposition of my owne without anye kinde of <lb/>
            Authorritye and direction that it might passe <lb/>
            with much sylence and secresye and that it should <lb/>
            appeare vppon better considderation, not conue=<lb break="no"/>
            nient that it should be proceeded further in That <lb/>
            it might dye betwixt vs two, least my good in=<lb break="no"/>
            tentions might perhaps <unclear>
                    <del rend="strikethrough">img</del>
                </unclear> turne vnto preiudice <lb/>
            the which he was pleased not onlye to promise <lb/>
            but verrye Sollemnlye to sweare vnto it. / <lb/>
            Within some Fewe dayes the Duke sent to call me		 <lb/>
            <fw type="catch" place="bot-right">vnto</fw>
            <pb n="170r" facs="/bl/add_ms_4149_part/add_ms_4149_f170r/add_ms_4149_f170r.jpg"/>
            vnto him, and then signefyed vnto me howe well <lb/>
            my good intents and desire of doeinge all good offi=<lb break="no"/>
            ces were accepted and perticularelye my last dis=<lb break="no"/>
            course that I had with him, and that he would re=<lb break="no"/>
            quite my proceedings with a reall Freenes, for <lb/>
            that though the busines of Sauoye wherein I had <lb/>
            spoken, might haue my probabillitye of takeinge <lb/>
            effecte Yet as the Case nowe stoode, he thought <lb/>
            the present noe fitt tyme to deale in it. For <lb/>
            in regarde that his Kinge had made an offer of his <lb/>
            owne Daughter to which his Magestye as yet had <lb/>
            giuen noe answare hee held it conuenient that <lb/>
            this or any other proposition of this nature might <lb/>
            be respited and suspended vntill the busines of <lb/>
            his Kings owne Daughter might be fullye clee <lb/>
            red in which he conceiued his Magestye had nowe <lb/>
            taken muche leasure and therefore required me <lb/>
            heerein to require his Magestyes resolution. <lb/>
            Thereuppon I wrote vnto his Magestye, that in a <lb/>
            late conferrence betweene the Duke, and my selfe, <lb/>
            in which manye discourses passed betwixt vs, and <lb/>
            I utteringe my pruiate thoughts, of such things <lb/>
            as I held probable to produce, a greater amitye, <lb/>
            and neerenes betwixt theire Magestyes the <lb/>
            Duke declared vnto me, that the Kinge his M<ex>aste</ex>r <lb/>
            was in expectation to receiue from His Magestye <lb/>
            a directe and certaine answare, concerninge the <lb/>
            ouerture for a matche betweene the <hi rend="italic">Prince of <lb/>
            Wales</hi> and this Kings second daughter. <lb/>
            I writt vnto you this passage though it were a <lb/>
            thinge meerelye my owne without anye kinde <lb/>
            of instructions from His Magestye for thease two <lb/>
            regardes, First, For that I ame heerein soe desirous <lb/>
            to sett downe the truthe that I cannot conceale soe <lb/>
            essentiall a Circumstance, thoughe I were certaine <lb/>
            to incurre greate blame for it. / .
         </p>
         <fw type="catch" place="bot-right">Secondlye</fw>
         <pb n="170v" facs="/bl/add_ms_4149_part/add_ms_4149_f170v/add_ms_4149_f170v.jpg"/>
         <p>
            Secondlye for that this occasion drewe from his Magestye <lb/>
            his answare to thi Kings offer, of his yonger daughter <lb/>
            whereby the busines beinge againe reuiued hath bine <lb/>
            brought to that Finall yssue where I conceiue it is  <lb/>
            like to staye.
         </p>
         <p>
            His Magestye uppon this Instance of myne, for his <lb/>
            answare First directed me to alleadge the reasonnes <lb/>
            which hitherto deteyned him from makinge any replye <lb/>
            and then to make answare in this manner That in <lb/>
            the offer made by this Kinge of his Younger Daughter <lb/>
            both as it was deliuered vnto <del rend="strikethrough">him</del>
                <add place="above">my</add>selfe and likewise <lb/>
            as it was confirmed by this Kings Ambassadours <lb/>
            there his Magestye  still founde this Clause and <lb/>
            condition incerted That his Kinge would be most <lb/>
            willinge to entertaine a motion for a matche be=<lb break="no"/>
            tweene the Prince of Wales and any of his younger <lb/>
            Daughters if matter of Relligion might be accom=<lb break="no"/>
            modated, And therefore to the end that all procee=<lb break="no"/>
            dings betweene them, might be with much Cleere=<lb break="no"/>
            nes he commanded me to mooue the Kinge that <lb/>
            he would be pleased to declare the intent of this cla=<lb break="no"/>
            use, and what was meant and accepted in the ac=<lb break="no"/>
            commodatinge of matter of Relligion and whye <lb/>
            that difficultye was soe often represented Thus <lb/>
            much I deliuered vnto the Kinge and to the <hi rend="italic">Duke <lb/>
            of Lerma</hi> From whome after the deliberation of <lb/>
            two monethes I receiued this replye, That the Kinge <lb/>
            His M<ex>aste</ex>r out of the desire he had to make alliance <lb/>
            with his Magestye, had consulted with the Pope, and <lb/>
            other graue personnes, requesite for soe weightye <lb/>
            a busines, and yf that for the accommodatinge of <lb/>
            Relligion the Prince would become a Romaine<hi rend="italic"> </hi>Ca=<lb break="no"/>
            tholike he would willinglye embrace and esteeme <lb/>
            him as his owne deere sonne I tould him that in such <lb/>
            Treatyes and negotiations betweene Princes there <lb/>
            was a greate differrence betwixt what might be wished <lb/>
            and desired, and what was resolutelye demanded and <lb/>
            that I conceiued the Kinge rather expressed heerein <lb/>
            what he would be glad might be then what I expected <lb/>
            <fw type="catch" place="bot-right">should be</fw>
            <pb n="171r" facs="/bl/add_ms_4149_part/add_ms_4149_f171r/add_ms_4149_f171r.jpg"/>
            should be but that my directions <del rend="strikethrough">should</del> were to intreate <lb/>
            this Kinge what he would be pleased to declare not <lb/>
            what he could wishe but what he could demaund The <lb/>
            Duke then answared that without the Princes beinge <lb/>
            a Catholike it was not possible but that the peruersion <lb/>
            of the Kings Daughter must needs be hazarded which for <lb/>
            the world hee would neither be the directe nor indirect <lb/>
            Cause of Heereuppon I signefied to the Duke that the <lb/>
            Kinge my M<ex>aste</ex>r had giuen mee directions Howe to behaue  <lb/>
            my selfe accordinge to the answare which I should receiue <lb/>
            And therefore I intreated him for a daye or two to giue <lb/>
            me leaue to conferre this answare with my directions.  <lb/>
            And that he would giue me <del rend="strikethrough">leaue</del> accesse vnto him <lb/>
            and procure me audience with the Kinge for the further <lb/>
            proceedings in tthis busines as the Kinge my M<ex>aste</ex>r had <lb/>
            Commanded me.
         </p>
         <p>
            Within 2. or 3. dayes after I was appointed to retourne  <lb/>
            againe vnto the Duke to whome at First I made repe=<lb break="no"/>
            tition of the answare which the last daye I had receiued <lb/>
            from him the which he likewyse confirmed then And  <lb/>
            I then desired him to considder some fewe grownds  <lb/>
            which I should laye unto him the which beinge p<ex>re</ex>sup=<lb break="no"/>
            posed, I conceiued he could not but thinke that the re=<lb break="no"/>
            plye which the Kinge my M<ex>aste</ex>r had Commanded me to <lb/>
            make was grownded uppon much equitye and honnor <lb/>
            The First thinge I desired the Kinge should consid=<lb break="no"/>
            der, was that when his Magestye dealte with him <lb/>
            and his Ministers he p<ex>re</ex>sumed soe much of the Equi=<lb break="no"/>
            tye of this Kings Iudgement and promissed himselfe <lb/>
            soe much of his affections, and respect vnto him,  <lb/>
            as hee should neuer heare from him anye demand <lb/>
            vnworthye of him or which this Kinge would not iudge <lb/>
            <unclear>f</unclear>ittinge to be propounded vnto himselfe, were the <lb/>
            Kinge my M<ex>aste</ex>rs Case his owne. / 
         </p>
         <p>
            The second thinge which I desired <del rend="strikethrough">was </del>that this <lb/>
            Kinge should knowe and beleeue was that there was <lb/>
            noe Prince whatsoeuer more confident and certaine <lb/>
            in the truthe of his Relligion then the Kinge my M<ex>aste</ex>r <lb/>
            <fw type="catch" place="bot-right">was</fw>
            <pb n="171v" facs="/bl/add_ms_4149_part/add_ms_4149_f171v/add_ms_4149_f171v.jpg"/>
            was in his in which he was not onlye to liue, and dye <lb/>
            but for the protection and defence thereof had by seue=<lb break="no"/>
            rall meanes declared himselfe as farre and would <lb/>
            euer be readye to aduenture as much for the maint=<lb break="no"/>
            nance thereof as any Prince liuinge should doe. . / <lb/>
            Thirdlye I desired it might be remmembred that <lb/>
            thoughe it be true that the Kinge my M<ex>aste</ex>r caused the pro=<lb break="no"/>
            position for the Prince with the <hi rend="italic">Infanta maior </hi>to be <lb/>
            made yet hee was First moued and incyted there=<lb break="no"/>
            unto by the assurance which the Kings Ambassadors <lb/>
            gaue unto him howe welcome this motion would be  <lb/>
            vnto his M<ex>aste</ex>r and for that which nowe hath passed <lb/>
            in this of the second daughter it hath likewyse onlye <lb/>
            stirred and mooued from hence by the offer of hir <lb/>
            made by this Kinge And to this offer beinge thus <lb/>
            accompanied with thease demannds and Condic<ex>i</ex>ons <lb/>
            I was oute of thease grownds by the directions of <lb/>
            the Kinge my M<ex>aste</ex>r to make this answare that where=<lb break="no"/>
            as it is demaunded that to matche with this Kings <lb/>
            second daughter the Prince should become a Romane <lb/>
            Catholike the Kinge my M<ex>aste</ex>r desires to referre it to <lb/>
            the Kings owne Iudgement what Censure that <lb/>
            Kinge should deserue, both from the hand of God and <lb/>
            the World, that haueinge soe manye wayes expressed <lb/>
            his Constancye and loue to the Faythe and Relligion <lb/>
            which hee professeth should shewe himselfe soe full <lb/>
            of impietye and dishonnour as to perswade his sonne <lb/>
            to make a Change of a Soule for a Wife or any earth=<lb break="no"/>
            lye fortune whatsoeuer, And if this Kinge would <lb/>
            not for a world, (as he professeth) be the directe or <lb/>
            indirecte Cause of the hazard of his daughters per=<lb break="no"/>
            uersion The Kinge maye be pleased to considder <lb/>
            That if hee therein be exacte as befittethe a Kinge in <lb/>
            point of Relligion and Honnor The Kinge my M<ex>aste</ex>r <lb/>
            is likewyse in noe degree lesse and therefore hath Com=<lb break="no"/>
            manded me plainlye to declare that though he could <lb/>
            not but make a kinde and Princelye Construction <lb/>
            <fw type="catch" place="bot-right">of</fw>
            <pb n="172r" facs="/bl/add_ms_4149_part/add_ms_4149_f172r/add_ms_4149_f172r.jpg"/>
            of the offer which this Kinge made of his Daugh=<lb break="no"/>
            ter as iudginge hir most worthie of any Prince  <lb/>
            whatsoeuer, Yet for this demaund of the Prince his <lb/>
            <del rend="strikethrough">beinge a Catholike</del> becomeinge a Romane Catho=<lb break="no"/>
            like the Kinge my M<ex>aste</ex>r holdethe it vnworthie him <lb/>
            and would absolutlye refuse to bestowe the Prince His <lb/>
            Sonne uppon thease Conditions <del rend="strikethrough">off</del> were the performe  <lb/>
            offered sole heire of the Monarchye of the whole world <lb/>
            Heerunto the Duke made litle answare not expecting <lb/>
            I conceiue soe direct and conclusiue a proceedinge , on=<lb break="no"/>
            lye sayd that his Kinge did suppose that good might <lb/>
            haue bine pleased to haue made this the meanes for <lb/>
            reduceing the Prince, and England to the Catholike <lb/>
            Relligion and soe from the Duke I went vnto the <lb/>
            Kinge with whome I was appointed at that tyme to <lb/>
            haue audience vnto whome I made a full and ample <lb/>
            relation of the Whole course of the businesse and per=<lb break="no"/>
            ticularelye signefyed  vnto him, the answares which in <lb/>
            his name I had receiued from the Duke of Lerma and <lb/>
            likewyse his Magestyes replye he tould me Hee tould <lb/>
            me the duke of <hi rend="italic">Lerma</hi> had in all things proceeded as <lb/>
            hee directed him and therefore he would onlye con=<lb break="no"/>
            firme thease answares which I had allreadye recei=<lb break="no"/>
            ued from him.
         </p>
         <p>
            Thus hauinge made vnto you a true and exacte <lb/>
            relation howe this busines hath bine hitherto carri=<lb break="no"/>
            ed I will referre the Iudgement  thereof to your owne <lb/>
            wisdome, onlye those passages I haue Commended  <lb/>
            vnto you as most remarkeable. / <lb/>
            First <del rend="strikethrough">the</del> <add place="above">that</add> his Magestyes proposition for the Kinge of <lb/>
            Spaine his Eldest Daughter was oute of the seuerall <lb/>
            inuitations of the Spannishe Ambassadours neither <lb/>
            can the dishonnor of theire indirecte proceedings be <lb/>
            remooued but that annother will necessarilye fall <lb/>
            uppon them, For if Princes shall not giue Creditte <lb/>
            and beleife vnto Ambassadours and likewyse sente <lb/>
            <fw type="catch" place="bot-right">publike</fw>
            <pb n="172v" facs="/bl/add_ms_4149_part/add_ms_4149_f172v/add_ms_4149_f172v.jpg"/>
            publike Ministers one after annother all meanes of ne=<lb break="no"/>
            gotiateinge betweene them wilbe taken awaye heerein <lb/>
            theye p<ex>re</ex>tend for the giuinge of his Magestye satisfaction <lb/>
            they haue reuoked theire Ambassadour and likewise <lb/>
            sent <hi rend="italic">Don Pedro de Zuinga</hi> vntill the Commandinge <lb/>
            of <hi rend="italic">Don Diego Sarmento de Acuna</hi> whome they haue <lb/>
            nominated to that purpose and ymployment. / .
         </p>
         <p>
            Secondlye in this busines concerninge the Younger <lb/>
            Daughter, neuer was in anye kinde any motions  <lb/>
            of his Magestyes but meerelye an offer of the Kinge <lb/>
            of Spaine Which God I conceiue appointed a fit=<lb break="no"/>
            tinge and a worthye meanes for his Magestye to <lb/>
            make declaration both to them heere and to the world <lb/>
            of his Constancye and resolution in the professinge <lb/>
            and protectinge his Relligion, Soe that I will con=<lb break="no"/>
            clude that if any thinge hath passed heerein lesse <lb/>
            honorable or lesse syncere then befitted the greatnes <lb/>
            of 2 soe mightye Princes there cannot soe much as <lb/>
            any reflextion of it lighte uppon his Magestye whose <lb/>
            proceedings Cleane throughe haue bine withall direct=<lb break="no"/>
            <seg rend="align-centre">
               nes Wheareas theye if theie maye not iustlye in=<lb break="no"/>
               curre the censure of some falshoode yet it cannot <lb/>
               be but a greate unlukines vnto them in a mat=<lb break="no"/>
               ter of soe greate consequence to be forced to <lb/>
               renounce theire Ambassadours neither <lb/>
               haue theye anye aduantage in <lb/>
               point of honnor that a Daughter <lb/>
               whose sex giueth euer the Pri=<lb break="no"/>
               uillidge to be sought be=<lb break="no"/>
               inge assured had not <lb/>
               beene accepted
            </seg>
         </p>
      </body>
   </text>
   <facsimile>
      <graphic n="1" url="/bl/add_ms_4149_part/add_ms_4149_f163r/add_ms_4149_f163r.jpg"/>
      <graphic n="2" url="/bl/add_ms_4149_part/add_ms_4149_f163v/add_ms_4149_f163v.jpg"/>
      <graphic n="3" url="/bl/add_ms_4149_part/add_ms_4149_f164r/add_ms_4149_f164r.jpg"/>
      <graphic n="4" url="/bl/add_ms_4149_part/add_ms_4149_f164v/add_ms_4149_f164v.jpg"/>
      <graphic n="5" url="/bl/add_ms_4149_part/add_ms_4149_f165r/add_ms_4149_f165r.jpg"/>
      <graphic n="6" url="/bl/add_ms_4149_part/add_ms_4149_f165v/add_ms_4149_f165v.jpg"/>
      <graphic n="7" url="/bl/add_ms_4149_part/add_ms_4149_f166r/add_ms_4149_f166r.jpg"/>
      <graphic n="8" url="/bl/add_ms_4149_part/add_ms_4149_f166v/add_ms_4149_f166v.jpg"/>
      <graphic n="9" url="/bl/add_ms_4149_part/add_ms_4149_f167r/add_ms_4149_f167r.jpg"/>
      <graphic n="10" url="/bl/add_ms_4149_part/add_ms_4149_f167v/add_ms_4149_f167v.jpg"/>
      <graphic n="11" url="/bl/add_ms_4149_part/add_ms_4149_f168r/add_ms_4149_f168r.jpg"/>
      <graphic n="12" url="/bl/add_ms_4149_part/add_ms_4149_f168v/add_ms_4149_f168v.jpg"/>
      <graphic n="13" url="/bl/add_ms_4149_part/add_ms_4149_f169r/add_ms_4149_f169r.jpg"/>
      <graphic n="14" url="/bl/add_ms_4149_part/add_ms_4149_f169v/add_ms_4149_f169v.jpg"/>
      <graphic n="15" url="/bl/add_ms_4149_part/add_ms_4149_f170r/add_ms_4149_f170r.jpg"/>
      <graphic n="16" url="/bl/add_ms_4149_part/add_ms_4149_f170v/add_ms_4149_f170v.jpg"/>
      <graphic n="17" url="/bl/add_ms_4149_part/add_ms_4149_f171r/add_ms_4149_f171r.jpg"/>
      <graphic n="18" url="/bl/add_ms_4149_part/add_ms_4149_f171v/add_ms_4149_f171v.jpg"/>
      <graphic n="19" url="/bl/add_ms_4149_part/add_ms_4149_f172r/add_ms_4149_f172r.jpg"/>
      <graphic n="20" url="/bl/add_ms_4149_part/add_ms_4149_f172v/add_ms_4149_f172v.jpg"/>
   </facsimile>
</TEI>