<TEI xmlns="http://www.tei-c.org/ns/1.0" xmlns:xi="http://www.w3.org/2001/XInclude">
   <teiHeader>
      <fileDesc>
         <titleStmt>
            <title>The Arraignment of Sir Gervase Elwes, Lieutenant of the Tower</title>
            <author/>
            <respStmt xml:id="NM">
               <name>Noah Millstone</name>
               <resp>Principal Investigator MPESE</resp>
            </respStmt>
            <respStmt xml:id="SV">
               <name>Sebastiaan Verweij</name>
               <resp>Co-Investigator MPESE</resp>
            </respStmt>
            <respStmt xml:id="RB">
               <name>Richard Bell</name>
               <resp>Research Associate</resp>
            </respStmt>
            <respStmt xml:id="MJ">
               <name>Mike Jones</name>
               <resp>Research Software Engineer</resp>
            </respStmt>
         </titleStmt>
         <publicationStmt xml:id="mpese_pubstat">
            <publisher>Manuscript Pamphleteering in Early Stuart England (MPESE)</publisher>
            <date when="2017">2017</date>
         </publicationStmt>
         <sourceDesc>
            <listBibl xml:id="mss_witness">
               <bibl>
               </bibl>
            </listBibl><listBibl xml:id="mss_witness_generated"><!--Generated by create_witness_list.xql (2018-09-25T17:41:59.792+01:00)--><bibl><ref type="ms" target="../mss/BLAddMS72407.xml">British Library, Additional MS 72407, ff. 80r–83v</ref></bibl><bibl><ref type="ms" target="../mss/BLHarleyMS6447.xml">British Library, Harley MS 6447, ff. 58v–81r</ref></bibl><bibl><ref type="ms" target="../mss/BLSloaneMS1002.xml">British Library, Sloane MS 1002, ff. 52r–70r</ref></bibl><bibl><ref type="ms" target="../mss/BL_Stowe_MS_401.xml">British Library, Stowe MS 401, ff. 33r–39v</ref></bibl><bibl><ref type="ms" target="../mss/BL_Stowe_MS_402.xml">British Library, Stowe MS 402, ff. 17r–19v</ref></bibl><bibl><ref type="ms" target="../mss/Beinecke_Osborn_b29.xml">Beinecke Library, Osborn b29</ref></bibl><bibl><ref type="ms" target="../mss/Bodl_MS_Ballard_56.xml">Bodleian Library,  MS Ballard 56</ref></bibl><bibl><ref type="ms" target="../mss/Bodl_MS_Rawlinson_C_63.xml">Bodleian Library,  MS Rawlinson C 63, ff. 57r–79r</ref></bibl><bibl><ref type="ms" target="../mss/Bodl_MS_Rawlinson_C_64.xml">Bodleian Library,  MS Rawlinson C 64, ff. 51r–70v</ref></bibl><bibl><ref type="ms" target="../mss/Bodl_MS_Willis_58.xml">Bodleian Library,  MS Willis 58, ff. 223r–243v</ref></bibl><bibl><ref type="ms" target="../mss/CUL_MS_Ff418.xml">Cambridge University Library,  MS Ff.4.18, ff. 31r–34v</ref></bibl><bibl><ref type="ms" target="../mss/CUL_MS_Ll311.xml">Cambridge University Library,  MS Ll.3.11, ff. 343r–347v</ref></bibl><bibl><ref type="ms" target="../mss/Folger_MS_V_a_304.xml">Folger Shakespeare Library,  MS V.a.304, ff. 54v–71v</ref></bibl><bibl><ref type="ms" target="../mss/Harvard_Law_School_MS_67.xml">Harvard Law School,  MS 67, ff. 77v–100v</ref></bibl><bibl><ref type="ms" target="../mss/Huntington_HM_1553.xml">Huntington Library,  HM 1553, ff. 65r–89v</ref></bibl><bibl><ref type="ms" target="../mss/University_College_Oxford_MS_152.xml">University College,  MS 152 [on deposit at the Bodleian], ff. 70–79</ref></bibl></listBibl>
         </sourceDesc>
      </fileDesc>
      <profileDesc>
         <abstract>
            <p><!-- date and place --></p>
         </abstract>
         <creation>
            <date when="1615-11-16">16 November 1615</date>
            <placeName corresp="../places/places.xml#PL0034"/>
         </creation>
         <textClass>
            <keywords n="text-type">
               <term/>
            </keywords>
         </textClass>
         <textClass>
            <keywords n="topic-keyword">
               <term>Overbury affair</term>
            </keywords>
         </textClass>
      </profileDesc>
      <encodingDesc>
         <editorialDecl>
            <p><!-- build this info as we go along --></p>
         </editorialDecl>
      </encodingDesc>
      <revisionDesc>
         <listChange>
            <change when="2018-07-05" who="#RB" status="placeholder"/>
         </listChange>
      </revisionDesc>
   </teiHeader>
   <text>
      <body>
         <p/>
      </body>
   </text>
</TEI>