<TEI xmlns="http://www.tei-c.org/ns/1.0" xmlns:xi="http://www.w3.org/2001/XInclude">
   <teiHeader>
      <fileDesc>
         <titleStmt>
            <title>Examinations of Peter Heyman, John Eliot, Miles Hubbard and Denzil Holles</title>
            <author/>
            <respStmt xml:id="NM">
               <name>Noah Millstone</name>
               <resp>Principal Investigator MPESE</resp>
            </respStmt>
            <respStmt xml:id="SV">
               <name>Sebastiaan Verweij</name>
               <resp>Co-Investigator MPESE</resp>
            </respStmt>
            <respStmt xml:id="RB">
               <name>Richard Bell</name>
               <resp>Research Associate</resp>
            </respStmt>
            <respStmt xml:id="MJ">
               <name>Mike Jones</name>
               <resp>Research Software Engineer</resp>
            </respStmt>
         </titleStmt>
         <publicationStmt xml:id="mpese_pubstat">
            <publisher>Manuscript Pamphleteering in Early Stuart England (MPESE)</publisher>
            <date when="2017">2017</date>
         </publicationStmt>
         <sourceDesc>
            <listBibl xml:id="mss_witness">
               <bibl>
               </bibl>
            </listBibl><listBibl xml:id="mss_witness_generated"><!--Generated by create_witness_list.xql (2018-09-25T17:41:59.792+01:00)--><bibl><ref type="ms" target="../mss/BL_Add_MS_27878.xml">British Library, Additional MS 27878, ff. 622r–623r</ref></bibl><bibl><ref type="ms" target="../mss/BL_Add_MS_30926.xml">British Library, Additional MS 30926, ff. 314r–315v</ref></bibl><bibl><ref type="ms" target="../mss/BL_Harley_MS_2305.xml">British Library, Harley MS 2305, ff. 389r–390r</ref></bibl><bibl><ref type="ms" target="../mss/CUL_MS_Gg413.xml">Cambridge University Library,  MS Gg.4.13, p105</ref></bibl><bibl><ref type="ms" target="../mss/Folger_MS_V_a_121.xml">Folger Shakespeare Library,  MS V.a.121, ff. 70r–v</ref></bibl><bibl><ref type="ms" target="../mss/Houghton_fMS_Eng_917.xml">Houghton Library,  fMS Eng 917, item 1, ff.68v–70v</ref></bibl><bibl><ref type="ms" target="../mss/JRL_Eng_MS_942.xml">John Rylands Library, Eng MS 942, ff. 79v–81v</ref></bibl><bibl><ref type="ms" target="../mss/SA_DDWO531234.xml">Somerset Archives,  DD\WO/53/1/234, f. 1r</ref></bibl></listBibl>
         </sourceDesc>
      </fileDesc>
      <profileDesc>
         <abstract>
            <p><!-- date and place --></p>
         </abstract>
         <creation>
            <date when="1629">1629</date>
            <placeName/>
         </creation>
         <textClass>
            <keywords n="text-type">
               <term>legal proceedings</term>
            </keywords>
         </textClass>
         <textClass>
            <keywords n="topic-keyword">
               <term>parliament</term>
            </keywords>
         </textClass>
      </profileDesc>
      <encodingDesc>
         <editorialDecl>
            <p><!-- build this info as we go along --></p>
         </editorialDecl>
      </encodingDesc>
      <revisionDesc>
         <listChange>
            <change when="2018-07-05" who="#RB" status="placeholder"/>
         </listChange>
      </revisionDesc>
   </teiHeader>
   <text>
      <body>
         <p/>
      </body>
   </text>
</TEI>