<TEI xmlns="http://www.tei-c.org/ns/1.0" xmlns:xi="http://www.w3.org/2001/XInclude">
   <teiHeader>
      <fileDesc>
         <titleStmt>
            <title>Examinations of the Earl of Southampton, the earl of Oxford, Sir Edwin Sandys, and John Selden</title>
            <author/>
            <respStmt xml:id="NM">
               <name>Noah Millstone</name>
               <resp>Principal Investigator MPESE</resp>
            </respStmt>
            <respStmt xml:id="SV">
               <name>Sebastiaan Verweij</name>
               <resp>Co-Investigator MPESE</resp>
            </respStmt>
            <respStmt xml:id="RB">
               <name>Richard Bell</name>
               <resp>Research Associate</resp>
            </respStmt>
            <respStmt xml:id="MJ">
               <name>Mike Jones</name>
               <resp>Research Software Engineer</resp>
            </respStmt>
         </titleStmt>
         <publicationStmt xml:id="mpese_pubstat">
            <publisher>Manuscript Pamphleteering in Early Stuart England (MPESE)</publisher>
            <date when="2017">2017</date>
         </publicationStmt>
         <sourceDesc>
            <listBibl xml:id="mss_witness">
               <bibl>
               </bibl>
            </listBibl><listBibl xml:id="mss_witness_generated"><!--Generated by create_witness_list.xql (2018-09-25T17:41:59.792+01:00)--><bibl><ref type="ms" target="../mss/BLEgertonMS784.xml">British Library, Egerton MS 784, p.71</ref></bibl><bibl><ref type="ms" target="../mss/BL_Egerton_MS_2651.xml">British Library, Egerton MS 2651, ff. 33r–34r</ref></bibl><bibl><ref type="ms" target="../mss/BL_Egerton_MS_2651.xml">British Library, Egerton MS 2651, ff. 35r–v</ref></bibl><bibl><ref type="ms" target="../mss/BL_Egerton_MS_2651.xml">British Library, Egerton MS 2651, ff. 36r–37v</ref></bibl><bibl><ref type="ms" target="../mss/BL_Harley_MS_161.xml">British Library, Harley MS 161, ff. 39r–40v</ref></bibl><bibl><ref type="ms" target="../mss/Bodl_MS_Rawlinson_D_723.xml">Bodleian Library,  MS Rawlinson D 723, ff. 55r–58v</ref></bibl><bibl><ref type="ms" target="../mss/Bodl_MS_Tanner_73.xml">Bodleian Library,  MS Tanner 73, ff. 23r–v</ref></bibl><bibl><ref type="ms" target="../mss/Hatfield_House_CP_130.xml">Hatfield House,  CP 130, items 54–55</ref></bibl><bibl><ref type="ms" target="../mss/PA_BRY_92.xml">Parliamentary Archives,  BRY/92, f. 32v</ref></bibl><bibl><ref type="ms" target="../mss/TNA_SP_14_121.xml">The National Archives,  SP 14/121, /136 [ff.251r–252r]</ref></bibl><bibl><ref type="ms" target="../mss/UTAustinMSBLM751PhillipsMS12341.xml">UT Austin MS, BL Microfilm 751 Phillips MS 12341, pp215–218</ref></bibl></listBibl>
         </sourceDesc>
      </fileDesc>
      <profileDesc>
         <abstract>
            <p><!-- date and place --></p>
         </abstract>
         <creation>
            <date when="1621-07">July 1621</date>
            <placeName/>
         </creation>
         <textClass>
            <keywords n="text-type">
               <term>examinations</term>
            </keywords>
         </textClass>
         <textClass>
            <keywords n="topic-keyword">
               <term/>
            </keywords>
         </textClass>
      </profileDesc>
      <encodingDesc>
         <editorialDecl>
            <p><!-- build this info as we go along --></p>
         </editorialDecl>
      </encodingDesc>
      <revisionDesc>
         <listChange>
            <change when="2018-07-05" who="#RB" status="placeholder"/>
         </listChange>
      </revisionDesc>
   </teiHeader>
   <text>
      <body>
         <p/>
      </body>
   </text>
</TEI>