<TEI xmlns="http://www.tei-c.org/ns/1.0" xmlns:xi="http://www.w3.org/2001/XInclude">
   <teiHeader>
      <fileDesc>
         <titleStmt>
            <title>Speech to All the Judges</title>
            <author>
               <persName corresp="../people/people.xml#P0167">Justice John Finch</persName>
            </author>
            <respStmt xml:id="NM">
               <name>Noah Millstone</name>
               <resp>Principal Investigator MPESE</resp>
            </respStmt>
            <respStmt xml:id="SV">
               <name>Sebastiaan Verweij</name>
               <resp>Co-Investigator MPESE</resp>
            </respStmt>
            <respStmt xml:id="RB">
               <name>Richard Bell</name>
               <resp>Research Associate</resp>
            </respStmt>
            <respStmt xml:id="MJ">
               <name>Mike Jones</name>
               <resp>Research Software Engineer</resp>
            </respStmt>
         </titleStmt>
         <publicationStmt xml:id="mpese_pubstat">
            <publisher>Manuscript Pamphleteering in Early Stuart England (MPESE)</publisher>
            <date when="2017">2017</date>
         </publicationStmt>
         <sourceDesc>
            <listBibl xml:id="mss_witness">
               <bibl>
               </bibl>
            </listBibl><listBibl xml:id="mss_witness_generated"><!--Generated by create_witness_list.xql (2018-09-25T17:41:59.792+01:00)--><bibl><ref type="ms" target="../mss/BLHarleyMS7162.xml">British Library, Harley MS 7162, ff. 13x–20x</ref></bibl><bibl><ref type="ms" target="../mss/Beinecke_Osborn_fb200.xml">Beinecke Library, Osborn fb200, ff. 5–8</ref></bibl><bibl><ref type="ms" target="../mss/Bodl_MS_Tanner_67.xml">Bodleian Library,  MS Tanner 67, ff. 168r–169r</ref></bibl><bibl><ref type="ms" target="../mss/FolgerMSVa206.xml">Folger Shakespeare Library,  MS V.a.206, ff. 59r–64v</ref></bibl><bibl><ref type="ms" target="../mss/Huntington_HM_55603.xml">Huntington Library,  HM 55603, ff. 33r–34r</ref></bibl><bibl><ref type="ms" target="../mss/Inner_Temple_Petyt_MS_538_37.xml">Inner Temple Library, Petyt MS 538/37, ff. 163r–170x?</ref></bibl><bibl><ref type="ms" target="../mss/Longleat_House_MS_111.xml">Longleat House,  MS 111, ff. 69–78</ref></bibl></listBibl>
         </sourceDesc>
      </fileDesc>
      <profileDesc>
         <abstract>
            <p><!-- date and place --></p>
         </abstract>
         <creation>
            <date when="1639-02-13">13 February 1639</date>
            <placeName/>
         </creation>
         <textClass>
            <keywords n="text-type">
               <term>speech</term>
            </keywords>
         </textClass>
         <textClass>
            <keywords n="topic-keyword">
               <term>ship money</term>
            </keywords>
         </textClass>
      </profileDesc>
      <encodingDesc>
         <editorialDecl>
            <p><!-- build this info as we go along --></p>
         </editorialDecl>
      </encodingDesc>
      <revisionDesc>
         <listChange>
            <change when="2018-07-05" who="#RB" status="placeholder"/>
         </listChange>
      </revisionDesc>
   </teiHeader>
   <text>
      <body>
         <p/>
      </body>
   </text>
</TEI>