<TEI xmlns="http://www.tei-c.org/ns/1.0" xmlns:xi="http://www.w3.org/2001/XInclude">
   <teiHeader>
      <fileDesc>
         <titleStmt>
            <title>Argument Concerning Ship Money</title>
            <author>
               <persName corresp="../people/people.xml#P0141">Richard Hutton</persName>
            </author>
            <respStmt xml:id="NM">
               <name>Noah Millstone</name>
               <resp>Principal Investigator MPESE</resp>
            </respStmt>
            <respStmt xml:id="SV">
               <name>Sebastiaan Verweij</name>
               <resp>Co-Investigator MPESE</resp>
            </respStmt>
            <respStmt xml:id="RB">
               <name>Richard Bell</name>
               <resp>Research Associate</resp>
            </respStmt>
            <respStmt xml:id="MJ">
               <name>Mike Jones</name>
               <resp>Research Software Engineer</resp>
            </respStmt>
         </titleStmt>
         <publicationStmt xml:id="mpese_pubstat">
            <publisher>Manuscript Pamphleteering in Early Stuart England (MPESE)</publisher>
            <date when="2017">2017</date>
         </publicationStmt>
         <sourceDesc>
            <listBibl xml:id="mss_witness">
               <bibl>
               </bibl>
            </listBibl><listBibl xml:id="mss_witness_generated"><!--Generated by create_witness_list.xql (2018-09-25T17:41:59.792+01:00)--><bibl><ref type="ms" target="../mss/All_Souls_College_MS_144.xml">All Souls College,  MS 144, ff. 76r–88r</ref></bibl><bibl><ref type="ms" target="../mss/Alnwick_Castle_MS_544.xml">Alnwick Castle,  MS 544</ref></bibl><bibl><ref type="ms" target="../mss/BLHarleyMS6241.xml">British Library, Harley MS 6241, ff. 62r–75v</ref></bibl><bibl><ref type="ms" target="../mss/BLLansdowneMS616.xml">British Library, Lansdowne MS 616, ff. 164r–201v</ref></bibl><bibl><ref type="ms" target="../mss/BLLansdowneMS617.xml">British Library, Lansdowne MS 617, ff. 108x–128x</ref></bibl><bibl><ref type="ms" target="../mss/BLSloaneMS3933.xml">British Library, Sloane MS 3933, ff. 266v–274v</ref></bibl><bibl><ref type="ms" target="../mss/BL_Harley_MS_1578.xml">British Library, Harley MS 1578, ff. 269r–278v</ref></bibl><bibl><ref type="ms" target="../mss/BL_Stowe_MS_177.xml">British Library, Stowe MS 177, ff. 222r–227x</ref></bibl><bibl><ref type="ms" target="../mss/BL_Stowe_MS_405.xml">British Library, Stowe MS 405, ff. 76r–85v</ref></bibl><bibl><ref type="ms" target="../mss/Bodl_MS_Add_C_26.xml">Bodleian Library,  MS Add. C 26, ff. 608r–624v</ref></bibl><bibl><ref type="ms" target="../mss/Bodl_MS_Bodley_184.xml">Bodleian Library,  MS Bodley 184, ff. 297r–312v</ref></bibl><bibl><ref type="ms" target="../mss/Bodl_MS_Eng_hist_c_319.xml">Bodleian Library,  MS Eng. hist. c. 319, ff. 49r–67r</ref></bibl><bibl><ref type="ms" target="../mss/Bodl_MS_Rawlinson_A_469.xml">Bodleian Library,  MS Rawlinson A 469, ff. 62r–77v</ref></bibl><bibl><ref type="ms" target="../mss/Bodl_MS_Rawlinson_A_470.xml">Bodleian Library,  MS Rawlinson A 470, ff. 112r–118v</ref></bibl><bibl><ref type="ms" target="../mss/Bodl_MS_Rawlinson_C_169.xml">Bodleian Library,  MS Rawlinson C 169, ff. 201r–229v</ref></bibl><bibl><ref type="ms" target="../mss/Bodl_MS_Rawlinson_D_342.xml">Bodleian Library,  MS Rawlinson D 342, ff. 493r–514r</ref></bibl><bibl><ref type="ms" target="../mss/Bodl_MS_Rawlinson_D_718.xml">Bodleian Library,  MS Rawlinson D 718, ff. 240r–264v</ref></bibl><bibl><ref type="ms" target="../mss/Bodl_MS_Tanner_67.xml">Bodleian Library,  MS Tanner 67, ff. 17r–121</ref></bibl><bibl><ref type="ms" target="../mss/CUL_MS_Ii527.xml">Cambridge University Library,  MS Ii.5.27, ff. 236r–245v</ref></bibl><bibl><ref type="ms" target="../mss/CUL_MS_Ii530.xml">Cambridge University Library,  MS Ii.5.30, ff. 360r–382r</ref></bibl><bibl><ref type="ms" target="../mss/DUL_MSP_45.xml">Durham University Library, MSP 45, pp173–204</ref></bibl><bibl><ref type="ms" target="../mss/Harvard_Law_School_MS_1276.xml">Harvard Law School,  MS 1276</ref></bibl><bibl><ref type="ms" target="../mss/Huntington_EL_6977.xml">Huntington Library,  EL 6977, ff. 140–157</ref></bibl><bibl><ref type="ms" target="../mss/Huntington_EL_7877a.xml">Huntington Library,  EL 7877a</ref></bibl><bibl><ref type="ms" target="../mss/Huntington_HM_204.xml">Huntington Library,  HM 204, ff. 135r–158x</ref></bibl><bibl><ref type="ms" target="../mss/Huntington_HM_204.xml">Huntington Library,  HM 204, ff. 159r–172x</ref></bibl><bibl><ref type="ms" target="../mss/Huntington_HM_724.xml">Huntington Library,  HM 724, ff. 410–422</ref></bibl><bibl><ref type="ms" target="../mss/Huntington_Hastings_Ship_Money_Box.xml">Huntington Library, Hastings Ship Money Box, Item 1</ref></bibl><bibl><ref type="ms" target="../mss/Huntington_Hastings_Ship_Money_Box.xml">Huntington Library, Hastings Ship Money Box, Item 4</ref></bibl><bibl><ref type="ms" target="../mss/Inner_Temple_Petyt_MS_538_37.xml">Inner Temple Library, Petyt MS 538/37, ff. 153r–162x</ref></bibl><bibl><ref type="ms" target="../mss/Inner_Temple_Petyt_MS_538_37.xml">Inner Temple Library, Petyt MS 538/37, ff. 183r–192x</ref></bibl><bibl><ref type="ms" target="../mss/NorthsRO_FH59.xml">Northamptonshire Record Office,  FH59, ff. 75r–89r</ref></bibl><bibl><ref type="ms" target="../mss/NorthsRO_IL_3423.xml">Northamptonshire Record Office, IL 3423</ref></bibl><bibl><ref type="ms" target="../mss/Queens_College_Oxford_MS_310.xml">Queen's College,  MS 310, ff. 375–410</ref></bibl></listBibl>
         </sourceDesc>
      </fileDesc>
      <profileDesc>
         <abstract>
            <p><!-- date and place --></p>
         </abstract>
         <creation>
            <date when="1638">1638</date>
            <placeName/>
         </creation>
         <textClass>
            <keywords n="text-type">
               <term/>
            </keywords>
         </textClass>
         <textClass>
            <keywords n="topic-keyword">
               <term>ship money</term>
            </keywords>
         </textClass>
      </profileDesc>
      <encodingDesc>
         <editorialDecl>
            <p><!-- build this info as we go along --></p>
         </editorialDecl>
      </encodingDesc>
      <revisionDesc>
         <listChange>
            <change when="2018-07-05" who="#RB" status="placeholder"/>
         </listChange>
      </revisionDesc>
   </teiHeader>
   <text>
      <body>
         <p/>
      </body>
   </text>
</TEI>