<TEI xmlns="http://www.tei-c.org/ns/1.0" xmlns:xi="http://www.w3.org/2001/XInclude">
   <teiHeader>
      <fileDesc>
         <titleStmt>
            <title>Interrogatories Offered to Bristol</title>
            <author/>
            <respStmt xml:id="NM">
               <name>Noah Millstone</name>
               <resp>Principal Investigator MPESE</resp>
            </respStmt>
            <respStmt xml:id="SV">
               <name>Sebastiaan Verweij</name>
               <resp>Co-Investigator MPESE</resp>
            </respStmt>
            <respStmt xml:id="RB">
               <name>Richard Bell</name>
               <resp>Research Associate</resp>
            </respStmt>
            <respStmt xml:id="MJ">
               <name>Mike Jones</name>
               <resp>Research Software Engineer</resp>
            </respStmt>
         </titleStmt>
         <publicationStmt xml:id="mpese_pubstat">
            <publisher>Manuscript Pamphleteering in Early Stuart England (MPESE)</publisher>
            <date when="2017">2017</date>
         </publicationStmt>
         <sourceDesc>
            <listBibl xml:id="mss_witness">
               <bibl>
               </bibl>
            </listBibl><listBibl xml:id="mss_witness_generated"><!--Generated by create_witness_list.xql (2018-09-25T17:41:59.792+01:00)--><bibl><ref type="ms" target="../mss/All_Souls_College_MS_180.xml">All Souls College,  MS 180, ff. 177r–178r</ref></bibl><bibl><ref type="ms" target="../mss/BLAddMS48044.xml">British Library, Additional MS 48044, ff. 324v–332v</ref></bibl><bibl><ref type="ms" target="../mss/BLHarleyMS354.xml">British Library, Harley MS 354, ff. 123r–141v</ref></bibl><bibl><ref type="ms" target="../mss/BLHarleyMS3791.xml">British Library, Harley MS 3791, ff. 14r–33r</ref></bibl><bibl><ref type="ms" target="../mss/BL_Add_MS_72393.xml">British Library, Additional MS 72393, ff22</ref></bibl><bibl><ref type="ms" target="../mss/BL_Harley_MS_4267.xml">British Library, Harley MS 4267, ff. 1r–19v</ref></bibl><bibl><ref type="ms" target="../mss/BL_Stowe_MS_151.xml">British Library, Stowe MS 151, ff. 52r–73v</ref></bibl><bibl><ref type="ms" target="../mss/BL_Stowe_MS_365.xml">British Library, Stowe MS 365, ff. 2r–12r</ref></bibl><bibl><ref type="ms" target="../mss/Beinecke_Osborn_b32.xml">Beinecke Library, Osborn b32, pp2–41</ref></bibl><bibl><ref type="ms" target="../mss/Bodl_MS_Tanner_303.xml">Bodleian Library,  MS Tanner 303, ff. 49r–88v</ref></bibl><bibl><ref type="ms" target="../mss/Bodl_MS_Tanner_73.xml">Bodleian Library,  MS Tanner 73, ff. 449r–476v</ref></bibl><bibl><ref type="ms" target="../mss/FolgerMSGb9.xml">Folger Shakespeare Library,  MS G.b.9, ff. 96r–119r</ref></bibl><bibl><ref type="ms" target="../mss/Huntington_HM_807.xml">Huntington Library,  HM 807</ref></bibl><bibl><ref type="ms" target="../mss/Inner_Temple_Petyt_MS_538_43.xml">Inner Temple Library, Petyt MS 538/43, ff. 133r–154v</ref></bibl><bibl><ref type="ms" target="../mss/LA_8ANC8.xml">Lincolnshire Archives,  8ANC/8, item 25</ref></bibl><bibl><ref type="ms" target="../mss/NorthsRO_FH2837.xml">Northamptonshire Record Office,  FH2837, ff. 1r–14r</ref></bibl></listBibl>
         </sourceDesc>
      </fileDesc>
      <profileDesc>
         <abstract>
            <p><!-- date and place --></p>
         </abstract>
         <creation>
            <date when="1624">1624</date>
            <placeName/>
         </creation>
         <textClass>
            <keywords n="text-type">
               <term/>
            </keywords>
         </textClass>
         <textClass>
            <keywords n="topic-keyword">
               <term/>
            </keywords>
         </textClass>
      </profileDesc>
      <encodingDesc>
         <editorialDecl>
            <p><!-- build this info as we go along --></p>
         </editorialDecl>
      </encodingDesc>
      <revisionDesc>
         <listChange>
            <change when="2018-07-05" who="#RB" status="placeholder"/>
         </listChange>
      </revisionDesc>
   </teiHeader>
   <text>
      <body>
         <p/>
      </body>
   </text>
</TEI>