<TEI xmlns="http://www.tei-c.org/ns/1.0" xmlns:xi="http://www.w3.org/2001/XInclude">
   <teiHeader>
      <fileDesc>
         <titleStmt>
            <title>Letter of the Great Mughal to James I</title>
            <author>
               <persName corresp="../people/people.xml#P0181">Jahangir</persName>
            </author>
            <respStmt xml:id="NM">
               <name>Noah Millstone</name>
               <resp>Principal Investigator MPESE</resp>
            </respStmt>
            <respStmt xml:id="SV">
               <name>Sebastiaan Verweij</name>
               <resp>Co-Investigator MPESE</resp>
            </respStmt>
            <respStmt xml:id="RB">
               <name>Richard Bell</name>
               <resp>Research Associate</resp>
            </respStmt>
            <respStmt xml:id="MJ">
               <name>Mike Jones</name>
               <resp>Research Software Engineer</resp>
            </respStmt>
         </titleStmt>
         <publicationStmt xml:id="mpese_pubstat">
            <publisher>Manuscript Pamphleteering in Early Stuart England (MPESE)</publisher>
            <date when="2017">2017</date>
         </publicationStmt>
         <sourceDesc>
            <listBibl xml:id="mss_witness">
               <bibl>
               </bibl>
            </listBibl><listBibl xml:id="mss_witness_generated"><!--Generated by create_witness_list.xql (2018-09-25T17:41:59.792+01:00)--><bibl><ref type="ms" target="../mss/BLAddMS40838.xml">British Library, Additional MS 40838, ff. 51v–52v</ref></bibl><bibl><ref type="ms" target="../mss/BLAddMS4108.xml">British Library, Additional MS 4108, ff. 72v–74r</ref></bibl><bibl><ref type="ms" target="../mss/BLAddMS44848.xml">British Library, Additional MS 44848, ff. 125r–v</ref></bibl><bibl><ref type="ms" target="../mss/BLAddMS69394.xml">British Library, Additional MS 69394, ff. 85v–86</ref></bibl><bibl><ref type="ms" target="../mss/BLHarleyMS4761.xml">British Library, Harley MS 4761, ff. 8v–9r</ref></bibl><bibl><ref type="ms" target="../mss/BL_Stowe_MS_151.xml">British Library, Stowe MS 151, ff. 11r–12r</ref></bibl><bibl><ref type="ms" target="../mss/Beinecke_Osborn_fb243.xml">Beinecke Library, Osborn fb243</ref></bibl><bibl><ref type="ms" target="../mss/Beinecke_Osborn_fb69.xml">Beinecke Library, Osborn fb69, f. 41</ref></bibl><bibl><ref type="ms" target="../mss/Bodl_MS_Add_C_132.xml">Bodleian Library,  MS Add. C 132, ff. 88r–89v</ref></bibl><bibl><ref type="ms" target="../mss/Bodl_MS_Rawlinson_D_859.xml">Bodleian Library,  MS Rawlinson D 859, ff. 103r–v</ref></bibl><bibl><ref type="ms" target="../mss/Bodl_MS_Tanner_82.xml">Bodleian Library,  MS Tanner 82, ff. 177r–177v</ref></bibl><bibl><ref type="ms" target="../mss/Hatfield_House_CP_134.xml">Hatfield House,  CP 134, f. 277r</ref></bibl><bibl><ref type="ms" target="../mss/NUL_Cl_LP_72.xml">Nottingham University Library, Cl LP 72, f. 1r</ref></bibl><bibl><ref type="ms" target="../mss/Queens_College_Oxford_MS_121.xml">Queen's College,  MS 121, f. 496</ref></bibl><bibl><ref type="ms" target="../mss/Queens_College_Oxford_MS_130.xml">Queen's College,  MS 130, ff. 123–125</ref></bibl><bibl><ref type="ms" target="../mss/Wellcome_Library_MS_805.xml">Wellcome Library,  MS 805, ff. 66v–69v</ref></bibl></listBibl>
         </sourceDesc>
      </fileDesc>
      <profileDesc>
         <abstract>
            <p><!-- date and place --></p>
         </abstract>
         <creation>
            <date when="1619">1619</date>
            <placeName/>
         </creation>
         <textClass>
            <keywords n="text-type">
               <term/>
            </keywords>
         </textClass>
         <textClass>
            <keywords n="topic-keyword">
               <term/>
            </keywords>
         </textClass>
      </profileDesc>
      <encodingDesc>
         <editorialDecl>
            <p><!-- build this info as we go along --></p>
         </editorialDecl>
      </encodingDesc>
      <revisionDesc>
         <listChange>
            <change when="2018-07-05" who="#RB" status="placeholder"/>
         </listChange>
      </revisionDesc>
   </teiHeader>
   <text>
      <body>
         <p/>
      </body>
   </text>
</TEI>