<TEI xmlns="http://www.tei-c.org/ns/1.0" xmlns:xi="http://www.w3.org/2001/XInclude">
   <teiHeader>
      <fileDesc>
         <titleStmt>
            <title>A True Presentation of Forepast Parliaments</title>
            <author>
               <persName corresp="../people/people.xml#P0186">Sir Francis Kynaston</persName>
            </author>
            <respStmt xml:id="NM">
               <name>Noah Millstone</name>
               <resp>Principal Investigator MPESE</resp>
            </respStmt>
            <respStmt xml:id="SV">
               <name>Sebastiaan Verweij</name>
               <resp>Co-Investigator MPESE</resp>
            </respStmt>
            <respStmt xml:id="RB">
               <name>Richard Bell</name>
               <resp>Research Associate</resp>
            </respStmt>
            <respStmt xml:id="MJ">
               <name>Mike Jones</name>
               <resp>Research Software Engineer</resp>
            </respStmt>
         </titleStmt>
         <publicationStmt xml:id="mpese_pubstat">
            <publisher>Manuscript Pamphleteering in Early Stuart England (MPESE)</publisher>
            <date when="2017">2017</date>
         </publicationStmt>
         <sourceDesc>
            <listBibl xml:id="mss_witness">
               <bibl>
               </bibl>
            </listBibl><listBibl xml:id="mss_witness_generated"><!--Generated by create_witness_list.xql (2018-09-25T17:41:59.792+01:00)--><bibl><ref type="ms" target="../mss/BL_Lansdowne_MS_492.xml">British Library, Lansdowne MS 492, ff. 109r–190v</ref></bibl><bibl><ref type="ms" target="../mss/BL_Stowe_MS_331.xml">British Library, Stowe MS 331, ff. 1r–121v</ref></bibl><bibl><ref type="ms" target="../mss/Bodl_MS_Ashmole_1149.xml">Bodleian Library,  MS Ashmole 1149, item 1, 25–220</ref></bibl><bibl><ref type="ms" target="../mss/Bodl_MS_Rawlinson_C_681.xml">Bodleian Library,  MS Rawlinson C 681, ff92</ref></bibl><bibl><ref type="ms" target="../mss/DUL_MSP_70.xml">Durham University Library, MSP 70, pp259</ref></bibl><bibl><ref type="ms" target="../mss/Folger_MS_V_b_189.xml">Folger Shakespeare Library,  MS V.b.189, pp95</ref></bibl><bibl><ref type="ms" target="../mss/PA_HC_LB_1_4.xml">Parliamentary Archives,  HC/LB/1/4</ref></bibl><bibl><ref type="ms" target="../mss/Woburn_Abbey_MS_193.xml">Woburn Abbey,  MS 193</ref></bibl><bibl><ref type="ms" target="../mss/Woburn_Abbey_MS_194.xml">Woburn Abbey,  MS 194, ff121</ref></bibl></listBibl>
         </sourceDesc>
      </fileDesc>
      <profileDesc>
         <abstract>
            <p><!-- date and place --></p>
         </abstract>
         <creation>
            <date when="1629">c.1629-1630</date>
            <placeName/>
         </creation>
         <textClass>
            <keywords n="text-type">
               <term/>
            </keywords>
         </textClass>
         <textClass>
            <keywords n="topic-keyword">
               <term/>
            </keywords>
         </textClass>
      </profileDesc>
      <encodingDesc>
         <editorialDecl>
            <p><!-- build this info as we go along --></p>
         </editorialDecl>
      </encodingDesc>
      <revisionDesc>
         <listChange>
            <change when="2018-07-05" who="#RB" status="placeholder"/>
         </listChange>
      </revisionDesc>
   </teiHeader>
   <text>
      <body>
         <p/>
      </body>
   </text>
</TEI>