<TEI xmlns="http://www.tei-c.org/ns/1.0" xmlns:xi="http://www.w3.org/2001/XInclude">
   <teiHeader>
      <fileDesc>
         <titleStmt>
            <title>Letter to Coke in the Time of His Trouble</title>
            <author/>
            <respStmt xml:id="NM">
               <name>Noah Millstone</name>
               <resp>Principal Investigator MPESE</resp>
            </respStmt>
            <respStmt xml:id="SV">
               <name>Sebastiaan Verweij</name>
               <resp>Co-Investigator MPESE</resp>
            </respStmt>
            <respStmt xml:id="RB">
               <name>Richard Bell</name>
               <resp>Research Associate</resp>
            </respStmt>
            <respStmt xml:id="MJ">
               <name>Mike Jones</name>
               <resp>Research Software Engineer</resp>
            </respStmt>
         </titleStmt>
         <publicationStmt xml:id="mpese_pubstat">
            <publisher>Manuscript Pamphleteering in Early Stuart England (MPESE)</publisher>
            <date when="2017">2017</date>
         </publicationStmt>
         <sourceDesc>
            <listBibl xml:id="mss_witness">
               <bibl>
               </bibl>
            </listBibl><listBibl xml:id="mss_witness_generated"><!--Generated by create_witness_list.xql (2018-09-25T17:41:59.792+01:00)--><bibl><ref type="ms" target="../mss/BLAddMS29975.xml">British Library, Additional MS 29975, ff. 31x–34x</ref></bibl><bibl><ref type="ms" target="../mss/BLAddMS40838.xml">British Library, Additional MS 40838, ff. 1r–6r</ref></bibl><bibl><ref type="ms" target="../mss/BLAddMS44848.xml">British Library, Additional MS 44848, ff. 181r–186r</ref></bibl><bibl><ref type="ms" target="../mss/BLAddMS48063.xml">British Library, Additional MS 48063, ff. 215r–218r</ref></bibl><bibl><ref type="ms" target="../mss/BLAddMS69394.xml">British Library, Additional MS 69394, ff. 11x–15x</ref></bibl><bibl><ref type="ms" target="../mss/BLCottonMSTitusCVII.xml">British Library, Cotton MS Titus C VII, ff. 23r–26v</ref></bibl><bibl><ref type="ms" target="../mss/BLHarleyMS1877.xml">British Library, Harley MS 1877, ff. 19r–22r</ref></bibl><bibl><ref type="ms" target="../mss/BLHarleyMS4289.xml">British Library, Harley MS 4289, ff. 242v–245r</ref></bibl><bibl><ref type="ms" target="../mss/BLHarleyMS677.xml">British Library, Harley MS 677, ff. 31r–32r</ref></bibl><bibl><ref type="ms" target="../mss/BL_Stowe_MS_159.xml">British Library, Stowe MS 159, ff. 79r–86x</ref></bibl><bibl><ref type="ms" target="../mss/Beinecke_Osborn_fb60.xml">Beinecke Library, Osborn fb60, ff. 439r–445v</ref></bibl><bibl><ref type="ms" target="../mss/Bodl_MS_Ashmole_781.xml">Bodleian Library,  MS Ashmole 781, ff. 43–50</ref></bibl><bibl><ref type="ms" target="../mss/Bodl_MS_Eng_hist_c_319.xml">Bodleian Library,  MS Eng. hist. c. 319, ff. 15r–17v</ref></bibl><bibl><ref type="ms" target="../mss/Bodl_MS_Jones_56.xml">Bodleian Library,  MS Jones 56, ff. 121r–123v</ref></bibl><bibl><ref type="ms" target="../mss/Bodl_MS_North_a2.xml">Bodleian Library,  MS North a.2, ff. 198–207</ref></bibl><bibl><ref type="ms" target="../mss/Bodl_MS_Tanner_82.xml">Bodleian Library,  MS Tanner 82, ff. 89r–97v</ref></bibl><bibl><ref type="ms" target="../mss/CUL_Add_MS_335.xml">Cambridge University Library, Additional MS 335, ff. 78r–88r</ref></bibl><bibl><ref type="ms" target="../mss/CUL_MS_Ee523.xml">Cambridge University Library,  MS Ee.5.23, pp430–434</ref></bibl><bibl><ref type="ms" target="../mss/CUL_MS_Mm633.xml">Cambridge University Library,  MS Mm.6.33, ff. 134r–141v</ref></bibl><bibl><ref type="ms" target="../mss/Folger_MS_V_b_303.xml">Folger Shakespeare Library,  MS V.b.303, pp220–225</ref></bibl><bibl><ref type="ms" target="../mss/LPL_MS_2858.xml">Lambeth Palace Library,  MS 2858, ff. 171v–182r</ref></bibl><bibl><ref type="ms" target="../mss/Lincolns_Inn_Misc_MS_366.xml">Lincoln's Inn, Misc MS 366, ff. 335r–340v</ref></bibl><bibl><ref type="ms" target="../mss/NUL_Cl_LP_17.xml">Nottingham University Library, Cl LP 17</ref></bibl><bibl><ref type="ms" target="../mss/Queens_College_Oxford_MS_121.xml">Queen's College,  MS 121, ff. 458–465</ref></bibl><bibl><ref type="ms" target="../mss/Queens_College_Oxford_MS_130.xml">Queen's College,  MS 130, ff. 65–72</ref></bibl><bibl><ref type="ms" target="../mss/Queens_College_Oxford_MS_130.xml">Queen's College,  MS 130, ff. 128–135</ref></bibl><bibl><ref type="ms" target="../mss/TNA_SP_14_89.xml">The National Archives,  SP 14/89, /88 [ff.156r–161v]</ref></bibl><bibl><ref type="ms" target="../mss/TNA_SP_14_89.xml">The National Archives,  SP 14/89, /89 [ff.162–166v]</ref></bibl><bibl><ref type="ms" target="../mss/UCL_Ogden_MS_9.xml">UCL, Ogden MS 9</ref></bibl></listBibl>
         </sourceDesc>
      </fileDesc>
      <profileDesc>
         <abstract>
            <p><!-- date and place --></p>
         </abstract>
         <creation>
            <date when="1617">1617?</date>
            <placeName/>
         </creation>
         <textClass>
            <keywords n="text-type">
               <term>letter</term>
            </keywords>
         </textClass>
         <textClass>
            <keywords n="topic-keyword">
               <term/>
            </keywords>
         </textClass>
      </profileDesc>
      <encodingDesc>
         <editorialDecl>
            <p><!-- build this info as we go along --></p>
         </editorialDecl>
      </encodingDesc>
      <revisionDesc>
         <listChange>
            <change when="2018-07-05" who="#RB" status="placeholder"/>
         </listChange>
      </revisionDesc>
   </teiHeader>
   <text>
      <body>
         <p/>
      </body>
   </text>
</TEI>