<TEI xmlns="http://www.tei-c.org/ns/1.0" xmlns:xi="http://www.w3.org/2001/XInclude">
   <teiHeader>
      <fileDesc>
         <titleStmt>
            <title>Letter to James I</title>
            <author>
               <persName corresp="../people/people.xml#P0195">Lord Francis Norris</persName>
            </author>
            <respStmt xml:id="NM">
               <name>Noah Millstone</name>
               <resp>Principal Investigator MPESE</resp>
            </respStmt>
            <respStmt xml:id="SV">
               <name>Sebastiaan Verweij</name>
               <resp>Co-Investigator MPESE</resp>
            </respStmt>
            <respStmt xml:id="RB">
               <name>Richard Bell</name>
               <resp>Research Associate</resp>
            </respStmt>
            <respStmt xml:id="MJ">
               <name>Mike Jones</name>
               <resp>Research Software Engineer</resp>
            </respStmt>
         </titleStmt>
         <publicationStmt xml:id="mpese_pubstat">
            <publisher>Manuscript Pamphleteering in Early Stuart England (MPESE)</publisher>
            <date when="2017">2017</date>
         </publicationStmt>
         <sourceDesc>
            <listBibl xml:id="mss_witness">
               <bibl>
               </bibl>
            </listBibl><listBibl xml:id="mss_witness_generated"><!--Generated by create_witness_list.xql (2018-09-25T17:41:59.792+01:00)--><bibl><ref type="ms" target="../mss/BLHarleyMS1576.xml">British Library, Harley MS 1576, f. 226v</ref></bibl><bibl><ref type="ms" target="../mss/BLHarleyMS444.xml">British Library, Harley MS 444, ff. 245v–246v</ref></bibl><bibl><ref type="ms" target="../mss/BL_Stowe_MS_145.xml">British Library, Stowe MS 145, ff. 154r–155r</ref></bibl><bibl><ref type="ms" target="../mss/Beinecke_Osborn_fb60.xml">Beinecke Library, Osborn fb60, ff. 395r–v</ref></bibl><bibl><ref type="ms" target="../mss/Bodl_MS_Ashmole_781.xml">Bodleian Library,  MS Ashmole 781, f. 128</ref></bibl><bibl><ref type="ms" target="../mss/Bodl_MS_Tanner_304.xml">Bodleian Library,  MS Tanner 304, f. 56v</ref></bibl><bibl><ref type="ms" target="../mss/Bodl_MS_Tanner_82.xml">Bodleian Library,  MS Tanner 82, ff. 163v–164v</ref></bibl><bibl><ref type="ms" target="../mss/Queens_College_Oxford_MS_121.xml">Queen's College,  MS 121, f. 495</ref></bibl><bibl><ref type="ms" target="../mss/Queens_College_Oxford_MS_130.xml">Queen's College,  MS 130, f. 117</ref></bibl><bibl><ref type="ms" target="../mss/University_College_Oxford_MS_152.xml">University College,  MS 152 [on deposit at the Bodleian], ff. 53–55</ref></bibl></listBibl>
         </sourceDesc>
      </fileDesc>
      <profileDesc>
         <abstract>
            <p><!-- date and place --></p>
         </abstract>
         <creation>
            <date when="1615">1615</date>
            <placeName/>
         </creation>
         <textClass>
            <keywords n="text-type">
               <term>letter</term>
            </keywords>
         </textClass>
         <textClass>
            <keywords n="topic-keyword">
               <term>manslaughter</term>
            </keywords>
         </textClass>
      </profileDesc>
      <encodingDesc>
         <editorialDecl>
            <p><!-- build this info as we go along --></p>
         </editorialDecl>
      </encodingDesc>
      <revisionDesc>
         <listChange>
            <change when="2018-07-05" who="#RB" status="placeholder"/>
         </listChange>
      </revisionDesc>
   </teiHeader>
   <text>
      <body>
         <p/>
      </body>
   </text>
</TEI>