<TEI xmlns="http://www.tei-c.org/ns/1.0" xmlns:xi="http://www.w3.org/2001/XInclude">
   <teiHeader>
      <fileDesc>
         <titleStmt>
            <title>Tell Truth and Shame the Spaniard</title>
            <author>
               <persName corresp="../people/people.xml#P0202">Francis Phellips</persName>
            </author>
            <respStmt xml:id="NM">
               <name>Noah Millstone</name>
               <resp>Principal Investigator MPESE</resp>
            </respStmt>
            <respStmt xml:id="SV">
               <name>Sebastiaan Verweij</name>
               <resp>Co-Investigator MPESE</resp>
            </respStmt>
            <respStmt xml:id="RB">
               <name>Richard Bell</name>
               <resp>Research Associate</resp>
            </respStmt>
            <respStmt xml:id="MJ">
               <name>Mike Jones</name>
               <resp>Research Software Engineer</resp>
            </respStmt>
         </titleStmt>
         <publicationStmt xml:id="mpese_pubstat">
            <publisher>Manuscript Pamphleteering in Early Stuart England (MPESE)</publisher>
            <date when="2017">2017</date>
         </publicationStmt>
         <sourceDesc>
            <listBibl xml:id="mss_witness">
               <bibl>
               </bibl>
            </listBibl><listBibl xml:id="mss_witness_generated"><!--Generated by create_witness_list.xql (2018-09-25T17:41:59.792+01:00)--><bibl><ref type="ms" target="../mss/Alnwick_Castle_MS_12.xml">Alnwick Castle,  MS 12, ff. 125r–127v [fragment]</ref></bibl><bibl><ref type="ms" target="../mss/BLLansdowneMS213.xml">British Library, Lansdowne MS 213, ff. 111r–116v</ref></bibl><bibl><ref type="ms" target="../mss/Bodl_MS_Eng_hist_e_28.xml">Bodleian Library,  MS Eng. hist. e. 28, ff. 15–32</ref></bibl><bibl><ref type="ms" target="../mss/Bodl_MS_Rawlinson_D_719.xml">Bodleian Library,  MS Rawlinson D 719, ff. 258r–271v</ref></bibl><bibl><ref type="ms" target="../mss/Bodl_MS_Rawlinson_D_911.xml">Bodleian Library,  MS Rawlinson D 911, ff. 404r–v</ref></bibl><bibl><ref type="ms" target="../mss/Bodl_MS_Tanner_114.xml">Bodleian Library,  MS Tanner 114, ff. 129r–133v</ref></bibl><bibl><ref type="ms" target="../mss/Bodl_MS_Tanner_114.xml">Bodleian Library,  MS Tanner 114, ff. 134r–137r</ref></bibl><bibl><ref type="ms" target="../mss/CUL_MS_Mm524.xml">Cambridge University Library,  MS Mm.5.24, ff. 1r–12r</ref></bibl><bibl><ref type="ms" target="../mss/CUL_MS_Mm657.xml">Cambridge University Library,  MS Mm.6.57, ff. 101r–108v</ref></bibl><bibl><ref type="ms" target="../mss/Inner_Temple_Petyt_MS_538_43.xml">Inner Temple Library, Petyt MS 538/43, ff. 209r–223x</ref></bibl><bibl><ref type="ms" target="../mss/NorthsRO_FH2381.xml">Northamptonshire Record Office,  FH2381, ff. 18r–22v</ref></bibl><bibl><ref type="ms" target="../mss/SA_DDAH5131.xml">Somerset Archives,  DD\AH/51/3/1, ff. 1r–11r</ref></bibl></listBibl>
         </sourceDesc>
      </fileDesc>
      <profileDesc>
         <abstract>
            <p><!-- date and place --></p>
         </abstract>
         <creation>
            <date when="1623">1623</date>
            <placeName/>
         </creation>
         <textClass>
            <keywords n="text-type">
               <term/>
            </keywords>
         </textClass>
         <textClass>
            <keywords n="topic-keyword">
               <term>Spanish match</term>
            </keywords>
         </textClass>
      </profileDesc>
      <encodingDesc>
         <editorialDecl>
            <p><!-- build this info as we go along --></p>
         </editorialDecl>
      </encodingDesc>
      <revisionDesc>
         <listChange>
            <change when="2018-07-05" who="#RB" status="placeholder"/>
         </listChange>
      </revisionDesc>
   </teiHeader>
   <text>
      <body>
         <p/>
      </body>
   </text>
</TEI>