<TEI xmlns="http://www.tei-c.org/ns/1.0" xmlns:xi="http://www.w3.org/2001/XInclude">
   <teiHeader>
      <fileDesc>
         <titleStmt>
            <title>Politeia of the United Provinces</title>
            <author/>
            <respStmt xml:id="NM">
               <name>Noah Millstone</name>
               <resp>Principal Investigator MPESE</resp>
            </respStmt>
            <respStmt xml:id="SV">
               <name>Sebastiaan Verweij</name>
               <resp>Co-Investigator MPESE</resp>
            </respStmt>
            <respStmt xml:id="RB">
               <name>Richard Bell</name>
               <resp>Research Associate</resp>
            </respStmt>
            <respStmt xml:id="MJ">
               <name>Mike Jones</name>
               <resp>Research Software Engineer</resp>
            </respStmt>
         </titleStmt>
         <publicationStmt xml:id="mpese_pubstat">
            <publisher>Manuscript Pamphleteering in Early Stuart England (MPESE)</publisher>
            <date when="2017">2017</date>
         </publicationStmt>
         <sourceDesc>
            <listBibl xml:id="mss_witness">
               <bibl>
               </bibl>
            </listBibl><listBibl xml:id="mss_witness_generated"><!--Generated by create_witness_list.xql (2018-09-25T17:41:59.792+01:00)--><bibl><ref type="ms" target="../mss/BLAddMS48062.xml">British Library, Additional MS 48062, ff. 288r–296v</ref></bibl><bibl><ref type="ms" target="../mss/BLCottonMSTitusCVII.xml">British Library, Cotton MS Titus C VII, ff. 34r–38r</ref></bibl><bibl><ref type="ms" target="../mss/BLLansdowneMS213.xml">British Library, Lansdowne MS 213, ff. 75x–80x</ref></bibl><bibl><ref type="ms" target="../mss/BL_Add_MS_48163.xml">British Library, Additional MS 48163, ff. 33r–40r</ref></bibl><bibl><ref type="ms" target="../mss/BL_Harley_MS_287.xml">British Library, Harley MS 287, ff. 272r–276x</ref></bibl><bibl><ref type="ms" target="../mss/Beinecke_Osborn_Shelves_Gordounstoun_Box_5.xml">Beinecke Library, Osborn Shelves Gordounstoun Box 5, ff. 21r–29r</ref></bibl><bibl><ref type="ms" target="../mss/Bodl_MS_Tanner_216.xml">Bodleian Library,  MS Tanner 216, ff. 1r–7r</ref></bibl><bibl><ref type="ms" target="../mss/CUL_MS_Ee232.xml">Cambridge University Library,  MS Ee.2.32, ff. 151r–158v</ref></bibl><bibl><ref type="ms" target="../mss/FolgerMSVb50.xml">Folger Shakespeare Library,  MS V.b.50, pp357–374</ref></bibl><bibl><ref type="ms" target="../mss/LPL_MS_251.xml">Lambeth Palace Library,  MS 251, ff. 257r–265x</ref></bibl><bibl><ref type="ms" target="../mss/LPL_MS_2858.xml">Lambeth Palace Library,  MS 2858, ff. 38x–49x</ref></bibl><bibl><ref type="ms" target="../mss/NUL_Cl_LP_71.xml">Nottingham University Library, Cl LP 71, ff. 1r–4r</ref></bibl><bibl><ref type="ms" target="../mss/NorthsRO_IL_3538.xml">Northamptonshire Record Office, IL 3538</ref></bibl></listBibl>
            <listBibl xml:id="modern_print_witness">
               <bibl>
                  <title type="shorttitle">Somers Tracts</title>
                  <edition>2nd ed.</edition> 
                  <biblScope unit="volume">3</biblScope>
                  <biblScope unit="page" from="630" to="635">630-635</biblScope>
               </bibl>
            </listBibl>
         </sourceDesc>
      </fileDesc>
      <profileDesc>
         <abstract>
            <p><!-- date and place --></p>
         </abstract>
         <creation>
            <date when="1615">1615?</date>
            <placeName/>
         </creation>
         <textClass>
            <keywords n="text-type">
               <term/>
            </keywords>
         </textClass>
         <textClass>
            <keywords n="topic-keyword">
               <term/>
            </keywords>
         </textClass>
      </profileDesc>
      <encodingDesc>
         <editorialDecl>
            <p><!-- build this info as we go along --></p>
         </editorialDecl>
      </encodingDesc>
      <revisionDesc>
         <listChange>
            <change when="2018-07-05" who="#RB" status="placeholder"/>
         </listChange>
      </revisionDesc>
   </teiHeader>
   <text>
      <body>
         <p/>
      </body>
   </text>
</TEI>