<TEI xmlns="http://www.tei-c.org/ns/1.0" xmlns:xi="http://www.w3.org/2001/XInclude">
   <teiHeader>
      <fileDesc>
         <titleStmt>
            <title>The Humble Answer &amp; Advice of his Majesty’s Council upon Certain Propositions</title>
            <author>
               Privy Council
            </author>
            <respStmt xml:id="NM">
               <name>Noah Millstone</name>
               <resp>Principal Investigator MPESE</resp>
            </respStmt>
            <respStmt xml:id="SV">
               <name>Sebastiaan Verweij</name>
               <resp>Co-Investigator MPESE</resp>
            </respStmt>
            <respStmt xml:id="RB">
               <name>Richard Bell</name>
               <resp>Research Associate</resp>
            </respStmt>
            <respStmt xml:id="MJ">
               <name>Mike Jones</name>
               <resp>Research Software Engineer</resp>
            </respStmt>
         </titleStmt>
         <publicationStmt xml:id="mpese_pubstat">
            <publisher>Manuscript Pamphleteering in Early Stuart England (MPESE)</publisher>
            <date when="2017">2017</date>
         </publicationStmt>
         <sourceDesc>
            <listBibl xml:id="mss_witness">
               <bibl>
               </bibl>
            </listBibl><listBibl xml:id="mss_witness_generated"><!--Generated by create_witness_list.xql (2018-09-25T17:41:59.792+01:00)--><bibl><ref type="ms" target="../mss/BLAddMS22591.xml">British Library, Additional MS 22591, ff. 211r–216r</ref></bibl><bibl><ref type="ms" target="../mss/BL_Hargrave_MS_225.xml">British Library, Hargrave MS 225, ff. 315r–335v</ref></bibl><bibl><ref type="ms" target="../mss/CUL_MS_Ll48.xml">Cambridge University Library,  MS Ll.4.8, ff. 80r–101r</ref></bibl><bibl><ref type="ms" target="../mss/NorthsRO_FH44.xml">Northamptonshire Record Office,  FH44, ff. 182–189</ref></bibl><bibl><ref type="ms" target="../mss/Senate_House_MS_309.xml">Senate House, University of London,  MS 309, ff. 136r–162x</ref></bibl></listBibl>
            <listBibl xml:id="modern_print_witness">
               <bibl>
                  <editor>Pauline Croft</editor>
                  <title>A Collection of Several Speeches and Treatises of the Late Lord Treasurer</title>
                  <series>Camden Miscellany</series>
                  <pubPlace>London</pubPlace>
                  <date when="1987">1987</date>
                  <biblScope unit="volume">29</biblScope>
                  <biblScope unit="page" from="296" to="312">296-312</biblScope>
               </bibl>
            </listBibl>
         </sourceDesc>
      </fileDesc>
      <profileDesc>
         <abstract>
            <p><!-- date and place --></p>
         </abstract>
         <creation>
            <date when="1611">1611?</date>
            <placeName/>
         </creation>
         <textClass>
            <keywords n="text-type">
               <term/>
            </keywords>
         </textClass>
         <textClass>
            <keywords n="topic-keyword">
               <term/>
            </keywords>
         </textClass>
      </profileDesc>
      <encodingDesc>
         <editorialDecl>
            <p><!-- build this info as we go along --></p>
         </editorialDecl>
      </encodingDesc>
      <revisionDesc>
         <listChange>
            <change when="2018-07-05" who="#RB" status="placeholder"/>
         </listChange>
      </revisionDesc>
   </teiHeader>
   <text>
      <body>
         <p/>
      </body>
   </text>
</TEI>