<TEI xmlns="http://www.tei-c.org/ns/1.0" xmlns:xi="http://www.w3.org/2001/XInclude">
   <teiHeader>
      <fileDesc>
         <titleStmt>
            <title>Letter to King James regarding Sir Edward Coke</title>
            <author>
               Privy Council
            </author>
            <respStmt xml:id="NM">
               <name>Noah Millstone</name>
               <resp>Principal Investigator MPESE</resp>
            </respStmt>
            <respStmt xml:id="SV">
               <name>Sebastiaan Verweij</name>
               <resp>Co-Investigator MPESE</resp>
            </respStmt>
            <respStmt xml:id="RB">
               <name>Richard Bell</name>
               <resp>Research Associate</resp>
            </respStmt>
            <respStmt xml:id="MJ">
               <name>Mike Jones</name>
               <resp>Research Software Engineer</resp>
            </respStmt>
         </titleStmt>
         <publicationStmt xml:id="mpese_pubstat">
            <publisher>Manuscript Pamphleteering in Early Stuart England (MPESE)</publisher>
            <date when="2017">2017</date>
         </publicationStmt>
         <sourceDesc>
            <listBibl xml:id="mss_witness">
               <bibl>
               </bibl>
            </listBibl><listBibl xml:id="mss_witness_generated"><!--Generated by create_witness_list.xql (2018-09-25T17:41:59.792+01:00)--><bibl><ref type="ms" target="../mss/Alnwick_Castle_MS_10.xml">Alnwick Castle,  MS 10, ff. 259r–261r</ref></bibl><bibl><ref type="ms" target="../mss/BLCottonMSTitusCVII.xml">British Library, Cotton MS Titus C VII, ff. 20r–22r</ref></bibl><bibl><ref type="ms" target="../mss/BLHarleyMS1877.xml">British Library, Harley MS 1877, ff. 84r–85v</ref></bibl><bibl><ref type="ms" target="../mss/BLHarleyMS5191.xml">British Library, Harley MS 5191, ff. 6r–8x</ref></bibl><bibl><ref type="ms" target="../mss/BLSloaneMS1710.xml">British Library, Sloane MS 1710, ff. 136x–139x</ref></bibl><bibl><ref type="ms" target="../mss/BL_Add_MS_72416.xml">British Library, Additional MS 72416, ff. 13r–14v</ref></bibl><bibl><ref type="ms" target="../mss/BL_Add_MS_72416.xml">British Library, Additional MS 72416, ff. 15r–16v</ref></bibl><bibl><ref type="ms" target="../mss/BL_Add_MS_72416.xml">British Library, Additional MS 72416, ff. 17r–18v</ref></bibl><bibl><ref type="ms" target="../mss/BL_Hargrave_MS_489.xml">British Library, Hargrave MS 489, ff. 94r–96v</ref></bibl><bibl><ref type="ms" target="../mss/BL_Stowe_MS_156.xml">British Library, Stowe MS 156, ff. 39v–43v</ref></bibl><bibl><ref type="ms" target="../mss/BL_Stowe_MS_298.xml">British Library, Stowe MS 298, ff. 178v–182r</ref></bibl><bibl><ref type="ms" target="../mss/BL_Stowe_MS_402.xml">British Library, Stowe MS 402, ff. 32r–33r</ref></bibl><bibl><ref type="ms" target="../mss/Bodl_MS_Ashmole_830.xml">Bodleian Library,  MS Ashmole 830, ff. 125r–126v</ref></bibl><bibl><ref type="ms" target="../mss/Bodl_MS_Carte_107.xml">Bodleian Library,  MS Carte 107, ff. 62r–65v</ref></bibl><bibl><ref type="ms" target="../mss/Bodl_MS_Tanner_114.xml">Bodleian Library,  MS Tanner 114, ff. 161r–162r</ref></bibl><bibl><ref type="ms" target="../mss/Bodl_MS_Tanner_304.xml">Bodleian Library,  MS Tanner 304, ff. 64v–66r</ref></bibl><bibl><ref type="ms" target="../mss/FolgerMSVb50.xml">Folger Shakespeare Library,  MS V.b.50, pp135–143</ref></bibl><bibl><ref type="ms" target="../mss/Harvard_Law_School_MS_1026.xml">Harvard Law School,  MS 1026, ff. 92r–95v</ref></bibl><bibl><ref type="ms" target="../mss/Inner_Temple_Petyt_MS_538_18.xml">Inner Temple Library, Petyt MS 538/18, ff. 200v–205r</ref></bibl><bibl><ref type="ms" target="../mss/LPL_MS_2858.xml">Lambeth Palace Library,  MS 2858, ff. 182–188r</ref></bibl></listBibl>
         </sourceDesc>
      </fileDesc>
      <profileDesc>
         <abstract>
            <p><!-- date and place --></p>
         </abstract>
         <creation>
            <date when="1616">1616</date>
            <placeName/>
         </creation>
         <textClass>
            <keywords n="text-type">
               <term/>
            </keywords>
         </textClass>
         <textClass>
            <keywords n="topic-keyword">
               <term/>
            </keywords>
         </textClass>
      </profileDesc>
      <encodingDesc>
         <editorialDecl>
            <p><!-- build this info as we go along --></p>
         </editorialDecl>
      </encodingDesc>
      <revisionDesc>
         <listChange>
            <change when="2018-07-05" who="#RB" status="placeholder"/>
         </listChange>
      </revisionDesc>
   </teiHeader>
   <text>
      <body>
         <p/>
      </body>
   </text>
</TEI>