<TEI xmlns="http://www.tei-c.org/ns/1.0" xmlns:xi="http://www.w3.org/2001/XInclude">
   <teiHeader>
      <fileDesc>
         <titleStmt>
            <title>Star Chamber Proceedings Against Henry Sherfield</title>
            <author/>
            <respStmt xml:id="NM">
               <name>Noah Millstone</name>
               <resp>Principal Investigator MPESE</resp>
            </respStmt>
            <respStmt xml:id="SV">
               <name>Sebastiaan Verweij</name>
               <resp>Co-Investigator MPESE</resp>
            </respStmt>
            <respStmt xml:id="RB">
               <name>Richard Bell</name>
               <resp>Research Associate</resp>
            </respStmt>
            <respStmt xml:id="MJ">
               <name>Mike Jones</name>
               <resp>Research Software Engineer</resp>
            </respStmt>
         </titleStmt>
         <publicationStmt xml:id="mpese_pubstat">
            <publisher>Manuscript Pamphleteering in Early Stuart England (MPESE)</publisher>
            <date when="2017">2017</date>
         </publicationStmt>
         <sourceDesc>
            <listBibl xml:id="mss_witness">
               <bibl>
               </bibl>
            </listBibl><listBibl xml:id="mss_witness_generated"><!--Generated by create_witness_list.xql (2018-09-25T17:41:59.792+01:00)--><bibl><ref type="ms" target="../mss/CUL_MS_Dd1173.xml">Cambridge University Library,  MS Dd.11.73, ff. 35r–v</ref></bibl><bibl><ref type="ms" target="../mss/CUL_MS_Dd623.xml">Cambridge University Library,  MS Dd.6.23, pp42–93</ref></bibl><bibl><ref type="ms" target="../mss/HALS_XIIA13.xml">Hertfordshire Archives and Local Studies,  XII.A.13, ff. 1r–55r</ref></bibl><bibl><ref type="ms" target="../mss/Longleat_House_MS_112.xml">Longleat House,  MS 112, ff. 55–123</ref></bibl><bibl><ref type="ms" target="../mss/Queens_College_Oxford_MS_291.xml">Queen's College,  MS 291, ff42</ref></bibl><bibl><ref type="ms" target="../mss/UCL_Ogden_MS_7_11.xml">UCL, Ogden MS 7/11, ff. 69v–66v</ref></bibl></listBibl>
         </sourceDesc>
      </fileDesc>
      <profileDesc>
         <abstract>
            <p><!-- date and place --></p>
         </abstract>
         <creation>
            <date when="1632">1632</date>
            <placeName/>
         </creation>
         <textClass>
            <keywords n="text-type">
               <term>legal proceedings</term>
            </keywords>
         </textClass>
         <textClass>
            <keywords n="topic-keyword">
               <term>Star Chamber</term>
            </keywords>
         </textClass>
      </profileDesc>
      <encodingDesc>
         <editorialDecl>
            <p><!-- build this info as we go along --></p>
         </editorialDecl>
      </encodingDesc>
      <revisionDesc>
         <listChange>
            <change when="2018-07-05" who="#RB" status="placeholder"/>
         </listChange>
      </revisionDesc>
   </teiHeader>
   <text>
      <body>
         <p/>
      </body>
   </text>
</TEI>