<TEI xmlns="http://www.tei-c.org/ns/1.0" xmlns:xi="http://www.w3.org/2001/XInclude">
   <teiHeader>
      <fileDesc>
         <titleStmt>
            <title>Remonstrance Against Ship Money</title>
            <author>
               <persName corresp="../people/people.xml#P0205">William Prynne</persName>
            </author>
            <respStmt xml:id="NM">
               <name>Noah Millstone</name>
               <resp>Principal Investigator MPESE</resp>
            </respStmt>
            <respStmt xml:id="SV">
               <name>Sebastiaan Verweij</name>
               <resp>Co-Investigator MPESE</resp>
            </respStmt>
            <respStmt xml:id="RB">
               <name>Richard Bell</name>
               <resp>Research Associate</resp>
            </respStmt>
            <respStmt xml:id="MJ">
               <name>Mike Jones</name>
               <resp>Research Software Engineer</resp>
            </respStmt>
         </titleStmt>
         <publicationStmt xml:id="mpese_pubstat">
            <publisher>Manuscript Pamphleteering in Early Stuart England (MPESE)</publisher>
            <date when="2017">2017</date>
         </publicationStmt>
         <sourceDesc>
            <listBibl xml:id="mss_witness">
               <bibl>
               </bibl>
            </listBibl><listBibl xml:id="mss_witness_generated"><!--Generated by create_witness_list.xql (2018-09-25T17:41:59.792+01:00)--><bibl><ref type="ms" target="../mss/BLHarleyMS737.xml">British Library, Harley MS 737, ff. 252r–315x</ref></bibl><bibl><ref type="ms" target="../mss/TNA_SP_16_536.xml">The National Archives,  SP 16/536, /77 [ff.136r–201r]</ref></bibl><bibl><ref type="ms" target="../mss/TNA_SP_16_536.xml">The National Archives,  SP 16/536, /78 [ff.202r–245r]</ref></bibl></listBibl>
            <listBibl xml:id="C17_print_witness">
               <bibl>
                  <author>
                     <persName corresp="../people/people.xml#P0205">William Prynne</persName>
                  </author>
                  <title>An humble remonstrance to His Maiesty, against the tax of ship-money imposed, laying open the illegalitie, abuse, and inconvenience thereof</title>
                  <date when="1641">1641</date>
                  <idno type="Wing">P3983</idno>
               </bibl>
               <bibl>
                  <author>
                     <persName corresp="../people/people.xml#P0205">William Prynne</persName>
                  </author>
                  <title>An humble remonstrance against the tax of ship-money lately imposed: laying open the illegality, injustice, abuses, and inconveniences thereof</title>
                  <date when="1643">1643</date>
                  <idno type="Wing">P3982</idno>
               </bibl>
            </listBibl>
         </sourceDesc>
      </fileDesc>
      <profileDesc>
         <abstract>
            <p><!-- date and place --></p>
         </abstract>
         <creation>
            <date when="1636">1636-1637</date>
            <placeName/>
         </creation>
         <textClass>
            <keywords n="text-type">
               <term/>
            </keywords>
         </textClass>
         <textClass>
            <keywords n="topic-keyword">
               <term>ship money</term>
            </keywords>
         </textClass>
      </profileDesc>
      <encodingDesc>
         <editorialDecl>
            <p><!-- build this info as we go along --></p>
         </editorialDecl>
      </encodingDesc>
      <revisionDesc>
         <listChange>
            <change when="2018-07-05" who="#RB" status="placeholder"/>
         </listChange>
      </revisionDesc>
   </teiHeader>
   <text>
      <body>
         <p/>
      </body>
   </text>
</TEI>