<TEI xmlns="http://www.tei-c.org/ns/1.0" xmlns:xi="http://www.w3.org/2001/XInclude">
   <teiHeader>
      <fileDesc>
         <titleStmt>
            <title>Letter to Sir Robert Carr</title>
            <author>
               <persName corresp="../people/people.xml#P0017">Sir Walter Raleigh</persName>
            </author>
            <respStmt xml:id="NM">
               <name>Noah Millstone</name>
               <resp>Principal Investigator MPESE</resp>
            </respStmt>
            <respStmt xml:id="SV">
               <name>Sebastiaan Verweij</name>
               <resp>Co-Investigator MPESE</resp>
            </respStmt>
            <respStmt xml:id="RB">
               <name>Richard Bell</name>
               <resp>Research Associate</resp>
            </respStmt>
            <respStmt xml:id="MJ">
               <name>Mike Jones</name>
               <resp>Research Software Engineer</resp>
            </respStmt>
         </titleStmt>
         <publicationStmt xml:id="mpese_pubstat">
            <publisher>Manuscript Pamphleteering in Early Stuart England (MPESE)</publisher>
            <date when="2017">2017</date>
         </publicationStmt>
         <sourceDesc>
            <listBibl xml:id="mss_witness">
               <bibl>
               </bibl>
            </listBibl><listBibl xml:id="mss_witness_generated"><!--Generated by create_witness_list.xql (2018-09-25T17:41:59.792+01:00)--><bibl><ref type="ms" target="../mss/BLAddMS22587.xml">British Library, Additional MS 22587, ff. 37r–v</ref></bibl><bibl><ref type="ms" target="../mss/BLAddMS40838.xml">British Library, Additional MS 40838, ff. 31r–v</ref></bibl><bibl><ref type="ms" target="../mss/BLAddMS4106.xml">British Library, Additional MS 4106, ff. 81r–v</ref></bibl><bibl><ref type="ms" target="../mss/BLAddMS44848.xml">British Library, Additional MS 44848, ff. 167v–168r</ref></bibl><bibl><ref type="ms" target="../mss/BLAddMS69394.xml">British Library, Additional MS 69394, ff. 63v–64r</ref></bibl><bibl><ref type="ms" target="../mss/BLAddMS73086.xml">British Library, Additional MS 73086, f. 1r</ref></bibl><bibl><ref type="ms" target="../mss/BLAddMS73087.xml">British Library, Additional MS 73087, ff. 28r–29r</ref></bibl><bibl><ref type="ms" target="../mss/BLCottonMSTitusCVII.xml">British Library, Cotton MS Titus C VII, f. 98r</ref></bibl><bibl><ref type="ms" target="../mss/BLEgertonMS3876.xml">British Library, Egerton MS 3876, f. 217r</ref></bibl><bibl><ref type="ms" target="../mss/BLHarleyMS1576.xml">British Library, Harley MS 1576, f. 95v</ref></bibl><bibl><ref type="ms" target="../mss/BLHarleyMS4761.xml">British Library, Harley MS 4761, ff. 22r–23r</ref></bibl><bibl><ref type="ms" target="../mss/BLHarleyMS6242.xml">British Library, Harley MS 6242, ff. 91r–v</ref></bibl><bibl><ref type="ms" target="../mss/BLHarleyMS787.xml">British Library, Harley MS 787, f. 59r</ref></bibl><bibl><ref type="ms" target="../mss/BLSloaneMS3520.xml">British Library, Sloane MS 3520, ff. 13r–14v</ref></bibl><bibl><ref type="ms" target="../mss/BL_Egerton_MS_2884.xml">British Library, Egerton MS 2884, f. 12r</ref></bibl><bibl><ref type="ms" target="../mss/BL_Harley_MS_1221.xml">British Library, Harley MS 1221, ff. 94v–95r</ref></bibl><bibl><ref type="ms" target="../mss/BL_Sloane_MS_3079.xml">British Library, Sloane MS 3079</ref></bibl><bibl><ref type="ms" target="../mss/BL_Stowe_MS_180.xml">British Library, Stowe MS 180, f. 26x</ref></bibl><bibl><ref type="ms" target="../mss/Beinecke_Osborn_fb243.xml">Beinecke Library, Osborn fb243</ref></bibl><bibl><ref type="ms" target="../mss/Bodl_MS_Ashmole_781.xml">Bodleian Library,  MS Ashmole 781, f. 96</ref></bibl><bibl><ref type="ms" target="../mss/Bodl_MS_Tanner_82.xml">Bodleian Library,  MS Tanner 82, ff. 244r–245r</ref></bibl><bibl><ref type="ms" target="../mss/CUL_MS_Ee523.xml">Cambridge University Library,  MS Ee.5.23, p418</ref></bibl><bibl><ref type="ms" target="../mss/FolgerMSVa130.xml">Folger Shakespeare Library,  MS V.a.130, part II, 9v–10r</ref></bibl><bibl><ref type="ms" target="../mss/GonvilleCaius_College_MS_7340.xml">Gonville &amp; Caius College,  MS 73/40, f. 195v</ref></bibl><bibl><ref type="ms" target="../mss/Huntington_EL_6232.xml">Huntington Library,  EL 6232</ref></bibl><bibl><ref type="ms" target="../mss/Huntington_HM_267.xml">Huntington Library,  HM 267, item 5</ref></bibl><bibl><ref type="ms" target="../mss/Huntington_HM_36836.xml">Huntington Library,  HM 36836, ff. 120–123</ref></bibl><bibl><ref type="ms" target="../mss/Inner_Temple_Petyt_MS_538_36.xml">Inner Temple Library, Petyt MS 538/36, ff. 80v–81r</ref></bibl><bibl><ref type="ms" target="../mss/Lincolns_Inn_Maynard_MS_59.xml">Lincoln's Inn, Maynard MS 59, ff. 343r–v</ref></bibl><bibl><ref type="ms" target="../mss/Queens_College_Oxford_MS_121.xml">Queen's College,  MS 121, f. 499</ref></bibl><bibl><ref type="ms" target="../mss/Queens_College_Oxford_MS_130.xml">Queen's College,  MS 130, ff. 122–123</ref></bibl><bibl><ref type="ms" target="../mss/Queens_College_Oxford_MS_32.xml">Queen's College,  MS 32, f. 9r</ref></bibl><bibl><ref type="ms" target="../mss/University_College_Oxford_MS_152.xml">University College,  MS 152 [on deposit at the Bodleian], ff. 51–53</ref></bibl></listBibl>
         </sourceDesc>
      </fileDesc>
      <profileDesc>
         <abstract>
            <p><!-- date and place --></p>
         </abstract>
         <creation>
            <date when="1608">1608?</date>
            <placeName/>
         </creation>
         <textClass>
            <keywords n="text-type">
               <term>letter</term>
            </keywords>
         </textClass>
         <textClass>
            <keywords n="topic-keyword">
               <term/>
            </keywords>
         </textClass>
      </profileDesc>
      <encodingDesc>
         <editorialDecl>
            <p><!-- build this info as we go along --></p>
         </editorialDecl>
      </encodingDesc>
      <revisionDesc>
         <listChange>
            <change when="2018-07-05" who="#RB" status="placeholder"/>
         </listChange>
      </revisionDesc>
   </teiHeader>
   <text>
      <body>
         <p/>
      </body>
   </text>
</TEI>