<TEI xmlns="http://www.tei-c.org/ns/1.0" xmlns:xi="http://www.w3.org/2001/XInclude">
   <teiHeader>
      <fileDesc>
         <titleStmt>
            <title>The Short Apology on his Return from Guiana</title>
            <author>
               <persName corresp="../people/people.xml#P0017">Sir Walter Raleigh</persName>
            </author>
            <respStmt xml:id="NM">
               <name>Noah Millstone</name>
               <resp>Principal Investigator MPESE</resp>
            </respStmt>
            <respStmt xml:id="SV">
               <name>Sebastiaan Verweij</name>
               <resp>Co-Investigator MPESE</resp>
            </respStmt>
            <respStmt xml:id="RB">
               <name>Richard Bell</name>
               <resp>Research Associate</resp>
            </respStmt>
            <respStmt xml:id="MJ">
               <name>Mike Jones</name>
               <resp>Research Software Engineer</resp>
            </respStmt>
         </titleStmt>
         <publicationStmt xml:id="mpese_pubstat">
            <publisher>Manuscript Pamphleteering in Early Stuart England (MPESE)</publisher>
            <date when="2017">2017</date>
         </publicationStmt>
         <sourceDesc>
            <listBibl xml:id="mss_witness">
               <bibl>
               </bibl>
            </listBibl><listBibl xml:id="mss_witness_generated"><!--Generated by create_witness_list.xql (2018-09-25T17:41:59.792+01:00)--><bibl><ref type="ms" target="../mss/BLAddMS22587.xml">British Library, Additional MS 22587, ff. 5r–7r</ref></bibl><bibl><ref type="ms" target="../mss/BLAddMS72354.xml">British Library, Additional MS 72354, f. 47r</ref></bibl><bibl><ref type="ms" target="../mss/BLCottonMSTitusCVII.xml">British Library, Cotton MS Titus C VII, f. 93v</ref></bibl><bibl><ref type="ms" target="../mss/BnF_CinqCents_de_Colbert_ms_467.xml">Bibliothèque nationale de France, Cinq-Cents de Colbert ms 467, f. 72r</ref></bibl><bibl><ref type="ms" target="../mss/Bodl_MS_Eng_hist_c_121.xml">Bodleian Library,  MS Eng. hist. c. 121, ff. 7r–8v</ref></bibl><bibl><ref type="ms" target="../mss/Bodl_MS_Rawlinson_D_280.xml">Bodleian Library,  MS Rawlinson D 280, ff. 42r–45v</ref></bibl><bibl><ref type="ms" target="../mss/Bodl_MS_Rawlinson_D_859.xml">Bodleian Library,  MS Rawlinson D 859, ff. 87r–88r</ref></bibl><bibl><ref type="ms" target="../mss/Bodl_MS_Tanner_74.xml">Bodleian Library,  MS Tanner 74, ff. 140r–141r</ref></bibl><bibl><ref type="ms" target="../mss/Bodl_MS_Tanner_74.xml">Bodleian Library,  MS Tanner 74, ff. 142r–143r</ref></bibl><bibl><ref type="ms" target="../mss/Folger_MS_V_a_418.xml">Folger Shakespeare Library,  MS V.a.418, ff. 8r–10r</ref></bibl><bibl><ref type="ms" target="../mss/Folger_MS_V_b_303.xml">Folger Shakespeare Library,  MS V.b.303, pp229–230</ref></bibl><bibl><ref type="ms" target="../mss/GonvilleCaius_College_MS_7340.xml">Gonville &amp; Caius College,  MS 73/40, ff. 204r–205r</ref></bibl><bibl><ref type="ms" target="../mss/Inner_Temple_Petyt_MS_538_18.xml">Inner Temple Library, Petyt MS 538/18, ff. 217r–220r</ref></bibl><bibl><ref type="ms" target="../mss/Jesus_College_Oxford_MS_83.xml">Jesus College,  MS 83 [on deposit in Bodleian], ff. 67v–68v</ref></bibl><bibl><ref type="ms" target="../mss/St_Johns_College_Cambridge_MS_I4.xml">St John's College,  MS I.4, Item 2</ref></bibl><bibl><ref type="ms" target="../mss/TNA_SP_14_103.xml">The National Archives,  SP 14/103, /51 [ff.70r–v]</ref></bibl><bibl><ref type="ms" target="../mss/TNA_SP_14_103.xml">The National Archives,  SP 14/103, /51 [ff.72r–73v]</ref></bibl></listBibl>
            <listBibl xml:id="C17_print_witness">
               <bibl>
                  <author>
                     <persName corresp="../people/people.xml#P0017">Sir Walter Raleigh</persName>
                  </author>
                  <title>Sir Walter Rawleigh His Apologie for his voyage to Guiana</title>
                  <pubPlace>London</pubPlace>
                  <date when="1650">1650</date>
                  <idno type="Wing">R154</idno>
                  <biblScope unit="page" from="68" to="69">68-69</biblScope>
               </bibl>
               <bibl>
                  <author>
                     <persName corresp="../people/people.xml#P0017">Sir Walter Raleigh</persName>
                  </author>
                  <title>Judicious and Select Essayes</title>
                  <pubPlace>London</pubPlace>
                  <date when="1650">1650</date>
                  <idno type="Wing">R170</idno>
                  <biblScope unit="page" from="68" to="69">68-69</biblScope>
               </bibl>
               <bibl>
                  <author>
                     <persName corresp="../people/people.xml#P0017">Sir Walter Raleigh</persName>
                  </author>
                  <title>Judicious and Select Essayes</title>
                  <pubPlace>London</pubPlace>
                  <date when="1667">1667</date>
                  <idno type="Wing">R171</idno>
                  <biblScope unit="page" from="68" to="69">68-69</biblScope>
               </bibl>
            </listBibl>
         </sourceDesc>
      </fileDesc>
      <profileDesc>
         <abstract>
            <p><!-- date and place --></p>
         </abstract>
         <creation>
            <date when="1618">1618</date>
            <placeName/>
         </creation>
         <textClass>
            <keywords n="text-type">
               <term/>
            </keywords>
         </textClass>
         <textClass>
            <keywords n="topic-keyword">
               <term/>
            </keywords>
         </textClass>
      </profileDesc>
      <encodingDesc>
         <editorialDecl>
            <p><!-- build this info as we go along --></p>
         </editorialDecl>
      </encodingDesc>
      <revisionDesc>
         <listChange>
            <change when="2018-07-05" who="#RB" status="placeholder"/>
         </listChange>
      </revisionDesc>
   </teiHeader>
   <text>
      <body>
         <p/>
      </body>
   </text>
</TEI>