<TEI xmlns="http://www.tei-c.org/ns/1.0" xmlns:xi="http://www.w3.org/2001/XInclude">
   <teiHeader>
      <fileDesc>
         <titleStmt>
            <title>The Humble Supplication or Remonstrance of the Noblemen, Barons, Burgesses, Ministers and Commons of Scotland to the Lords of His Majesty’s Privy Council There</title>
            <author/>
            <respStmt xml:id="NM">
                    <name>Noah Millstone</name>
                    <resp>Principal Investigator MPESE</resp>
                </respStmt>
            <respStmt xml:id="SV">
                    <name>Sebastiaan Verweij</name>
                    <resp>Co-Investigator MPESE</resp>
                </respStmt>
            <respStmt xml:id="RB">
                    <name>Richard Bell</name>
                    <resp>Research Associate</resp>
                </respStmt><respStmt xml:id="VA"><name>Victoria Anker</name><resp>BRIHC Research Impact Fellow</resp></respStmt>
            <respStmt xml:id="MJ">
                    <name>Mike Jones</name>
                    <resp>Research Software Engineer</resp>
                </respStmt>
         </titleStmt>
         <publicationStmt xml:id="mpese_pubstat">
                <publisher>Manuscript Pamphleteering in Early Stuart England (MPESE)</publisher>
                <date when="2017">2017</date>
            </publicationStmt>
         <sourceDesc>
            <!-- XInclude to pull in data from the MS XML that is the exemplar for this transcription-->
            <msDesc corresp="../mss/BLAddMS35331.xml">
               <xi:include href="../mss/BLAddMS35331.xml" xpointer="BL_Add_MS_35331"/><p xml:id="ms-label-generated">British Library, Additional MS 35331<!--Generated mss-label-job.xql (2018-09-25T17:28:20.915+01:00)--></p>
            </msDesc>
            <!-- other MSS witnesses -->
            <listBibl xml:id="mss_witness">
               <bibl>
                  <xi:include href="../mss/BLEgertonMS3876.xml" xpointer="BL_Egerton_MS_3876"/>
               </bibl>
               <bibl>
                  <xi:include href="../mss/BLHarleyMS3791.xml" xpointer="BL_Harley_MS_3791"/>
               </bibl>
               <bibl>
                  <xi:include href="../mss/BLHarleyMS3787.xml" xpointer="BL_Harley_MS_3787"/>
               </bibl>
               <bibl>
                  <xi:include href="../mss/BLLansdowneMS231.xml" xpointer="BL_Lansdowne_MS_231"/>
               </bibl>
               <bibl>
                  <xi:include href="../mss/BLHarleyMS737.xml" xpointer="BL_Harley_MS_737"/>
               </bibl>
            </listBibl><listBibl xml:id="mss_witness_generated"><!--Generated by create_witness_list.xql (2018-09-25T17:41:59.792+01:00)--><bibl><ref type="ms" target="../mss/BLEgertonMS3876.xml">British Library, Egerton MS 3876, ff. 145r–146v</ref></bibl><bibl><ref type="ms" target="../mss/BLHarleyMS3787.xml">British Library, Harley MS 3787, ff. 138r–139v</ref></bibl><bibl><ref type="ms" target="../mss/BLHarleyMS3791.xml">British Library, Harley MS 3791, ff. 11r–12r</ref></bibl><bibl><ref type="ms" target="../mss/BLHarleyMS737.xml">British Library, Harley MS 737, ff. 75v–78v</ref></bibl><bibl><ref type="ms" target="../mss/BLLansdowneMS231.xml">British Library, Lansdowne MS 231, ff. 2r–4v</ref></bibl><bibl><ref type="ms" target="../mss/PA_BRY_10.xml">Parliamentary Archives,  BRY/10, ff. 36x–37x</ref></bibl><bibl><ref type="ms" target="../mss/PA_BRY_2.xml">Parliamentary Archives,  BRY/2, ff. 3x–10x</ref></bibl></listBibl>
         </sourceDesc>
      </fileDesc>
      <profileDesc>
         <abstract>
                <p><!-- date and place --></p>
            </abstract>
         <creation>
            <date when="1637-10-26">Presented to the King on 26 October 1637, answered on 29 October 1637</date>
            <placeName/>
         </creation>
         <langUsage>
            <language ident="EN">English</language>
         </langUsage>
         <textClass>
            <keywords n="text-type">
               <term>remonstrance</term>
            </keywords>
         </textClass>
         <textClass>
            <keywords n="topic-keyword">
               <term>Scottish Church</term>
               <term>Reformation</term>
               <term>Presbyterianism</term>
               <term>ecclesiastical conflict</term>
               <term>liturgy</term>
               <term>Book of Common Prayer</term>
               <term>episcopacy</term>
            </keywords>
         </textClass>
      </profileDesc>
      <encodingDesc>
         <editorialDecl>
            <p><!-- build this info as we go along --></p>
         </editorialDecl>
      </encodingDesc>
      <revisionDesc>
         <listChange>
            <change when="2017-12-04" who="#SV" status="proofread"/>
            <change when="2017-11" who="#RB" status="draft"/>
         </listChange>
      </revisionDesc>
   </teiHeader>
   <text>
      <body>
         <!-- transcription here. Insert pb at top of the page. Observe line breaks. -->
         <pb n="67v" facs="/bl/add_ms_35331/add_ms_35331_f067v/add_ms_35331_f067v.jpg"/>
         <p>
            <add place="header">
               <hi rend="underline">October 1637.</hi>
            </add>
            <add place="LM">
               Ceremonies./
            </add>
            It is Reported that the Scottes doe much oppose the receavinge of o<ex>u</ex>r Englishe <lb/>
            Leturgie, and will not admitte of our Ceremonies into there Churches, nor <lb/>
            the eccl<ex>esiast</ex>i<ex>c</ex>all governm<ex>en</ex>t of there Churche by B<ex>ishop</ex>s &amp;c after the English manner./
         </p>
         <p rend="indent">
            A Trewe copie of a letter sente from the nobilitie of Scotland &amp; others <lb/>
            to the lordes of his ma<ex>jes</ex>ties privie Counsell of Englande
         </p>
         <p>
            <add place="LM">
               Scotlande/
            </add>
            My Lordes of secrett Councell unto yo<ex>u</ex>r Lo<ex>rdshi</ex>pps humble meanes and shewes, wee vndersub=<lb break="no"/>
            scribed, Noble men, Barrons, Burgeses, ministers and Com<ex>m</ex>ons: that wheras wee are <lb/>
            in all humility and quiet manner attendinge a gratious answere of o<ex>u</ex>r former sup=<lb break="no"/>
            plications ag<ex>ains</ex>t the <hi rend="italic">Service book</hi> impressed upon us, and ready to shewe the greate <lb/>
            inconveniences w<ex>hi</ex>ch upon the introduction therof must ensue. wee are (w<ex>i</ex>thout any <lb/>
            knowne deserte) farr beyonde expectation surprised and charged by publik procla=<lb break="no"/>
            mac<ex>i</ex>on to departe out of the Towne (meaninge Edenborough.) w<ex>i</ex>thin 24 howers <lb/>
            thereafter vnder paine of Rebellion: by w<ex>hi</ex>ch p<ex>er</ex>emptorie and vnvsuall charge <lb/>
            our feares of a more severe and stricte course of proceedinge in theise matters are <lb/>
            augmented, and the course of our supplicac<ex>i</ex>ons interrupted. Wherfore wee are <lb/>
            constrayned out of the deepe grefe of our hartes humblie to remonstrate: That <lb/>
            whereas the Archb<ex>ishop</ex> and B<ex>ishop</ex>s of this our Realme beinge intrusted by his ma<ex>jes</ex>tie <lb/>
            w<ex>i</ex>th the governm<ex>en</ex>t of the affaires of the Churche of <hi rend="italic">Englande</hi> haue drawne upp &amp; <lb/>
            sett forthe, or caused to bee drawne upp, and sett forthe and to bee enioyned vpon <lb/>
            the subiecte <hi rend="italic">Two Bookes</hi>, in the one wherof called the booke of com<ex>m</ex>on prayer <lb/>
            <add place="LM">
               book of com<ex>mon</ex> 1. <lb/>
               prayer./
            </add>
            not only are sowne the seedes of superstition Idolatrie and false doctrine, contrary <lb/>
            to the Religion established by diverse actes of p<ex>ar</ex>liam<ex>en</ex>t, But also the service booke <lb/>
            <add place="LM">
               <hi rend="align-right">
                  //⫶ <lb/>
                  ∞ <lb/>
                  //⫶ <lb/>
                  ∞
               </hi>
            </add>
            of Englande is so much abused, espetially in the matter of the <hi rend="italic">Com<ex>m</ex>union</hi>, by <lb/>
            additions, subtractions, interchanginge of wordes and sentences, falsifyinge of <lb/>
            titles, misplacinge of Collectes, to the disadvantage of Reformation, as the <lb/>
            Romishe Masse is in the mayne and substancyall pointes made upp therin, <lb/>
            as wee offer to instance in tyme and place conveniente cleane contrary <lb/>
            to and for the reversinge of the gratious intention of the blessed reformers of <lb/>
            <add place="LM">
               book of Can<ex>n</ex>ons 2.
            </add>
            Religion in Englande. In the other booke called <hi rend="italic">Cannons</hi> and constitutions for <lb/>
            the governm<ex>en</ex>t of the Churche of Scotlande they haue ordayned that whosoever <lb/>
            shall affirme that the forme of wor<ex>ship</ex> contayned in the booke of com<ex>m</ex>on prayer and <lb/>
            administration of Sacram<ex>en</ex>tes (wherof heretofore and nowe wee must iustly com=<lb break="no"/>
            plaine) doth contayne any thinge repugnante to the Scripture or are corrupt <lb/>
            superstitions or unlawfull in the service and wor<ex>ship</ex> of God shalbee excom<ex>m</ex>unicated <lb/>
            and not <add place="above">reconciled</add> <del rend="strikethrough">recovered</del> (reconciled) but by the B<ex>ishop</ex> of the place or Archb<ex>ishop</ex> of the <lb/>
            province after his repentance, and publike revocation of this his wicked <lb/>
            error. Besides 100. cannons more many of them tendinge to the Re=<lb break="no"/>
            vivinge &amp; fosteringe of abolished superstition and errors, to the overthrowe of <lb/>
            Churche discipline established by acte of p<ex>ar</ex>liam<ex>en</ex>t openinge a dore, for what <lb/>
            further innovation of religion they please to make, <hi rend="underline">in stoppinge the way w<ex>hi</ex>ch lawe <lb/>
               before did allowe unto us for suppressinge of error and superstition</hi>: And ordayninge <lb/>
            that <unclear>wherin</unclear> any of the Cannons there is not a penaltie expreslie sett downe, <hi rend="underline">the</hi> <lb/>
            <hi rend="underline">punishm<ex>en</ex>t shalbee arbitrarie as the B<ex>isho</ex>p shall thinck fitte</hi>. All w<ex>hi</ex>ch cannons <lb/>
            were never seene and allowed in our generall assemblies but <hi rend="underline">are imposed <lb/>
               contrary to lawe appointed in this kingdome for the establishinge of matters eccle=<lb break="no"/>
               siastick.</hi>/. Unto the w<ex>hi</ex>ch two bookes the foresaide prelates haue procured <lb/>
            his ma<ex>jes</ex>ties royall hande and letters Pattentes for pressinge the same vpon <lb/>
            his loyall subiectes, <hi rend="underline">and yet are they the contrivers and devisors of the same</hi>, <lb/>
            as doth clerely appeare by the frontispice of the booke of com<ex>m</ex>on prayer <lb/>
            and are begun <hi rend="underline">to urge the same </hi>not only by Iniunctions given in <lb/>
            provinciall assemblies but <hi rend="underline">also by open proclamac<ex>i</ex>on and charges of <lb/>
               horninge</hi> whereby wee are driven into such straightes as <hi rend="underline">wee must</hi>
            <fw type="catch" place="bot-right">eyther</fw>
            <pb n="68r" facs="/bl/add_ms_35331/add_ms_35331_f068r/add_ms_35331_f068r.jpg"/> 
            <hi rend="underline">either by processe of <del rend="strikethrough">Extention</del> Excomunication and horninge suffer the <lb/>
               ruyne of our estates and fortunes, or els</hi> by breache of covenante w<ex>i</ex>th God and <lb/>
            forsakinge the waye of true Religion fall vnder the wrathe of God w<ex>hi</ex>ch vnto us is <lb/>
            more grevous then deathe. Wherfore wee being p<ex>er</ex>swaded that theise there pro=<lb break="no"/>
            ceedinges are contrary to our gratious sov<ex>er</ex>aignes pious intentions, whoe out of <lb/>
            his zeale and princely care of the p<ex>re</ex>servation of true Religion established in this <lb/>
            <add place="LM">
               (<unclear>havinge</unclear>) <lb/>
               fol:
            </add>
            his ancyente kingdome <hi rend="underline">hath ratified the same in his highnesse p<ex>ar</ex>liam<ex>en</ex>t 1633 <lb/>
               and so his highnesse to bee highly wronged by the saide Prelates</hi> whoe haue <lb/>
            soe farre abused there credite w<ex>i</ex>th soe good a kinge as thus to ensnare subiectes <lb/>
            rente our Churche, vndermyne religion, endoctrine Sacram<ex>en</ex>ts, &amp; discipline <lb/>
            <hi rend="underline">move discontente betwixte the kinge and his subiectes</hi>, and discorde betweene <lb/>
            Subiecte and Subiecte contrary to the severall actes of p<ex>ar</ex>liam<ex>en</ex>t. <hi rend="underline">Wee</hi> out of o<ex>u</ex>r <lb/>
            <add place="LM">
               <hi rend="align-right">
                  //⫶ <lb/>
                  ∞ <lb/>
                  //⫶ <lb/>
                  ∞
               </hi>
            </add>
            bounden dutie to God, our kinge and native Country <hi rend="underline">complaine of theise <lb/>
               foresaide Prelates</hi>, humbly cravinge that this matter may bee putt to <lb/>
            tryall and theise our p<ex>ar</ex>ties may bee taken order with, <hi rend="underline">and that they bee <lb/>
               not suffred to site any longer as our Iudges</hi> vntill our cause bee tryed &amp; <lb/>
            decided accordinge to Iustice. And yf this shall seeme to yo<ex>u</ex>r Lo<ex>rdshi</ex>ps a <lb/>
            matter of higher importance then you will condiscende vnto before his <lb/>
            <add place="LM">
               see the reasons <lb/>
               adioyned in <ref type="hyperlink" target="../texts/ScotsAgainstServiceBook1637.xml">fol: <lb/>
               133./</ref>
            </add>
            ma<ex>jes</ex>tie bee acquaynted therwith, then wee humbly supplicate that this o<ex>u</ex>r <lb/>
            greivance and complainte may bee fully represented to his maiestie <lb/>
            that from the influence of his ma<ex>jes</ex>ties gratious governm<ex>en</ex>t and Iustice <lb/>
            theise wronges may bee redressed, and wee haue the happinesse to enioye <lb/>
            the Religion as yt hath bynn reformed in this lande and established by actes and <lb/>
            Statutes of this Realme/
         </p>
         <cb rend="align-left"/>
         <p>
            This was p<ex>re</ex>sented to the kinge the <lb/>
            26: of October, and answered y<hi rend="superscript">e</hi> <lb/>
            29. of the same monethe 1637./
         </p>
         <p>
            written out of S<ex>i</ex>r Io Poles copie/
         </p>
         <cb rend="align-right"/>
         <p>
            They haue 3 yeres to consider <lb/>
            of the acceptance therof in the <lb/>
            meane tyme not to bee <del rend="strikethrough">mo=</del> <lb/>
            molested any more in that <lb/>
            kynde./
         </p>
      </body>
   </text>
   <facsimile>
      <graphic n="1" url="/bl/add_ms_35331/add_ms_35331_f067v/add_ms_35331_f067v.jpg"/>
      <graphic n="2" url="/bl/add_ms_35331/add_ms_35331_f068r/add_ms_35331_f068r.jpg"/>
   </facsimile>
</TEI>