<TEI xmlns="http://www.tei-c.org/ns/1.0" xmlns:xi="http://www.w3.org/2001/XInclude">
   <teiHeader>
      <fileDesc>
         <titleStmt>
            <title>Discourse Touching the Ancient Mention, Conjunction Or Division of Two Great Offices of State, the Chancellorship and Keeper of the Great Seal of England</title>
            <author>
               <persName corresp="../people/people.xml#P0208">John Selden</persName>
            </author>
            <respStmt xml:id="NM">
               <name>Noah Millstone</name>
               <resp>Principal Investigator MPESE</resp>
            </respStmt>
            <respStmt xml:id="SV">
               <name>Sebastiaan Verweij</name>
               <resp>Co-Investigator MPESE</resp>
            </respStmt>
            <respStmt xml:id="RB">
               <name>Richard Bell</name>
               <resp>Research Associate</resp>
            </respStmt>
            <respStmt xml:id="MJ">
               <name>Mike Jones</name>
               <resp>Research Software Engineer</resp>
            </respStmt>
         </titleStmt>
         <publicationStmt xml:id="mpese_pubstat">
            <publisher>Manuscript Pamphleteering in Early Stuart England (MPESE)</publisher>
            <date when="2017">2017</date>
         </publicationStmt>
         <sourceDesc>
            <listBibl xml:id="mss_witness">
               <bibl>
               </bibl>
            </listBibl><listBibl xml:id="mss_witness_generated"><!--Generated by create_witness_list.xql (2018-09-25T17:41:59.792+01:00)--><bibl><ref type="ms" target="../mss/BL_Hargrave_MS_165.xml">British Library, Hargrave MS 165, ff. 153r–157v</ref></bibl><bibl><ref type="ms" target="../mss/BL_Harley_MS_2208.xml">British Library, Harley MS 2208, ff. 228r–234r</ref></bibl><bibl><ref type="ms" target="../mss/BL_Harley_MS_6234.xml">British Library, Harley MS 6234, ff. 4r–9v</ref></bibl><bibl><ref type="ms" target="../mss/Beinecke_Osborn_fb60.xml">Beinecke Library, Osborn fb60, ff. 469r–477v</ref></bibl><bibl><ref type="ms" target="../mss/Bodl_MS_Ashmole_1142.xml">Bodleian Library,  MS Ashmole 1142, item , ff9</ref></bibl><bibl><ref type="ms" target="../mss/Harvard_Law_School_MS_1026.xml">Harvard Law School,  MS 1026, ff. 140v–146v</ref></bibl></listBibl>
         </sourceDesc>
      </fileDesc>
      <profileDesc>
         <abstract>
            <p><!-- date and place --></p>
         </abstract>
         <creation>
            <date when="1617">1617</date>
            <placeName/>
         </creation>
         <textClass>
            <keywords n="text-type">
               <term/>
            </keywords>
         </textClass>
         <textClass>
            <keywords n="topic-keyword">
               <term/>
            </keywords>
         </textClass>
      </profileDesc>
      <encodingDesc>
         <editorialDecl>
            <p><!-- build this info as we go along --></p>
         </editorialDecl>
      </encodingDesc>
      <revisionDesc>
         <listChange>
            <change when="2018-07-05" who="#RB" status="placeholder"/>
         </listChange>
      </revisionDesc>
   </teiHeader>
   <text>
      <body>
         <p/>
      </body>
   </text>
</TEI>