<TEI xmlns="http://www.tei-c.org/ns/1.0" xmlns:xi="http://www.w3.org/2001/XInclude">
   <teiHeader>
      <fileDesc>
         <titleStmt>
            <title>Case Against William Prynne and Michael Sparkes in Star Chamber</title>
            <author/>
            <respStmt xml:id="NM">
               <name>Noah Millstone</name>
               <resp>Principal Investigator MPESE</resp>
            </respStmt>
            <respStmt xml:id="SV">
               <name>Sebastiaan Verweij</name>
               <resp>Co-Investigator MPESE</resp>
            </respStmt>
            <respStmt xml:id="RB">
               <name>Richard Bell</name>
               <resp>Research Associate</resp>
            </respStmt>
            <respStmt xml:id="MJ">
               <name>Mike Jones</name>
               <resp>Research Software Engineer</resp>
            </respStmt>
         </titleStmt>
         <publicationStmt xml:id="mpese_pubstat">
            <publisher>Manuscript Pamphleteering in Early Stuart England (MPESE)</publisher>
            <date when="2017">2017</date>
         </publicationStmt>
         <sourceDesc>
            <listBibl xml:id="mss_witness">
               <bibl>
               </bibl>
            </listBibl><listBibl xml:id="mss_witness_generated"><!--Generated by create_witness_list.xql (2018-09-25T17:41:59.792+01:00)--><bibl><ref type="ms" target="../mss/BL_Add_MS_11764.xml">British Library, Additional MS 11764, ff. 8r–30r</ref></bibl><bibl><ref type="ms" target="../mss/BL_Stowe_MS_159.xml">British Library, Stowe MS 159, ff. 45r–78x</ref></bibl><bibl><ref type="ms" target="../mss/Bodl_MS_Douce_173.xml">Bodleian Library,  MS Douce 173, ff. 1r–22r</ref></bibl><bibl><ref type="ms" target="../mss/CUL_MS_Dd623.xml">Cambridge University Library,  MS Dd.6.23, pp21–41</ref></bibl><bibl><ref type="ms" target="../mss/Huntington_HM_80.xml">Huntington Library,  HM 80, ff56</ref></bibl><bibl><ref type="ms" target="../mss/Longleat_House_MS_112.xml">Longleat House,  MS 112, ff. 178–194</ref></bibl><bibl><ref type="ms" target="../mss/Longleat_House_MS_112.xml">Longleat House,  MS 112, ff. 195–204</ref></bibl><bibl><ref type="ms" target="../mss/NorthsRO_FH88.xml">Northamptonshire Record Office,  FH88, ff11</ref></bibl></listBibl>
         </sourceDesc>
      </fileDesc>
      <profileDesc>
         <abstract>
            <p><!-- date and place --></p>
         </abstract>
         <creation>
            <date when="1634">1634</date>
            <placeName/>
         </creation>
         <textClass>
            <keywords n="text-type">
               <term/>
            </keywords>
         </textClass>
         <textClass>
            <keywords n="topic-keyword">
               <term/>
            </keywords>
         </textClass>
      </profileDesc>
      <encodingDesc>
         <editorialDecl>
            <p><!-- build this info as we go along --></p>
         </editorialDecl>
      </encodingDesc>
      <revisionDesc>
         <listChange>
            <change when="2018-07-05" who="#RB" status="placeholder"/>
         </listChange>
      </revisionDesc>
   </teiHeader>
   <text>
      <body>
         <p/>
      </body>
   </text>
</TEI>