<TEI xmlns="http://www.tei-c.org/ns/1.0" xmlns:xi="http://www.w3.org/2001/XInclude">
   <teiHeader>
      <fileDesc>
         <titleStmt>
            <title>Case of the Earl of Suffolk in Star Chamber</title>
            <author>
               <persName corresp="../people/people.xml#P0">Star Chamber</persName>
            </author>
            <respStmt xml:id="NM">
               <name>Noah Millstone</name>
               <resp>Principal Investigator MPESE</resp>
            </respStmt>
            <respStmt xml:id="SV">
               <name>Sebastiaan Verweij</name>
               <resp>Co-Investigator MPESE</resp>
            </respStmt>
            <respStmt xml:id="RB">
               <name>Richard Bell</name>
               <resp>Research Associate</resp>
            </respStmt>
            <respStmt xml:id="MJ">
               <name>Mike Jones</name>
               <resp>Research Software Engineer</resp>
            </respStmt>
         </titleStmt>
         <publicationStmt xml:id="mpese_pubstat">
            <publisher>Manuscript Pamphleteering in Early Stuart England (MPESE)</publisher>
            <date when="2017">2017</date>
         </publicationStmt>
         <sourceDesc>
            <listBibl xml:id="mss_witness">
               <bibl>
               </bibl>
            </listBibl><listBibl xml:id="mss_witness_generated"><!--Generated by create_witness_list.xql (2018-09-25T17:41:59.792+01:00)--><bibl><ref type="ms" target="../mss/BL_Stowe_MS_159.xml">British Library, Stowe MS 159, ff. 3x–14x</ref></bibl><bibl><ref type="ms" target="../mss/Bodl_MS_Eng_hist_c_319.xml">Bodleian Library,  MS Eng. hist. c. 319, ff. 23r–34v</ref></bibl><bibl><ref type="ms" target="../mss/CUL_Add_MS_27.xml">Cambridge University Library, Additional MS 27, ff. 19r–25v</ref></bibl><bibl><ref type="ms" target="../mss/UCL_Ogden_MS_7_52.xml">UCL, Ogden MS 7/52, ff. 143–148r</ref></bibl><bibl><ref type="ms" target="../mss/Wellcome_Library_MS_805.xml">Wellcome Library,  MS 805, ff. 70r–78r</ref></bibl><bibl><ref type="ms" target="../mss/Woburn_Abbey_MS_237.xml">Woburn Abbey,  MS 237</ref></bibl></listBibl>
         </sourceDesc>
      </fileDesc>
      <profileDesc>
         <abstract>
            <p><!-- date and place --></p>
         </abstract>
         <creation>
            <date when="1619">1619</date>
            <placeName/>
         </creation>
         <textClass>
            <keywords n="text-type">
               <term/>
            </keywords>
         </textClass>
         <textClass>
            <keywords n="topic-keyword">
               <term/>
            </keywords>
         </textClass>
      </profileDesc>
      <encodingDesc>
         <editorialDecl>
            <p><!-- build this info as we go along --></p>
         </editorialDecl>
      </encodingDesc>
      <revisionDesc>
         <listChange>
            <change when="2018-07-05" who="#RB" status="placeholder"/>
         </listChange>
      </revisionDesc>
   </teiHeader>
   <text>
      <body>
         <p/>
      </body>
   </text>
</TEI>