<TEI xmlns="http://www.tei-c.org/ns/1.0" xmlns:xi="http://www.w3.org/2001/XInclude">
   <teiHeader>
      <fileDesc>
         <titleStmt>
            <title>Argument Concerning Ship Money</title>
            <author>
               <persName corresp="../people/people.xml#P0198">Sir George Vernon</persName>
            </author>
            <respStmt xml:id="NM">
               <name>Noah Millstone</name>
               <resp>Principal Investigator MPESE</resp>
            </respStmt>
            <respStmt xml:id="SV">
               <name>Sebastiaan Verweij</name>
               <resp>Co-Investigator MPESE</resp>
            </respStmt>
            <respStmt xml:id="RB">
               <name>Richard Bell</name>
               <resp>Research Associate</resp>
            </respStmt>
            <respStmt xml:id="MJ">
               <name>Mike Jones</name>
               <resp>Research Software Engineer</resp>
            </respStmt>
         </titleStmt>
         <publicationStmt xml:id="mpese_pubstat">
            <publisher>Manuscript Pamphleteering in Early Stuart England (MPESE)</publisher>
            <date when="2017">2017</date>
         </publicationStmt>
         <sourceDesc>
            <listBibl xml:id="mss_witness">
               <bibl>
               </bibl>
            </listBibl><listBibl xml:id="mss_witness_generated"><!--Generated by create_witness_list.xql (2018-09-25T17:41:59.792+01:00)--><bibl><ref type="ms" target="../mss/All_Souls_College_MS_144.xml">All Souls College,  MS 144, ff. 38r–39r</ref></bibl><bibl><ref type="ms" target="../mss/Alnwick_Castle_MS_544.xml">Alnwick Castle,  MS 544</ref></bibl><bibl><ref type="ms" target="../mss/BLHarleyMS6241.xml">British Library, Harley MS 6241, f. 2r</ref></bibl><bibl><ref type="ms" target="../mss/BLLansdowneMS617.xml">British Library, Lansdowne MS 617, ff. 38x–39x</ref></bibl><bibl><ref type="ms" target="../mss/BLSloaneMS3933.xml">British Library, Sloane MS 3933, f. 208v</ref></bibl><bibl><ref type="ms" target="../mss/BL_Stowe_MS_405.xml">British Library, Stowe MS 405, ff. 51v–51r</ref></bibl><bibl><ref type="ms" target="../mss/Bodl_MS_Add_C_26.xml">Bodleian Library,  MS Add. C 26, ff. 490r–v</ref></bibl><bibl><ref type="ms" target="../mss/Bodl_MS_Bodley_184.xml">Bodleian Library,  MS Bodley 184, ff. 253r–254r</ref></bibl><bibl><ref type="ms" target="../mss/Bodl_MS_Rawlinson_A_469.xml">Bodleian Library,  MS Rawlinson A 469, f. 131r</ref></bibl><bibl><ref type="ms" target="../mss/Bodl_MS_Rawlinson_C_169.xml">Bodleian Library,  MS Rawlinson C 169, ff. 77r–v</ref></bibl><bibl><ref type="ms" target="../mss/Bodl_MS_Rawlinson_D_342.xml">Bodleian Library,  MS Rawlinson D 342, ff. 373r–v</ref></bibl><bibl><ref type="ms" target="../mss/CUL_MS_Dd922.xml">Cambridge University Library,  MS Dd.9.22, f. 25r</ref></bibl><bibl><ref type="ms" target="../mss/CUL_MS_Ii527.xml">Cambridge University Library,  MS Ii.5.27, ff. 250r–v</ref></bibl><bibl><ref type="ms" target="../mss/CUL_MS_Ii530.xml">Cambridge University Library,  MS Ii.5.30, ff. 316r–v</ref></bibl><bibl><ref type="ms" target="../mss/DUL_MSP_45.xml">Durham University Library, MSP 45, pp101</ref></bibl><bibl><ref type="ms" target="../mss/Harvard_Law_School_MS_1276.xml">Harvard Law School,  MS 1276</ref></bibl><bibl><ref type="ms" target="../mss/Huntington_EL_7877a.xml">Huntington Library,  EL 7877a</ref></bibl><bibl><ref type="ms" target="../mss/Huntington_HM_204.xml">Huntington Library,  HM 204, ff. 114r–v</ref></bibl><bibl><ref type="ms" target="../mss/Huntington_HM_724.xml">Huntington Library,  HM 724, f. 305</ref></bibl><bibl><ref type="ms" target="../mss/Huntington_Hastings_Ship_Money_Box.xml">Huntington Library, Hastings Ship Money Box, Item 1</ref></bibl><bibl><ref type="ms" target="../mss/Inner_Temple_Petyt_MS_538_20.xml">Inner Temple Library, Petyt MS 538/20, f. 628r</ref></bibl><bibl><ref type="ms" target="../mss/NorthsRO_FH59.xml">Northamptonshire Record Office,  FH59, ff. 40r–v</ref></bibl><bibl><ref type="ms" target="../mss/Queens_College_Oxford_MS_310.xml">Queen's College,  MS 310, ff. 145–146</ref></bibl></listBibl>
         </sourceDesc>
      </fileDesc>
      <profileDesc>
         <abstract>
            <p><!-- date and place --></p>
         </abstract>
         <creation>
            <date when="1638">1638</date>
            <placeName/>
         </creation>
         <textClass>
            <keywords n="text-type">
               <term/>
            </keywords>
         </textClass>
         <textClass>
            <keywords n="topic-keyword">
               <term>ship money</term>
            </keywords>
         </textClass>
      </profileDesc>
      <encodingDesc>
         <editorialDecl>
            <p><!-- build this info as we go along --></p>
         </editorialDecl>
      </encodingDesc>
      <revisionDesc>
         <listChange>
            <change when="2018-07-05" who="#RB" status="placeholder"/>
         </listChange>
      </revisionDesc>
   </teiHeader>
   <text>
      <body>
         <p/>
      </body>
   </text>
</TEI>