<TEI xmlns="http://www.tei-c.org/ns/1.0" xmlns:xi="http://www.w3.org/2001/XInclude">
   <teiHeader>
      <fileDesc>
         <titleStmt>
            <title>Way of Duels Before the King</title>
            <author/>
            <respStmt xml:id="NM">
               <name>Noah Millstone</name>
               <resp>Principal Investigator MPESE</resp>
            </respStmt>
            <respStmt xml:id="SV">
               <name>Sebastiaan Verweij</name>
               <resp>Co-Investigator MPESE</resp>
            </respStmt>
            <respStmt xml:id="RB">
               <name>Richard Bell</name>
               <resp>Research Associate</resp>
            </respStmt>
            <respStmt xml:id="MJ">
               <name>Mike Jones</name>
               <resp>Research Software Engineer</resp>
            </respStmt>
            <respStmt xml:id="SW">
               <name>Susan Ward</name>
               <resp>Transcription Volunteer</resp>
            </respStmt>
         </titleStmt>
         <publicationStmt xml:id="mpese_pubstat">
            <publisher>Manuscript Pamphleteering in Early Stuart England (MPESE)</publisher>
            <date when="2017">2017</date>
         </publicationStmt>
         <sourceDesc>
            <msDesc corresp="../mss/NorfRO_RYE_20.xml">
               <xi:include href="../mss/NorfRO_RYE_20.xml" xpointer="NorfRO_RYE_20"/><p xml:id="ms-label-generated">Norfolk Record Office,  RYE 20<!--Generated mss-label-job.xql (2018-09-25T17:28:20.915+01:00)--></p>
            </msDesc><listBibl xml:id="mss_witness_generated"><!--Generated by create_witness_list.xql (2018-09-25T17:41:59.792+01:00)--><bibl><ref type="ms" target="../mss/BLLansdowneMS211.xml">British Library, Lansdowne MS 211, ff. 61r–64r</ref></bibl><bibl><ref type="ms" target="../mss/BL_Add_MS_22561.xml">British Library, Additional MS 22561, ff. 13r–17r</ref></bibl><bibl><ref type="ms" target="../mss/LPL_Sion_College_MS_ARC_L_40_2_E50.xml">Lambeth Palace Library, Sion College MS ARC L.40.2/E50, ff. 45x–55x</ref></bibl><bibl><ref type="ms" target="../mss/Queens_College_Oxford_MS_121.xml">Queen's College,  MS 121, ff. 276–281</ref></bibl></listBibl>
         </sourceDesc>
      </fileDesc>
      <profileDesc>
         <abstract>
            <p><!-- date and place --></p>
         </abstract>
         <creation>
            <date/>
            <placeName/>
         </creation>
         <langUsage>
            <language ident="EN">English</language>
            <language ident="LA">Latin</language>
         </langUsage>
         <textClass>
            <keywords n="text-type">
               <term/>
            </keywords>
         </textClass>
         <textClass>
            <keywords n="topic-keyword">
               <term>duelling</term>
               <term>courtiers</term>
            </keywords>
         </textClass>
      </profileDesc>
      <encodingDesc>
         <editorialDecl>
            <p><!-- build this info as we go along --></p>
         </editorialDecl>
      </encodingDesc>
      <revisionDesc>
         <listChange>
            <change when="2018-07-05" who="#RB" status="draft"/>
            <change when="2018-08-20" who="#SW" status="transcribed"/>
         </listChange>
      </revisionDesc>
   </teiHeader>
   <text>
      <body>
         <pb ed="Item 1" n="1r" facs="/nro/rye_20/rye_20-004/rye_20-004.jpg"/>
         <head rend="align-centre">
            The way of Duells before
            the King. /
         </head>
         <p>
            When upon the exhibit of the Bill in Court before
            the Constable, the Appellant fayles in the
            proofe of his Appeale, and cannot by witnesse
            nor any other manner of way make the righte of
            his demaunde appeare, hee may offer to make
            proofe of his intent upon the defendant with his
            body by force, and if the defend<ex>an</ex>t will say, hee
            will so defend his honor, the Constable as
            Vicar Generall in Armes (for so is my
            Author) under the king hath power to ioyne
            this issue by battaile, and to assigne the tyme
            and place, so that it bee not within fortie dayes
            after the yssue in that manner ioyned, unlesse
            the agreement of the parties give themselves a
            shorter day; and upon the ioyning of the yssue by
            combate the Constable shall signifie to them
            their Armes, which are a Gauntlett and short
            sword, and a long sword and dagger, And then
            the Appellant and defendant shall both finde
            able pledges for their appearance at a certaine
            tyme, and a day sett, before the Sunne be come
            to some one degree certaynely named to acquitt
            their pledges, and the playntiff to make proofe of
            his charge, and the Applellee to make the best
            defence hee can for his honor, and that in the
            meane tyme neither of them by themselves, nor by
            any wellwillers of theirs shall lye in ambush to
            assault or worke any greivance to the other. / 
         </p>
         <fw type="catch" place="bot-right">The King</fw>
         <pb ed="Item 1" n="1v" facs="/nro/rye_20/rye_20-005/rye_20-005.jpg"/>
         <p>
            The King shall finde the feild for p<ex>er</ex>formance of
            the Duell, which must bee sixtie foote in length,
            and in breadth forty. It must be a hard and
            firme ground, nothing stony and listed about by
            the advise of the Marshall with good and
            serviceable Rayling. There must be twoe dores, the
            one in the east, and the other in the west, each of them
            of the height of seven foote or more, so that a horse
            cannot leape over them: And these dores are
            kept by the Serieant at Armes./ 
         </p>
         <p>
            The day of the battaile the King shall sitt in a
            Chaire mounted on a Scaffold, and a lowe seate
            shalbe made for the Constable and Marshall at
            the foote of the descent from the Scaffold; and
            sitting there, they demaund the pledges of the
            Appellant and defendant to come into the li<unclear>f</unclear>tes <lb/>
            and render them selves the Kinges prisoners,
            untill the Appellant and defendant are come
            in and made oath./
         </p>
         <p>
            When the Appellant comes to the feild, hee shall
            come to the dore in the East armed, and so
            appointed as the Court did order, and shall
            there attend the coming of the Constable to bring
            him in./
         </p>
         <p>
            And the Constable shall demaund of him, who
            hee is that comes thus armed to theise listes,
            what name hee beares, and the cause of his coming./ 
         </p>
         <p>
            The Appellant shall answeare I am such a man
            A: of B: Appellant, who am come mounted and
            armed as you see to the dore of these listes, to
            <fw type="catch" place="bot-right">demaund</fw>
            <pb ed="Item 1" n="2r" facs="/nro/rye_20/rye_20-005/rye_20-005.jpg"/>
            demaund an entrie, to make Endeavour to prove
            my intent against C: of D: and to acquitt my
            pledges./
         </p>
         <p>
            Then the Constable takeing upp his beaver, so assuring
            him selfe hee is the same p<ex>er</ex>son, who is the Appellant,
            shall throwe open the dore, and bidd him enter in his
            Armes with his victuales and other necessary attendance,
            and his Councell with him, and shall then bring him
            before the King, and thence to his seate, where hee
            shall attend untill the defend<ex>an</ex>t come./
         </p>
         <p>
            Then the Appellant shall make a request to the
            Constable and Marshall to discharge his pledges,
            And the Constable and Marshall shall informe his
            Ma<ex>jes</ex>tie that since the body of the Appellant is
            entred the listes to make proofe of his Appellee,
            his pledges by lawe ought to have a discharge,
            And after leave graunted by the king the
            Constable shall discharge them/
         </p>
         <p>
            If at the tyme appointed the defend<ex>an</ex>t comes
            not in to his defence, the King doeth com<ex>m</ex>aund
            the Constable to call him by the Marshall; and the
            Marshall shall com<ex>m</ex>aund the Livetenant; and the
            livetenant shall com<ex>m</ex>aund the Marshall of the
            herauldes of the South, if it be in the March of
            Clarenceux; and if the Marshall of the herauldes
            of the king of the South be not there, then a
            herauld of the March of King Clarenceux shall
            call him. And if the p<ex>er</ex>formance of the battailes
            be on the North side of the River of Trent, in
            the March of the King Norreyes, the Marshall
            of the king of the North shall demaund him, and
            in his default one of the herauldes of the March of
            king Norreyes shall call for the defend<ex>an</ex>t thus:
            <fw type="catch" place="bot-right">Oyes,</fw>
            <pb ed="Item 1" n="2v" facs="/nro/rye_20/rye_20-006/rye_20-006.jpg"/>
            Oyes, Oyes, Oyes, C: of D: defend<ex>an</ex>t come to yo<ex>u</ex>r
            action which you have undertaken this day to acquit
            yo<ex>u</ex>r pledges, in the presence of the King, Constable &amp;
            Marshall, and defend yo<ex>u</ex>r selfe against A: of B: in
            that hee shall question and charge thee./ 
         </p>
         <p>
            And if hee appeare not, hee shalbe in like manner
            thrice demaunded at the fower corners of the listes,
            onely at the second tyme hee is proclaimed, at the
            end the herauld shall say, the day is farr passed,
            So at the third tyme, the herauld at the halfe hower
            after three of the clock in the afternoone, by the
            com<ex>m</ex>aundement of the Constable, shall thus
            sum<ex>m</ex>on him.
         </p>
         <p>
            C: of D: defend<ex>an</ex>t, have your honor, and come into the
            Action, which you have undertaken at this day, the
            tyme is farr gon, the halfe hower is spent, come
            into the listes upon the perill, that shall followe
            thereon; or els you come too late./ 
         </p>
         <p>
            Then when they have both appeared the Register of
            the Constables Court shall in writing observe their
            entrance, the order and tyme, and the manner
            whether on foote, or mounted, their Armes, the
            colour of their horses, and how their horses are
            harnished, least their horses or their harnish shold
            be changed or otherwise imbeazelled. 
         </p>
         <p>
            Then the Constable shall knowe whether it will
            please the kinges Ma<ex>jes</ex>tie to appoint any of his
            Nobles to councell and advise them. 
         </p>
         <p>
            The Constable shall imploy twoe knightes or
            esquires to the Appellant to keepe his standing,
            and to care, that hee observe no charme, spell, or
            <fw type="catch" place="bot-right">other</fw>
            <pb ed="Item 1" n="3r" facs="/nro/rye_20/rye_20-006/rye_20-006.jpg"/>
            other ill Artes untill hee hath made oath, and
            with the like charge twoe others shalbe dispatched
            to the defend<ex>an</ex>t./
         </p>
         <p>
            And when the Constable hath asked his Ma<ex>jes</ex>ties
            pleasure, whether his highnes will receive their
            oathes in p<ex>er</ex>son, or that the Constable and Marshall
            take them in the listes, calling for the Appellant
            with his Councell, shall demaund of the Councell,
            if they will make any further protestation, that
            they should now putt them in, for this tyme is
            peremptory, so as hereafter no protestac<ex>i</ex>on
            shalbe received./
         </p>
         <p>
            Then the Constable shall have a Clarke ready by
            him with a booke, and the Constable shall cause
            his Register to <del rend="strikethrough">cause</del> read the whole bill to the
            Appellant, and shall say to him. 
         </p>
         <p>
            You A: of B doe you knowe this to be yo<ex>u</ex>r bill, &amp;
            the Complaynt, which you exhibited in Court before
            me? laying your right hand upon this Booke, you
            must sweare the truth of yo<ex>u</ex>r Bill in all pointes
            from the first to the last charge in it: and
            that it is your intent to prove upon C: of D the
            contentes thereof to be true; so ayd you God./
         </p>
         <p>
            The forme of it is thus: Thou A of B: this
            thy Bill is sooth in all pointes and Articles
            conteyned therein, from the begining to the end;
            and it is thyne intent to prove them this day so
            to bee on the foresaid C: of D: So God the
            helpe and hallowe./ 
         </p>
         <fw type="catch" place="bot-right">This done</fw>
         <pb ed="Item 1" n="3v" facs="/nro/rye_20/rye_20-007/rye_20-007.jpg"/>
         <p>
            This done the Appellant is remaunded to his stand./ 
         </p>
         <p>
            The defendant shalbe in like manner sworne upon
            the truthe of his defence./ 
         </p>
         <p>
            And this their first oath they ought to take
            kneeling, but by the favour of the Constable &amp;
            Marshall they sometymes doe it standing./
         </p>
         <p>
            Then the Constable shall by the Marshall call
            the Appellant before him, and tender him his
            second oath, which (if the Constable give leave)
            hee may take sitting./ 
         </p>
         <p>
            A: of B laying yo<ex>u</ex>r hand on the booke this second
            tyme, you shall sweare, that you come no <del rend="strikethrough">ou</del>
            otherwise appointed, then as by us the
            Constable and Marshall hath byn assigned; that
            is with a short sword, and a Gauntlett, a long
            sword and a dagger, that you have not any
            knife, or any other poynted Instrament or
            Engine small, or great, no stone, no hearbe of
            vertue, no charme, experiment, nor any other
            inchauntment, by whose power you beleeve, you
            may the easier overcome your Adversary, who
            within these listes shall oppose you in his defence;
            And that you trust not in any thing more then
            in God, your body and the merites of your
            quarrel. So God you helpe./ 
         </p>
         <p>
            Then being conducted to his place the keepersof
            the Listes shalbe putt out, and the defend<ex>an</ex>t in the
            same manner shalbe demeaned./
         </p>
         <fw type="catch" place="bot-right">Then the</fw>
         <pb ed="Item 1" n="4r" facs="/nro/rye_20/rye_20-007/rye_20-007.jpg"/>
         <p>
            Then the Constable and Marshall shall send
            for them both before them, and the Constable
            shall name the Appellant and defend<ex>an</ex>t, and
            shall say to them both thus; 
         </p>
         <p>
            Take yee each other by the right hand, and I
            defend, that neither of you be so hardie, as
            vyolently to handle one another upon your perill,
            and laying their left handes on the booke the
            Constable shall say; 
         </p>
         <p>
            I charge you A of B: Appellant by yo<ex>u</ex>r faith,
            and your right hand, which is inclosed in the hand
            of your Adversarie C: of D: that you use yo<ex>u</ex>r
            power, and make use of all advantages to make
            good yo<ex>u</ex>r appeale upon C: of D yo<ex>u</ex>r enemy the
            defend<ex>an</ex>t, to force him to a rendring of himselfe
            into yo<ex>u</ex>r handes by demaunding a parley, or with
            yo<ex>u</ex>r owne hand to kill him before you part out
            of these listes by that hight of the Sunn, and aye
            of the day you have assigned you by us the
            Constable and Marshall by your faith: And so
            God you helpe./
         </p>
         <p>
            The same forme shalbe observed on the part of
            the defend<ex>an</ex>t, and then they shalbe brought each
            of them to their places, the listes cleered of the
            Councell and servantes on both sides./ 
         </p>
         <p>
            The oaths thus past, an herauld by the com<ex>m</ex>aund
            of the Constable and Marshall, shall make Oyes
            thrice, and shall say, 
         </p>
         <fw type="catch" place="bot-right">Wee the</fw>
         <pb n="4v" facs="/nro/rye_20/rye_20-008/rye_20-008.jpg"/>
         <p>
            Wee the Constable and Marshall in the
            Kinges name charge and com<ex>m</ex>aund every man of
            what quality and condic<ex>i</ex>on soever hee be, that hee
            approach not within fower foote to theire listes;
            nor that hee speake any word, make any noyse
            give any signe, nor by his countenance or otherwise
            direct either of these parties A: of B: or C: of
            D: Appellant &amp; defend<ex>an</ex>t to take any advantage
            the one upon the other by any signe so given,
            upon payne of life and member, and the
            forfeiture of his chattells./
         </p>
         <p>
            Next the Constable and Marshall shall assigne
            the place, where the king at Armes, and the
            herauldes standing may have a full sight of
            the Action within the listes: for now they are
            to attend the Appellant and defendant, and
            minister to them in what they shall com<ex>m</ex>aund
            them; and if either of them fainte, or have
            either desire to eate or to drinck of their
            victuales they bring with them into the listes, it
            is the office of the herauldes to be attending
            upon them./ 
         </p>
         <p>
            If the Appellant will either eate or drinck, hee
            must first desire the good leave of the
            defendant, which shalbe by a King at Armes,
            signified to the Constable and Marshall, and
            they to attend his Ma<ex>jes</ex>tie with the desire of the
            Appellant, and the consent of the defend<ex>an</ex>t, and
            pray his Ma<ex>jes</ex>ties allowance of it; And if either
            the Appellant or the defend<ex>an</ex>t have a necessity
            to doe any other thing, the herauldes &amp; the
            Pursevantes shall attend them./ 
         </p>
         <fw type="catch" place="bot-right">After this</fw>
         <pb n="5r" facs="/nro/rye_20/rye_20-008/rye_20-008.jpg"/>
         <p>
            After this the Constable and Marshall
            freeing the listes from people of all condic<ex>i</ex>ons
            except a knight and twoe Esquires of the
            Constables trayne, the livetenant, a knight
            and twoe esquires of the Marshalls retinue,
            which shalbe in Armour bearing launces in their
            handes, which are not to be barbed with any yron,
            to part them, when his Maiestie shall give the
            word./ 
         </p>
         <p>
            These knightes and Esquires are neither to
            bring swordes, knives, bowes, nor dagge<ex>r</ex>es into the
            listes./
         </p>
         <p>
            They of the Constables side are to keepe one
            corner of the listes, and there lay themselves flatt
            on the ground; And in like manner shall they of
            the Marshalles side bestowe themselves at
            another corner of the listes; for none may appeare
            upright within the listes, save the Constable &amp;
            Marshall./
         </p>
         <p>
            And if the king be not present, then the
            Constable and Marshall shall sitt in the place
            of the king and the livetentaunt within the
            listes./
         </p>
         <p>
            But if the King be present, then the Constable
            sitting upon a seate before the king, within
            the listes, as the kinge vicar Generall, shall
            com<ex>m</ex>aund his livetenaunt to accompany the
            Appellant; And the Marshall or his livetenant
            with the like respect shall accompanie the
            defend<ex>an</ex>t./
         </p>
         <fw type="catch" place="bot-right">And the</fw>
         <pb n="5v" facs="/nro/rye_20/rye_20-009/rye_20-009.jpg"/>
         <p>
            An<unclear>d</unclear> the Constable sitting at the foote of the
            seate Royall shall speake with a loud voyce:
            let them goe, let them goe to doe their indeavours/ 
         </p>
         <p>
            This said the Appellant going to the defend<ex>an</ex>t,
            (standing in the presence of the king) shall with
            all his strength assault him, and the defend<ex>an</ex>t
            shalbe as wary as hee can in his defence./
         </p>
         <p>
            The Constable and Marshall or their livetenauntes
            ought to be within hearing, and also within sight,
            if in case either of them speake or make any
            signe hee will renounce his quarrel; or if the
            kinges Ma<ex>jes</ex>tie say but, hoo, or give any other
            signall: then they who are within the listes with
            the Constable and Marshall, throwing their
            launces betweene the Appellant and the
            defend<ex>an</ex>t, and so parting them, they shall not
            give way to either of them to assault the
            other untill the king com<ex>m</ex>aund they be free;
            or that the Constable declare his Ma<ex>jes</ex>ties
            pleasure to be so; by saying, lett them goe, the
            King wills it./
         </p>
         <p>
            Notwithstanding, that the Constable hath
            given the defend<ex>an</ex>t a sett tyme to come in
            to his p<ex>er</ex>formance, yet in case hee com<ex>m</ex>eth
            not according to the appointment of the
            Constable; of right, Iudgement shall not
            passe against him upon his default untill
            the first halfe hower after three of the
            clock be clearly passed, lett the cause be
            treasonable or otherwise./
         </p>
         <fw type="catch" place="bot-right">But the</fw>
         <pb n="6r" facs="/nro/rye_20/rye_20-009/rye_20-009.jpg"/>
         <p>
            But the Appellant whose suite it is, ought to <lb/>
            be there at his precise tyme, when the Constable <lb/>
            shall first demaund him, els his pledges <lb/>
            have forfeited his security./
         </p>
         <p>
            The Appellant and defend<ex>an</ex>t shalbe searched <lb/>
            by the Constable and Marshall, their weapons &amp; <lb/>
            armes questioned in all pointes, that they be <lb/>
            avowable, and no engine or devise, not honorably <lb/>
            iustifiable in them: And if they finde any such <lb/>
            practise, the partie shalbe outed of that weapon; <lb/>
            for reason, civility and the lawe of armes <lb/>
            will upon no condic<ex>i</ex>on, in Arte of this high <lb/>
            p<ex>er</ex>formance admit of treachery or <lb/>
            conspiracie./
         </p>
         <p>
            The Appellant and defend<ex>an</ex>t shall as they <lb/>
            them selves agree, cloath their bodies; for that <lb/>
            is left to them selves; onely the Constable <lb/>
            shall examyne that they both have the same <lb/>
            Armour or other defence upon his body./
         </p>
         <p>
            If one of them desire his sword to be shortned, <lb/>
            so that it be shorter than the measure of the <lb/>
            Standard, the other is not bound to abate the <lb/>
            length of his weapon; but if they once agreed <lb/>
            to fight with swordes longer then the <lb/>
            Standard allowed, at the day of the action <lb/>
            with in the listes either of them may demaund <lb/>
            to have his weapon made to aunsweare the <lb/>
            standard; and the other is in honor bound to <lb/>
            make his conformable, being a demaund lawfull, <lb/>
            not upon fancie, and tasting of no private <lb/>
            way or advantage./
         </p>
         <fw type="catch" place="bot-right">Now the</fw>
         <pb n="6v" facs="/nro/rye_20/rye_20-010/rye_20-010.jpg"/>
         <p>
            Now the Constable and Marshall are to be
            attentive to the king, if his Maiesty shall please <lb/>
            to com<ex>m</ex>aund the combatantes should be parted to <lb/>
            take breath, or for any other purpose, And in <lb/>
            any case, they must have especiall care how <lb/>
            they part and divide them, and that at the <lb/>
            tyme, when they interpose, they be both of them <lb/>
            in the same degree or possibility, and neither <lb/>
            of them in the mercie, nor in the hand of the <lb/>
            other./
         </p>
         <p>
            The Constable and Marshall shall not <lb/>
            suffer them to whisper or have any private <lb/>
            discourse, for they are the witnesses, and in <lb/>
            their breasts lies the Record of their wordes, <lb/>
            and in no other place./
         </p>
         <p>
            And if the battaile be grounded on a cause of <lb/>
            Treason, hee that is convicted and discomfited, <lb/>
            shalbe disarmed by the com<ex>m</ex>aund of the
            Constable and Marshall, one corner of the <lb/>
            listes broaken downe in disgrace of the party <lb/>
            becoming recreant, and being fastned to a <lb/>
            horse shalbe dragged from the place, whence <lb/>
            hee so lost his Armes to the block and have <lb/>
            his head severed from his body, or be hanged <lb/>
            by the neck or otherwise, according to the <lb/>
            severall usages of the Country. It is the
            office of the Marshall to accompany the <lb/>
            party to the place, and there in his viewe to <lb/>
            see the execution done, and all the sentence performed; <lb/>
            <fw type="catch" place="bot-right">and that</fw>
            <pb n="7r" facs="/nro/rye_20/rye_20-010/rye_20-010.jpg"/>
            And that as well of the side of the Appellant, <lb/>
            as the defend<ex>an</ex>t; for good conscience, equity <lb/>
            and the lawe of the feild doe exact, that the <lb/>
            Appellant, if in case hee be convicted, and <lb/>
            becometh a man vanquished in his proofe, that <lb/>
            hee incurr the same payne and hazard, the <lb/>
            defendant should have done. <del rend="strikethrough">But</del>. /
         </p>
         <p>
            But if the cause be another crime, then treason, <lb/>
            hee, that is so by the body of his Adversary convicted, <lb/>
            shall loose his Armes within the listes, and thence <lb/>
            be lead out to the place of his suffering, which is <lb/>
            directed by the usage of the Country, And this <lb/>
            as well of the Appellant, as the defendant, as <lb/>
            aforesaid; onely hee shall not be dragged, nor <lb/>
            the Rayles broken, unles it be in case of treason, and not otherwise./
         </p>
         <p>
            But if it be merely an Art of Armes, a Tryall <lb/>
            by challenge allowed by grace of the King, <lb/>
            Constable, and Marshall, see that in such a <lb/>
            combate confesseth himselfe vanquished, shalbe <lb/>
            disarmed, degraded and being lead to the skirt of <lb/>
            the listes hee shalbe tossed and throwen over <lb/>
            the barres without any further punishment./
         </p>
         <p>
            If it please the king to take the difference &amp; the Iudgement thereof into his owne handes <lb/>
            and com<ex>m</ex>aund them to be freindes without any <lb/>
            further controversie, Then the Constable
            taking the Appellant, and the Marshall the <lb/>
            defendant, shall beare them both before the King, <lb/>
            <fw type="catch" place="bot-right">and the</fw>
            <pb n="7v" facs="/nro/rye_20/rye_20-011/rye_20-011.jpg"/>
            And the King shall by the Constable signifie his <lb/>
            pleasure unto them, then they shalbe both of them <lb/>
            lead together unto one of the gates of the listes, <lb/>
            and be so conveyed out of the listes in all <lb/>
            pointes as they entred the listes and shalbe so <lb/>
            conveyed out of the listes in the same Article <lb/>
            of tyme, that of them no man may say, a first <lb/>
            out, or a last within the listes; For since the <lb/>
            King hath into his owne handes taken the <lb/>
            considerac<ex>i</ex>on of the quarrell, it were dishonorable <lb/>
            that either of the sides in a battayle be withdrawne <lb/>
            by the word of a king should suffer any <lb/>
            dishonor, the one more then the other; And <lb/>
            the auncyent tenent and opinion hath byn <lb/>
            that hee that is first out of the listes, <lb/>
            suffers a diminution of honor; the feild being <lb/>
            his in honor, that is last possessor of it for <lb/>
            hee maketh it good./
         </p>
         <p>
            There ought to be double listes for the
            servantes of the Constable and Marshall, for <lb/>
            the Sergeant at Armes of the king, who are to <lb/>
            attend and defend, that no offence, affray, <lb/>
            outrage, or other misdemeanor against the <lb/>
            Cryes made openly in Court, be com<ex>m</ex>itted, or <lb/>
            suffered, or any affront that may be meant
            against the Kinges Maiesty, the lawe and honor <lb/>
            of Armes: these men ought to be in compleat <lb/>
            Armes. The Constable and Marshall may <lb/>
            bring what power they please with them into <lb/>
            <fw type="catch" place="bot-right">the feild</fw>
            <pb n="8r" facs="/nro/rye_20/rye_20-011/rye_20-011.jpg"/>
            the feild, and those either armed or otherwise at <lb/>
            their election. The Kinges Sergeantes at
            Armes shalbe the keepers of the dores and <lb/>
            portalles of the listes, and they are to make all <lb/>
            arrestes by the com<ex>m</ex>aundement of the Constable <lb/>
            and Marshall, and such so arrested to assure./
         </p>
         <p>
            The Fee of the Constable is their Steedes and
            Armes, and all that they bring with them into
            the listes, save onely those wherewith they <lb/>
            fight; and of the partie overcome, all his
            Armes and other thinges of combate are the
            right of the Constable./
         </p>
         <p>
            The Fee of the Marshall is onely the listes, <lb/>
            Barres, Seates and other worke for that
            Spectacle./
         </p>
      </body>
   </text>
   <facsimile>
      <graphic n="1" url="/nro/rye_20/rye_20-004/rye_20-004.jpg"/>
      <graphic n="2" url="/nro/rye_20/rye_20-005/rye_20-005.jpg"/>
      <graphic n="3" url="/nro/rye_20/rye_20-006/rye_20-006.jpg"/>
      <graphic n="4" url="/nro/rye_20/rye_20-007/rye_20-007.jpg"/>
      <graphic n="5" url="/nro/rye_20/rye_20-008/rye_20-008.jpg"/>
      <graphic n="6" url="/nro/rye_20/rye_20-009/rye_20-009.jpg"/>
      <graphic n="7" url="/nro/rye_20/rye_20-010/rye_20-010.jpg"/>
      <graphic n="8" url="/nro/rye_20/rye_20-011/rye_20-011.jpg"/>
   </facsimile>
</TEI>