<TEI xmlns="http://www.tei-c.org/ns/1.0" xmlns:xi="http://www.w3.org/2001/XInclude">
   <teiHeader>
      <fileDesc>
         <titleStmt>
            <title>The Second Arraignment of Richard Weston</title>
            <author/>
            <respStmt xml:id="NM">
               <name>Noah Millstone</name>
               <resp>Principal Investigator MPESE</resp>
            </respStmt>
            <respStmt xml:id="SV">
               <name>Sebastiaan Verweij</name>
               <resp>Co-Investigator MPESE</resp>
            </respStmt>
            <respStmt xml:id="RB">
               <name>Richard Bell</name>
               <resp>Research Associate</resp>
            </respStmt>
            <respStmt xml:id="MJ">
               <name>Mike Jones</name>
               <resp>Research Software Engineer</resp>
            </respStmt>
         </titleStmt>
         <publicationStmt xml:id="mpese_pubstat">
            <publisher>Manuscript Pamphleteering in Early Stuart England (MPESE)</publisher>
            <date when="2017">2017</date>
         </publicationStmt>
         <sourceDesc>
            <listBibl xml:id="mss_witness">
               <bibl>
               </bibl>
            </listBibl><listBibl xml:id="mss_witness_generated"><!--Generated by create_witness_list.xql (2018-09-25T17:41:59.792+01:00)--><bibl><ref type="ms" target="../mss/BLHarleyMS6447.xml">British Library, Harley MS 6447, ff. 36v–48v</ref></bibl><bibl><ref type="ms" target="../mss/BLSloaneMS1002.xml">British Library, Sloane MS 1002, ff. 33r–44v</ref></bibl><bibl><ref type="ms" target="../mss/BL_Stowe_MS_401.xml">British Library, Stowe MS 401, ff. 20v–28r</ref></bibl><bibl><ref type="ms" target="../mss/BL_Stowe_MS_402.xml">British Library, Stowe MS 402, ff. 11r–14v</ref></bibl><bibl><ref type="ms" target="../mss/Beinecke_Osborn_b29.xml">Beinecke Library, Osborn b29</ref></bibl><bibl><ref type="ms" target="../mss/Beinecke_Osborn_b32.xml">Beinecke Library, Osborn b32, pp69–71</ref></bibl><bibl><ref type="ms" target="../mss/Bodl_MS_Rawlinson_C_63.xml">Bodleian Library,  MS Rawlinson C 63, ff. 34r–47r</ref></bibl><bibl><ref type="ms" target="../mss/Bodl_MS_Rawlinson_C_64.xml">Bodleian Library,  MS Rawlinson C 64, ff. 30r–43v</ref></bibl><bibl><ref type="ms" target="../mss/Bodl_MS_Willis_58.xml">Bodleian Library,  MS Willis 58, ff. 193r–196r</ref></bibl><bibl><ref type="ms" target="../mss/Folger_MS_V_a_304.xml">Folger Shakespeare Library,  MS V.a.304, ff. 14v–46v</ref></bibl><bibl><ref type="ms" target="../mss/Harvard_Law_School_MS_1227.xml">Harvard Law School,  MS 1227</ref></bibl><bibl><ref type="ms" target="../mss/Harvard_Law_School_MS_67.xml">Harvard Law School,  MS 67, ff. 50x–67r</ref></bibl><bibl><ref type="ms" target="../mss/Huntington_HM_1553.xml">Huntington Library,  HM 1553, ff. 18r–53v</ref></bibl><bibl><ref type="ms" target="../mss/Huntington_Hastings_Legal_Papers_Box_1.xml">Huntington Library, Hastings Legal Papers Box 1, Item 16</ref></bibl><bibl><ref type="ms" target="../mss/LPL_Sion_College_MS_ARC_L_40_2_E10.xml">Lambeth Palace Library, Sion College MS ARC L.40.2/E10, ff. 24x–27x</ref></bibl></listBibl>
         </sourceDesc>
      </fileDesc>
      <profileDesc>
         <abstract>
            <p><!-- date and place --></p>
         </abstract>
         <creation>
            <date when="1615">1615</date>
            <placeName/>
         </creation>
         <textClass>
            <keywords n="text-type">
               <term/>
            </keywords>
         </textClass>
         <textClass>
            <keywords n="topic-keyword">
               <term>Overbury affair</term>
            </keywords>
         </textClass>
      </profileDesc>
      <encodingDesc>
         <editorialDecl>
            <p><!-- build this info as we go along --></p>
         </editorialDecl>
      </encodingDesc>
      <revisionDesc>
         <listChange>
            <change when="2018-07-05" who="#RB" status="placeholder"/>
         </listChange>
      </revisionDesc>
   </teiHeader>
   <text>
      <body>
         <p/>
      </body>
   </text>
</TEI>