<TEI xmlns="http://www.tei-c.org/ns/1.0" xmlns:xi="http://www.w3.org/2001/XInclude" type="generated_from_excel">
   <teiHeader>
      <fileDesc>
         <titleStmt>
            <title>British Library Additional MS 34218</title>
            <respStmt xml:id="NM">
               <name>Noah Millstone</name>
               <resp>Principal Investigator MPESE</resp>
            </respStmt>
            <respStmt xml:id="SV">
               <name>Sebastiaan Verweij</name>
               <resp>Co - Investigator MPESE</resp>
            </respStmt>
            <respStmt xml:id="RB">
               <name>Richard Bell</name>
               <resp>Research Associate MPESE</resp>
            </respStmt>
            <respStmt xml:id="VA">
               <name>Victoria Anker</name>
               <resp>BRIHC Research Impact Fellow</resp>
            </respStmt>
            <respStmt xml:id="MJ">
               <name>Mike Jones</name>
               <resp>Research Software Engineer</resp>
            </respStmt>
         </titleStmt>
         <publicationStmt xml:id="mpese_pubstat">
            <publisher>Manuscript Pamphleteering in Early Stuart England (MPESE)</publisher>
            <date when="2018">2018</date>
         </publicationStmt>
         <sourceDesc>
            <p>Manuscript Description is provided in the body.</p>
         </sourceDesc>
      </fileDesc>
   </teiHeader>
   <text>
      <body>
         <msDesc>
            <msIdentifier xml:id="BL_Add_MS_34218">
               <country>United Kingdom</country>
               <settlement>London</settlement>
               <repository>British Library</repository>
               <collection>Additional</collection>
               <idno>MS 34218</idno>
               <msName>Sir Francis Fane's book</msName>
            </msIdentifier>
            <msContents>
               <msItem n="1">
                  <locus>33r-34v</locus>
                  <title>Challenges</title><author>
               <persName corresp="../people/people.xml#P0128">Sir Francis Vere</persName>
            </author><author>
               <persName corresp="../people/people.xml#P0127">Henry Percy, 9th Earl of Northumberland</persName>
            </author>
                  <respStmt>
                     <resp/>
                     <name>
                        <persName/>
                     </name>
                  </respStmt>
                  <link target="../texts/PercyVereChallenges1602.xml" type="witness"/>
                  <msDesc>
                     <msIdentifier/>
                     <history>
                        <summary/>
                        <origin/>
                        <provenance/>
                     </history>
                  </msDesc>
               </msItem>
               <msItem n="2">
                  <locus>129r-133v</locus>
                  <title>Observations Upon the State of the 17 Provinces, and of France</title><author>
               <persName corresp="../people/people.xml#P0200">Sir Thomas Overbury</persName>
            </author>
                  <respStmt>
                     <resp/>
                     <name>
                        <persName/>
                     </name>
                  </respStmt>
                  <link target="../texts/OverburyObservations.xml" type="witness"/>
                  <msDesc>
                     <msIdentifier/>
                     <history>
                        <summary/>
                        <origin/>
                        <provenance/>
                     </history>
                  </msDesc>
               </msItem>
               <msItem n="3">
                  <locus>161r-162v</locus>
                  <title>Submission</title><author>
               <persName corresp="../people/people.xml#P0146">Sir Edward Coke</persName>
            </author>
                  <respStmt>
                     <resp/>
                     <name>
                        <persName/>
                     </name>
                  </respStmt>
                  <link target="../texts/CokeSubmission1616.xml" type="witness"/>
                  <msDesc>
                     <msIdentifier/>
                     <history>
                        <summary/>
                        <origin/>
                        <provenance/>
                     </history>
                  </msDesc>
               </msItem>
               <msItem n="4">
                  <locus>163v</locus>
                  <title>Heraldic Parodies</title><author/>
                  <respStmt>
                     <resp/>
                     <name>
                        <persName/>
                     </name>
                  </respStmt>
                  <link target="../texts/HeraldicParodies.xml" type="witness"/>
                  <msDesc>
                     <msIdentifier/>
                     <history>
                        <summary/>
                        <origin/>
                        <provenance/>
                     </history>
                  </msDesc>
               </msItem>
               <msItem n="5">
                  <locus>183v</locus>
                  <title>The Tilting Challenge</title><author>
               <persName corresp="../people/people.xml#P0020">
                  Philip Herbert, 1st Earl of Montgomery
               </persName>
            </author><author>
               <persName corresp="../people/people.xml#P0079">
                  William Herbert, 3rd Earl of Pembroke
               </persName>
            </author><author>
               <persName>
                  Thomas Howard, 21st Earl of Arundel
               </persName>
            </author><author>
               <persName corresp="../people/people.xml#P0081">
                  Ludovic Stewart, 2nd Duke of Lennox
               </persName>
            </author>
                  <respStmt>
                     <resp/>
                     <name>
                        <persName/>
                     </name>
                  </respStmt>
                  <link target="../texts/TiltingChallenge1606.xml" type="witness"/>
                  <msDesc>
                     <msIdentifier/>
                     <history>
                        <summary/>
                        <origin/>
                        <provenance/>
                     </history>
                  </msDesc>
               </msItem>
               <msItem n="6">
                  <locus>224r-226r</locus>
                  <title>Arraignment of Sir Walter Raleigh</title><author/>
                  <respStmt>
                     <resp/>
                     <name>
                        <persName/>
                     </name>
                  </respStmt>
                  <link target="../texts/ArraignmentSirWalterRaleigh1603.xml" type="witness"/>
                  <msDesc>
                     <msIdentifier/>
                     <history>
                        <summary/>
                        <origin>Confession of Raleigh and Broke</origin>
                        <provenance/>
                     </history>
                  </msDesc>
               </msItem>
               <msItem n="7">
                  <locus>226r-227v</locus>
                  <title>Speech and Repentance at His Execution</title><author>
               <persName corresp="../people/people.xml#P0165">Sir Gervase Elwes</persName>
            </author>
                  <respStmt>
                     <resp/>
                     <name>
                        <persName/>
                     </name>
                  </respStmt>
                  <link target="../texts/ElwesSpeechRepentance1615.xml" type="witness"/>
                  <msDesc>
                     <msIdentifier/>
                     <history>
                        <summary/>
                        <origin/>
                        <provenance/>
                     </history>
                  </msDesc>
               </msItem>
            </msContents>
            <physDesc>
               <objectDesc>
                  <supportDesc>
                     <foliation/>
                  </supportDesc>
               </objectDesc>
            </physDesc>
            <history>
               <origin/>
               <provenance/>
            </history>
         </msDesc>
      </body>
   </text>
</TEI>