<TEI xmlns="http://www.tei-c.org/ns/1.0" xmlns:xi="http://www.w3.org/2001/XInclude" type="generated_from_excel">
   <teiHeader>
      <fileDesc>
         <titleStmt>
            <title>British Library Harley MS 161</title>
            <respStmt xml:id="NM">
               <name>Noah Millstone</name>
               <resp>Principal Investigator MPESE</resp>
            </respStmt>
            <respStmt xml:id="SV">
               <name>Sebastiaan Verweij</name>
               <resp>Co - Investigator MPESE</resp>
            </respStmt>
            <respStmt xml:id="RB">
               <name>Richard Bell</name>
               <resp>Research Associate MPESE</resp>
            </respStmt>
            <respStmt xml:id="VA">
               <name>Victoria Anker</name>
               <resp>BRIHC Research Impact Fellow</resp>
            </respStmt>
            <respStmt xml:id="MJ">
               <name>Mike Jones</name>
               <resp>Research Software Engineer</resp>
            </respStmt>
         </titleStmt>
         <publicationStmt xml:id="mpese_pubstat">
            <publisher>Manuscript Pamphleteering in Early Stuart England (MPESE)</publisher>
            <date when="2018">2018</date>
         </publicationStmt>
         <sourceDesc>
            <p>Manuscript Description is provided in the body.</p>
         </sourceDesc>
      </fileDesc>
   </teiHeader>
   <text>
      <body>
         <msDesc>
            <msIdentifier xml:id="BL_Harley_MS_161">
               <country>United Kingdom</country>
               <settlement>London</settlement>
               <repository>British Library</repository>
               <collection>Harley</collection>
               <idno>MS 161</idno>
               <msName/>
            </msIdentifier>
            <msContents>
               <msItem n="1">
                  <locus>39r-40v</locus>
                  <title>Examinations of the Earl of Southampton, the earl of Oxford, Sir Edwin Sandys, and John Selden</title><author/>
                  <respStmt>
                     <resp/>
                     <name>
                        <persName/>
                     </name>
                  </respStmt>
                  <link target="../texts/ExaminationsSouthamptonOxfordSandysSelden1621.xml" type="witness"/>
                  <msDesc>
                     <msIdentifier/>
                     <history>
                        <summary/>
                        <origin/>
                        <provenance/>
                     </history>
                  </msDesc>
               </msItem>
               <msItem n="2">
                  <locus>57r-58v</locus>
                  <title>Letter to the Earl of Bristol</title><author>
               <persName corresp="../people/people.xml#P0007">
                  Charles I
               </persName>
            </author>
                  <respStmt>
                     <resp/>
                     <name>
                        <persName/>
                     </name>
                  </respStmt>
                  <link target="../texts/CharlesLetterBristol1626.xml" type="witness"/>
                  <msDesc>
                     <msIdentifier/>
                     <history>
                        <summary/>
                        <origin/>
                        <provenance/>
                     </history>
                  </msDesc>
               </msItem>
               <msItem n="3">
                  <locus>65r-v</locus>
                  <title>Letter to the Earl of Bristol</title><author>
               <persName corresp="../people/people.xml#P0112">Edward Conway</persName>
            </author>
                  <respStmt>
                     <resp>Scribe</resp>
                     <name>
                        <persName corresp="../people/people.xml#P0108">Feathery</persName>
                     </name>
                  </respStmt>
                  <link target="../texts/ConwayLetterBristol1626.xml" type="witness"/>
                  <msDesc>
                     <msIdentifier/>
                     <history>
                        <summary/>
                        <origin/>
                        <provenance/>
                     </history>
                  </msDesc>
               </msItem>
               <msItem n="4">
                  <locus>64v-66v</locus>
                  <title>Reply to Conway</title><author>
               <persName corresp="../people/people.xml#P0122">John Digby, 1st Earl of Bristol</persName>
            </author>
                  <respStmt>
                     <resp>Scribe</resp>
                     <name>
                        <persName corresp="../people/people.xml#P0108">Feathery</persName>
                     </name>
                  </respStmt>
                  <link target="../texts/DigbyReplyConway1626.xml" type="witness"/>
                  <msDesc>
                     <msIdentifier/>
                     <history>
                        <summary/>
                        <origin/>
                        <provenance/>
                     </history>
                  </msDesc>
               </msItem>
               <msItem n="5">
                  <locus>132r-136v</locus>
                  <title>The Canvas of Cambridge</title><author/>
                  <respStmt>
                     <resp>Scribe</resp>
                     <name>
                        <persName corresp="../people/people.xml#P0078">Ralph Starkey</persName>
                     </name>
                  </respStmt>
                  <link target="../texts/CanvasCambridge1626.xml" type="witness"/>
                  <msDesc>
                     <msIdentifier/>
                     <history>
                        <summary/>
                        <origin/>
                        <provenance/>
                     </history>
                  </msDesc>
               </msItem>
               <msItem n="6">
                  <locus>180x-182x</locus>
                  <title>Proceedings at the Council Table</title><author>
               <persName corresp="../people/people.xml#0009">George Villiers, 1st Duke of Buckingham</persName>
            </author>
                  <respStmt>
                     <resp/>
                     <name>
                        <persName/>
                     </name>
                  </respStmt>
                  <link target="../texts/VilliersProceedingsCouncilTable1628v1.xml" type="witness"/>
                  <msDesc>
                     <msIdentifier/>
                     <history>
                        <summary/>
                        <origin/>
                        <provenance/>
                     </history>
                  </msDesc>
               </msItem>
               <msItem n="7">
                  <locus>184r-185v</locus>
                  <title>Proceedings at the Council Table</title><author>
               <persName corresp="../people/people.xml#0009">George Villiers, 1st Duke of Buckingham</persName>
            </author>
                  <respStmt>
                     <resp>Scribe</resp>
                     <name>
                        <persName corresp="../people/people.xml#P0078">Ralph Starkey</persName>
                     </name>
                  </respStmt>
                  <link target="../texts/VilliersProceedingsCouncilTable1628v1.xml" type="witness"/>
                  <msDesc>
                     <msIdentifier/>
                     <history>
                        <summary/>
                        <origin/>
                        <provenance/>
                     </history>
                  </msDesc>
               </msItem>
               <msItem n="8">
                  <locus>253r</locus>
                  <title>Proclamation to the Sailors</title><author>
               <persName corresp="../people/people.xml#0009">George Villiers, 1st Duke of Buckingham</persName>
            </author>
                  <respStmt>
                     <resp>Scribe</resp>
                     <name>
                        <persName corresp="../people/people.xml#P0078">Ralph Starkey</persName>
                     </name>
                  </respStmt>
                  <link target="../texts/VilliersProclamationSailors1628.xml" type="witness"/>
                  <msDesc>
                     <msIdentifier/>
                     <history>
                        <summary/>
                        <origin>quarto</origin>
                        <provenance/>
                     </history>
                  </msDesc>
               </msItem>
            </msContents>
            <physDesc>
               <objectDesc>
                  <supportDesc>
                     <foliation/>
                  </supportDesc>
               </objectDesc>
            </physDesc>
            <history>
               <origin/>
               <provenance/>
            </history>
         </msDesc>
      </body>
   </text>
</TEI>