<TEI xmlns="http://www.tei-c.org/ns/1.0" xmlns:xi="http://www.w3.org/2001/XInclude">
  <teiHeader>
      <fileDesc>
         <titleStmt>
            <title>BL Add MS 22473</title>
            <respStmt xml:id="NM">
                    <name>Noah Millstone</name>
                    <resp>Principal Investigator MPESE</resp>
                </respStmt>
            <respStmt xml:id="SV">
                    <name>Sebastiaan Verweij</name>
                    <resp>Co-Investigator MPESE</resp>
                </respStmt>
            <respStmt xml:id="RB">
                    <name>Richard Bell</name>
                    <resp>Research Associate</resp>
                </respStmt><respStmt xml:id="VA"><name>Victoria Anker</name><resp>BRIHC Research Impact Fellow</resp></respStmt>
            <respStmt xml:id="MJ">
                    <name>Mike Jones</name>
                    <resp>Research Software Engineer</resp>
                </respStmt>
         </titleStmt>
         <publicationStmt xml:id="mpese_pubstat">
                <publisher>Manuscript Pamphleteering in Early Stuart England (MPESE)</publisher>
                <date when="2017">2017</date>
            </publicationStmt>
         <sourceDesc>
            <p>Manuscript Description is provided in the body.</p>
         </sourceDesc>
      </fileDesc>
  </teiHeader>
 <text>
    <body>
          <msDesc>
             <msIdentifier xml:id="BL_Add_MS_22473">
                <country>United Kingdom</country>
                <settlement>London</settlement>
                <repository>British Library</repository>
                <collection>Additional</collection>
                <idno>MS 22473</idno>
                <msName><!-- provide if known, e.g. Hengwrt --></msName>
             </msIdentifier>
             <msContents>
                <msItem n="1">
                   <locus>74r-79r</locus>
                   <title when="1620-06">Letter to the Marquess of Buckingham</title>
                   <author>
                      <persName corresp="../people/people.xml#P0014">Thomas Alured</persName>
                   </author>
                   <respStmt>
                      <resp/>
                      <name/>
                   </respStmt>
                   <note><!-- descriptive note of item here if necessary --></note>
                   <link target="../texts/AluredLetterBuckingham1620v1.xml" type="witness"/>
                   <link target="../texts/AluredLetterBuckingham1620v2.xml" type="witness"/>
                   <link target="../texts/AluredLetterBuckingham1620v3.xml" type="witness"/>
                   <msDesc>
                    <msIdentifier/>
                      <history>
                         <summary/>
                         <origin/>
                         <provenance/>
                      </history>
                   </msDesc>
                </msItem>
             </msContents>
             <physDesc>
                <objectDesc>
                   <supportDesc>
                      <foliation><!-- note here about foliation; if multiple systems, note which followed --></foliation>
                   </supportDesc>
                </objectDesc>
                <handDesc>
                   <handNote n="1">
                      <p><!-- hand description here, one for each scribe associated with an item --></p>
                   </handNote>
                   <!-- further number hand descs here if needed -->
                </handDesc>
             </physDesc>
             <history>
                <origin><!-- of the MS as a whole --></origin>
                <provenance><!-- of the MS as a whole --></provenance>
             </history>
          </msDesc>
    </body>
 </text>
</TEI>