<TEI xmlns="http://www.tei-c.org/ns/1.0" xmlns:xi="http://www.w3.org/2001/XInclude">
  <teiHeader>
      <fileDesc>
         <titleStmt>
            <title>BL Add MS 29975</title>
            <respStmt xml:id="NM">
                    <name>Noah Millstone</name>
                    <resp>Principal Investigator MPESE</resp>
                </respStmt>
            <respStmt xml:id="SV">
                    <name>Sebastiaan Verweij</name>
                    <resp>Co-Investigator MPESE</resp>
                </respStmt>
            <respStmt xml:id="RB">
                    <name>Richard Bell</name>
                    <resp>Research Associate</resp>
                </respStmt><respStmt xml:id="VA"><name>Victoria Anker</name><resp>BRIHC Research Impact Fellow</resp></respStmt>
            <respStmt xml:id="MJ">
                    <name>Mike Jones</name>
                    <resp>Research Software Engineer</resp>
                </respStmt>
         </titleStmt>
         <publicationStmt xml:id="mpese_pubstat">
                <publisher>Manuscript Pamphleteering in Early Stuart England (MPESE)</publisher>
                <date when="2017">2017</date>
            </publicationStmt>
         <sourceDesc>
            <p>Manuscript Description is provided in the body.</p>
         </sourceDesc>
      </fileDesc>
  </teiHeader>
 <text>
    <body>
          <msDesc>
             <msIdentifier xml:id="BL_Add_MS_29975">
                <country>United Kingdom</country>
                <settlement>London</settlement>
                <repository>British Library</repository>
                <collection>Additional</collection>
                <idno>MS 29975</idno>
                <msName><!-- provide if known, e.g. Hengwrt --></msName>
             </msIdentifier>
             <msContents>
                <msItem n="1">
                   <locus>31x-34x</locus>
                   <title when="1617">Letter to Coke in the Time of His Trouble</title>
                   <author/>
                   <respStmt>
                      <resp/>
                      <name/>
                   </respStmt>
                   <note><!-- descriptive note of item here if necessary --></note>
                   <link target="../texts/LetterCokeTimeTrouble1617.xml" type="witness"/>
                   <msDesc>
                      <msIdentifier/>
                      <history>
                         <summary/>
                         <origin/>
                         <provenance/>
                      </history>
                   </msDesc>
                </msItem>
                <msItem n="1">
                   <locus>53r-54v</locus>
                   <title when="1622">Directions for Preachers</title>
                   <author>
                      <persName corresp="../people/people.xml#P0016">James VI &amp; I</persName>
                   </author>
                   <author>
                      <persName corresp="../people/people.xml#P0036">George Abbot, Archbishop of Cantebury</persName>
                   </author>
                   <respStmt>
                      <resp/>
                      <name/>
                   </respStmt>
                   <note><!-- descriptive note of item here if necessary --></note>
                   <link target="../texts/JamesDirectionsPreachers1622.xml" type="witness"/>
                   <msDesc>
                      <msIdentifier/>
                      <history>
                         <summary/>
                         <origin/>
                         <provenance/>
                      </history>
                   </msDesc>
                </msItem>
                <msItem n="1">
                   <locus>75r-76v</locus>
                   <title when="1624">Relation of What Passed Betwixt the Conde De Olivares and the Earl of Bristol in the Presence of Sir Walter Aston and the Conde of Gondomar at the Prado</title>
                   <author/>
                   <respStmt>
                      <resp/>
                      <name/>
                   </respStmt>
                   <note><!-- descriptive note of item here if necessary --></note>
                   <link target="../texts/RelationWhatPassedOlivaresBristol1624.xml" type="witness"/>
                   <msDesc>
                      <msIdentifier/>
                      <history>
                         <summary/>
                         <origin/>
                         <provenance/>
                      </history>
                   </msDesc>
                </msItem>
                <msItem n="1">
                   <locus>119r-120v</locus>
                   <title when="1629">Instructions Concerning Lecturers and Ministers</title>
                   <author>
                      <persName corresp="../people/people.xml#P0007">Charles I</persName>
                   </author>
                   <respStmt>
                      <resp>Scribe</resp>
                      <name/>
                   </respStmt>
                   <note/>
                   <link target="../texts/CharlesInstructionsLecturers1629v1.xml" type="witness"/>
                   <link target="../texts/CharlesInstructionsLecturers1629v2.xml" type="witness"/>
                   <msDesc>
                      <msIdentifier/>
                      <history>
                         <summary/>
                         <origin/>
                         <provenance/>
                      </history>
                   </msDesc>
                </msItem>
                <!-- MORE MS items here -->
             </msContents>
             <physDesc>
                <objectDesc>
                   <supportDesc>
                      <foliation><!-- note here about foliation; if multiple systems, note which followed --></foliation>
                      
                   </supportDesc>
                </objectDesc>
                <handDesc>
                   <handNote n="1">
                      <p><!-- hand description here, one for each scribe associated with an item --></p>
                   </handNote>
                   <!-- further number hand descs here if needed -->
                </handDesc>
             </physDesc>
             <history>
                <origin><!-- of the MS as a whole --></origin>
                <provenance><!-- of the MS as a whole --></provenance>
             </history>
          </msDesc>
    </body>
 </text>
</TEI>