<TEI xmlns="http://www.tei-c.org/ns/1.0" xmlns:xi="http://www.w3.org/2001/XInclude">
  <teiHeader>
      <fileDesc>
         <titleStmt>
            <title>BL Add MS 44848</title>
            <respStmt xml:id="NM">
                    <name>Noah Millstone</name>
                    <resp>Principal Investigator MPESE</resp>
                </respStmt>
            <respStmt xml:id="SV">
                    <name>Sebastiaan Verweij</name>
                    <resp>Co-Investigator MPESE</resp>
                </respStmt>
            <respStmt xml:id="RB">
                    <name>Richard Bell</name>
                    <resp>Research Associate</resp>
                </respStmt><respStmt xml:id="VA"><name>Victoria Anker</name><resp>BRIHC Research Impact Fellow</resp></respStmt>
            <respStmt xml:id="MJ">
                    <name>Mike Jones</name>
                    <resp>Research Software Engineer</resp>
                </respStmt>
         </titleStmt>
         <publicationStmt xml:id="mpese_pubstat">
                <publisher>Manuscript Pamphleteering in Early Stuart England (MPESE)</publisher>
                <date when="2017">2017</date>
            </publicationStmt>
         <sourceDesc>
            <p>Manuscript Description is provided in the body.</p>
         </sourceDesc>
      </fileDesc>
  </teiHeader>
 <text>
    <body>
          <msDesc>
             <msIdentifier xml:id="BL_Add_MS_44848">
                <country>United Kingdom</country>
                <settlement>London</settlement>
                <repository>British Library</repository>
                <collection>Additional</collection>
                <idno>MS 44848</idno>
                <msName><!-- provide if known, e.g. Hengwrt --></msName>
             </msIdentifier>
             <msContents>
                <msItem n="1">
                   <locus>65r-68r</locus>
                   <title when="1621-11-12">Letter to the Holy Roman Emperor</title>
                   <author>
                      <persName corresp="../people/people.xml#P0016">James VI &amp; I</persName>
                   </author>
                   <respStmt>
                      <resp/>
                      <name/>
                   </respStmt>
                   <note><!-- descriptive note of item here if necessary --></note>
                   <link target="../texts/JamesLetterEmperor1622.xml" type="witness"/>
                   <msDesc>
                      <msIdentifier/>
                      <history>
                         <summary/>
                         <origin/>
                         <provenance/>
                      </history>
                   </msDesc>
                </msItem>
                <msItem n="2">
                   <locus>69v-72r</locus>
                   <title when="1622">Letters Concerning Recusants</title>
                   <author>
                      <persName corresp="../people/people.xml#P0016">James VI &amp; I</persName>
                   </author>
                   <author>
                      <persName corresp="../people/people.xml#P0021">Lord Keeper Williams, Bishop of Lincoln</persName>
                   </author>
                   <respStmt>
                      <resp/>
                      <name/>
                   </respStmt>
                   <note><!-- descriptive note of item here if necessary --></note>
                   <link target="../texts/JamesWilliamsLettersRecusants1622.xml" type="witness"/>
                   <msDesc>
                      <msIdentifier/>
                      <history>
                         <summary/>
                         <origin/>
                         <provenance/>
                      </history>
                   </msDesc>
                </msItem>
                <msItem n="3">
                   <locus>73v-80r [check]</locus>
                   <title when="1614-06">Apology to James I</title>
                   <author>
                      <persName corresp="../people/people.xml#P0109">Sir Charles Cornwallis</persName>
                   </author>
                   <respStmt>
                      <resp/>
                      <name/>
                   </respStmt>
                   <note><!-- descriptive note of item here if necessary --></note>
                   <link target="../texts/CornwallisApology1614.xml" type="witness"/>
                   <msDesc>
                      <msIdentifier/>
                      <history>
                         <summary/>
                         <origin/>
                         <provenance/>
                      </history>
                   </msDesc>
                </msItem>
                <msItem n="4">
                   <locus>83v-91v</locus>
                   <title when="1581">Letters</title>
                   <author>
                      <persName corresp="../people/people.xml#P0012">Sir Francis Bacon</persName>
                   </author>
                   <respStmt>
                      <resp/>
                      <name/>
                   </respStmt>
                   <note><!-- descriptive note of item here if necessary --></note>
                   <link target="../texts/BaconLetters.xml" type="witness"/>
                   <msDesc>
                      <msIdentifier/>
                      <history>
                         <summary/>
                         <origin/>
                         <provenance/>
                      </history>
                   </msDesc>
                </msItem>
                <msItem n="5">
                   <locus>93r-95v</locus>
                   <title when="1622">Petition for His Brother's Freedom</title>
                   <author>
                      <persName corresp="../people/people.xml#P0202">Francis Phellips</persName>
                   </author>
                   <respStmt>
                      <name/>
                      <resp/>
                   </respStmt>
                   <note><!-- descriptive note of item here if necessary --></note>
                   <link target="../texts/PhellipsPetitionHisBrother1622.xml" type="witness"/>
                   <msDesc>
                      <msIdentifier/>
                      <history>
                         <summary/>
                         <origin/>
                         <provenance/>
                      </history>
                   </msDesc>
                </msItem>
                <msItem n="6">
                   <locus>95v-97r</locus>
                   <title when="1614">Letter to the Mayor of Marlborough</title>
                   <author>
                      <persName corresp="../people/people.xml#P0066">Oliver St John</persName>
                   </author>
                   <respStmt>
                      <resp/>
                      <name/>
                   </respStmt>
                   <note><!-- descriptive note of item here if necessary --></note>
                   <link target="../texts/StJohnLetterMayorMarlborough1614.xml" type="witness"/>
                   <msDesc>
                      <msIdentifier/>
                      <history>
                         <summary/>
                         <origin/>
                         <provenance/>
                      </history>
                   </msDesc>
                </msItem>
                <msItem n="7">
                   <locus>97r-100v</locus>
                   <title when="1581">Letters</title>
                   <author>
                      <persName corresp="../people/people.xml#P0012">Sir Francis Bacon</persName>
                   </author>
                   <respStmt>
                      <resp/>
                      <name/>
                   </respStmt>
                   <note><!-- descriptive note of item here if necessary --></note>
                   <link target="../texts/BaconLetters.xml" type="witness"/>
                   <msDesc>
                      <msIdentifier/>
                      <history>
                         <summary/>
                         <origin/>
                         <provenance/>
                      </history>
                   </msDesc>
                </msItem>
                <msItem n="8">
                   <locus>101r-104v</locus>
                   <title when="1607-02-19">Letter to Bacon</title>
                   <author>
                      <persName corresp="../people/people.xml#P0135">Sir Thomas Bodley</persName>
                   </author>
                   <respStmt>
                      <resp/>
                      <name/>
                   </respStmt>
                   <note><!-- descriptive note of item here if necessary --></note>
                   <link target="../texts/BodleyLetterBacon1607.xml" type="witness"/>
                   <msDesc>
                      <msIdentifier/>
                      <history>
                         <summary/>
                         <origin/>
                         <provenance/>
                      </history>
                   </msDesc>
                </msItem>
                <msItem n="9">
                   <locus>105r-v</locus>
                   <title when="1581">Letters</title>
                   <author>
                      <persName corresp="../people/people.xml#P0012">Sir Francis Bacon</persName>
                   </author>
                   <respStmt>
                      <resp/>
                      <name/>
                   </respStmt>
                   <note><!-- descriptive note of item here if necessary --></note>
                   <link target="../texts/BaconLetters.xml" type="witness"/>
                   <msDesc>
                      <msIdentifier/>
                      <history>
                         <summary/>
                         <origin/>
                         <provenance/>
                      </history>
                   </msDesc>
                </msItem>
                <msItem n="10">
                   <locus>111v-114r</locus>
                   <title when="1603">The English Catholics' Letter to James I</title>
                   <author/>
                   <respStmt>
                      <resp/>
                      <name/>
                   </respStmt>
                   <note><!-- descriptive note of item here if necessary --></note>
                   <link target="../texts/CatholicsLetterJamesI1603v2.xml" type="t_witness"/>
                   <link target="../texts/CatholicsLetterJamesI1603v1.xml" type="witness"/>
                   <msDesc>
                      <msIdentifier/>
                      <history>
                         <summary/>
                         <origin/>
                         <provenance/>
                      </history>
                   </msDesc>
                </msItem>
                <msItem n="11">
                   <locus>115v-116r</locus>
                   <title when="1616-06">Resignation Letter (A)</title>
                   <author>
                      <persName corresp="../people/people.xml#P0114">Thomas Egerton, Lord Ellesmere</persName>
                   </author>
                   <respStmt>
                      <resp/>
                      <name/>
                   </respStmt>
                   <note><!-- descriptive note of item here if necessary --></note>
                   <link target="../texts/EgertonResignationLetterA.xml" type="witness"/>
                   <msDesc>
                      <msIdentifier/>
                      <history>
                         <summary/>
                         <origin/>
                         <provenance/>
                      </history>
                   </msDesc>
                </msItem>
                <msItem n="12">
                   <locus>116r-117v</locus>
                   <title when="1620-11">Submission in the Star Chamber</title>
                   <author>
                      <persName corresp="../people/people.xml#P0236">Sir Henry Yelverton</persName>
                   </author>
                   <respStmt>
                      <resp/>
                      <name/>
                   </respStmt>
                   <note><!-- descriptive note of item here if necessary --></note>
                   <link target="../texts/YelvertonSubmissionStarChamber1620.xml" type="witness"/>
                   <msDesc>
                      <msIdentifier/>
                      <history>
                         <summary/>
                         <origin/>
                         <provenance/>
                      </history>
                   </msDesc>
                </msItem>
                <msItem n="13">
                   <locus>118r-119r</locus>
                   <title when="1623">Letters from James I and Frederick V</title>
                   <author>
                      <persName corresp="../people/people.xml#P0016">James VI &amp; I</persName>
                   </author>
                   <author>
                      <persName corresp="../people/people.xml#P0183">Frederick V, King of Bohemia</persName>
                   </author>
                   <respStmt>
                      <resp/>
                      <name/>
                   </respStmt>
                   <note><!-- descriptive note of item here if necessary --></note>
                   <link target="../texts/JamesFrederick1623.xml" type="witness"/>
                   <msDesc>
                      <msIdentifier/>
                      <history>
                         <summary/>
                         <origin/>
                         <provenance/>
                      </history>
                   </msDesc>
                </msItem>
                <msItem n="14">
                   <locus>125r-v</locus>
                   <title when="1619">Letter of the Great Mughal to James I</title>
                   <author>
                      <persName corresp="../people/people.xml#P0181">Jahangir</persName>
                   </author>
                   <respStmt>
                      <resp/>
                      <name/>
                   </respStmt>
                   <note><!-- descriptive note of item here if necessary --></note>
                   <link target="../texts/JahangirLetterJamesI.xml" type="witness"/>
                   <msDesc>
                      <msIdentifier/>
                      <history>
                         <summary/>
                         <origin/>
                         <provenance/>
                      </history>
                   </msDesc>
                </msItem>
                <msItem n="15">
                   <locus>128v-131v</locus>
                   <title when="1623">Letters</title>
                   <author>
                      <persName corresp="..people/people.xml#P0007">Charles Stuart, Prince of Wales</persName>
                   </author>
                   <author>
                      <persName corresp="..people/people.xml#P0119">Pope Gregory XV</persName>
                   </author>
                   <respStmt>
                      <resp>Scribe</resp>
                      <name/>
                   </respStmt>
                   <note><!-- descriptive note of item here if necessary --></note>
                   <link target="../texts/GregoryXVPrinceCharlesLetters1623v1.xml" type="witness"/>
                   <link target="../texts/GregoryXVPrinceCharlesLetters1623v2.xml" type="witness"/>
                   <link target="../texts/GregoryXVPrinceCharlesLetters1623v3.xml" type="witness"/>
                   <msDesc>
                      <msIdentifier/>
                      <history>
                         <summary/>
                         <origin notBefore="1623"/>
                         <provenance/>
                      </history>
                   </msDesc>
                </msItem>
                <msItem n="16">
                   <locus>131v-138v</locus>
                   <title when="1620-06">Letter to the Marquess of Buckingham</title>
                   <author>
                      <persName corresp="../people/people.xml#P0014">Thomas Alured</persName>
                   </author>
                   <respStmt>
                      <resp/>
                      <name/>
                   </respStmt>
                   <note><!-- descriptive note of item here if necessary --></note>
                   <link target="../texts/AluredLetterBuckingham1620v1.xml" type="witness"/>
                   <link target="../texts/AluredLetterBuckingham1620v2.xml" type="witness"/>
                   <link target="../texts/AluredLetterBuckingham1620v3.xml" type="witness"/>
                   <msDesc>
                      <msIdentifier/>
                      <history>
                         <summary/>
                         <origin/>
                         <provenance/>
                      </history>
                   </msDesc>
                </msItem>
                <msItem n="17">
                   <locus>138v-139v</locus>
                   <title when="1623">A Speech to the King Concerning Toleration of Popery, Attributed to Archbishop Abbot</title>
                   <author>
                      <persName corresp="../people/people.xml#P0204">Pseudo-Abbot</persName>
                   </author>
                   <respStmt>
                      <resp/>
                      <name/>
                   </respStmt>
                   <note><!-- descriptive note of item here if necessary --></note>
                   <link target="../texts/PseudoAbbot1623v1.xml" type="witness"/>
                   <link target="../texts/PseudoAbbot1623v2.xml" type="witness"/>
                   <msDesc>
                      <msIdentifier/>
                      <history>
                         <summary/>
                         <origin/>
                         <provenance/>
                      </history>
                   </msDesc>
                </msItem>
                <msItem n="18">
                   <locus>146r-149r</locus>
                   <title when="1624-07-29">Memorial given to the King of Spain</title>
                   <author>
                      <persName corresp="../people/people.xml#P0013">Sir Walter Aston</persName>
                   </author>
                   <respStmt>
                      <resp/>
                      <name/>
                   </respStmt>
                   <note><!-- descriptive note of item here if necessary --></note>
                   <link target="../texts/AstonMemorial1624.xml" type="witness"/>
                   <msDesc>
                      <msIdentifier/>
                      <history>
                         <summary/>
                         <origin/>
                         <provenance/>
                      </history>
                   </msDesc>
                </msItem>
                <msItem n="19">
                   <locus>149r-151v</locus>
                   <title when="1624">Information Against Buckingham</title>
                   <author>
                      <persName corresp="../people/people.xml#P0173">Juan de Mendoza y Velazquez, Marquis de la Hinojosa</persName>
                   </author>
                   <respStmt>
                      <resp/>
                      <name/>
                   </respStmt>
                   <note><!-- descriptive note of item here if necessary --></note>
                   <link target="../texts/HinojosaInformationAgainstBuckingham1624.xml" type="witness"/>
                   <msDesc>
                      <msIdentifier/>
                      <history>
                         <summary/>
                         <origin/>
                         <provenance/>
                      </history>
                   </msDesc>
                </msItem>
                <msItem n="20">
                   <locus>151v-152v</locus>
                   <title when="1626">Letter to Charles I</title>
                   <author>
                      <persName corresp="../people/people.xml#P0021">John Williams, Bishop of Lincoln</persName>
                   </author>
                   <respStmt>
                      <resp/>
                      <name/>
                   </respStmt>
                   <note><!-- descriptive note of item here if necessary --></note>
                   <link target="../texts/WilliamsLetterCharlesI1626.xml" type="witness"/>
                   <msDesc>
                      <msIdentifier/>
                      <history>
                         <summary/>
                         <origin/>
                         <provenance/>
                      </history>
                   </msDesc>
                </msItem>
                <msItem n="21">
                   <locus>152v-153r</locus>
                   <title when="1624">Letter to the Privy Council Against the Speedy Levy</title>
                   <author>
                      Justices of Devonshire
                   </author>
                   <respStmt>
                      <resp/>
                      <name/>
                   </respStmt>
                   <note><!-- descriptive note of item here if necessary --></note>
                   <link target="../texts/JusticesDevonshireLetterAgainstLevy1628.xml" type="witness"/>
                   <msDesc>
                      <msIdentifier/>
                      <history>
                         <summary/>
                         <origin/>
                         <provenance/>
                      </history>
                   </msDesc>
                </msItem>
                <msItem n="22">
                   <locus>153v-155r</locus>
                   <title when="1628-03-19">Summary of a letter from a Jesuit to the Father Rector in Brussels</title>
                   <author>
                      <persName corresp="../people/people.xml#0035">John Maynard</persName>
                   </author>
                   <respStmt>
                      <resp/>
                      <name/>
                   </respStmt>
                   <note/>
                   <link target="../texts/MaynardLetterJesuit1628v1.xml" type="witness"/>
                   <link target="../texts/MaynardLetterJesuit1628v2.xml" type="witness"/>
                   <msDesc>
                      <msIdentifier/>
                      <history>
                         <summary/>
                         <origin/>
                         <provenance/>
                      </history>
                   </msDesc>
                </msItem>
                <msItem n="23">
                   <locus>163r-164r</locus>
                   <title>Resignation Letter (B)</title>
                   <author>
                      <persName corresp="../people/people.xml#P0114">Thomas Egerton, Lord Ellesmere</persName>
                   </author>
                   <respStmt>
                      <resp/>
                      <name/>
                   </respStmt>
                   <note><!-- descriptive note of item here if necessary --></note>
                   <link target="../texts/EgertonResignationLetterB.xml" type="witness"/>
                   <msDesc>
                      <msIdentifier/>
                      <history>
                         <summary/>
                         <origin/>
                         <provenance/>
                      </history>
                   </msDesc>
                </msItem>
                <msItem n="24">
                   <locus>164r-165v</locus>
                   <title when="1617">Letter to Secretary Sir Ralph Winwood</title>
                   <author>
                      <persName corresp="../people/people.xml#P0017">Sir Walter Raleigh</persName>
                   </author>
                   <respStmt>
                      <resp>Scribe</resp>
                      <name/>
                   </respStmt>
                   <note/>
                   <link target="../texts/RaleighLetterWinwoodA1617.xml" type="witness"/>
                   <msDesc>
                      <msIdentifier/>
                      <history>
                         <summary/>
                         <origin/>
                         <provenance/>
                      </history>
                   </msDesc>
                </msItem>
                <msItem n="25">
                   <locus>165v-166r</locus>
                   <title when="1618">Second Letter to Secretary Sir Ralph Winwood</title>
                   <author>
                      <persName corresp="../people/people.xml#P0017">Sir Walter Raleigh</persName>
                   </author>
                   <respStmt>
                      <resp>Scribe</resp>
                      <name/>
                   </respStmt>
                   <note/>
                   <link target="../texts/RaleighLetterWinwoodB1618.xml" type="witness"/>
                   <msDesc>
                      <msIdentifier/>
                      <history>
                         <summary/>
                         <origin/>
                         <provenance/>
                      </history>
                   </msDesc>
                </msItem>
                <msItem n="26">
                   <locus>166r-166v</locus>
                   <title when="1603">Letter to James I Before his Trial</title>
                   <author>
                      <persName corresp="../people/people.xml#P0017">
                         Sir Walter Raleigh
                      </persName>
                   </author>
                   <respStmt>
                      <resp>Scribe</resp>
                      <name/>
                   </respStmt>
                   <note/>
                   <link target="../texts/RaleighLetterJames1603.xml" type="witness"/>
                   <msDesc>
                      <msIdentifier/>
                      <history>
                         <summary/>
                         <origin/>
                         <provenance/>
                      </history>
                   </msDesc>
                </msItem>
                <msItem n="27">
                   <locus>166v-167r</locus>
                   <title when="1604">Letter to James after his Condemnation</title>
                   <author>
                      <persName corresp="../people/people.xml#P0017">
                         Sir Walter Raleigh
                      </persName>
                   </author>
                   <respStmt>
                      <resp/>
                      <name/>
                   </respStmt>
                   <note><!-- descriptive note of item here if necessary --></note>
                   <link target="../texts/RaleighLetterCondemnation1604.xml" type="witness"/>
                   <msDesc>
                      <msIdentifier/>
                      <history>
                         <summary/>
                         <origin/>
                         <provenance/>
                      </history>
                   </msDesc>
                </msItem>
                <msItem n="28">
                   <locus>167r-v</locus>
                   <title when="1603">Letter to His Wife</title>
                   <author>
                      <persName corresp="../people/people.xml#P0017">Sir Walter Raleigh</persName>
                   </author>
                   <respStmt>
                      <resp/>
                      <name/>
                   </respStmt>
                   <note><!-- descriptive note of item here if necessary --></note>
                   <link target="../texts/RaleighLetterHisWife1603.xml" type="witness"/>
                   <msDesc>
                      <msIdentifier/>
                      <history>
                         <summary/>
                         <origin/>
                         <provenance/>
                      </history>
                   </msDesc>
                </msItem>
                <msItem n="29">
                   <locus>167v-168r</locus>
                   <title when="1618">Letter to Sir Robert Carr</title>
                   <author>
                      <persName corresp="../people/people.xml#P0017">Sir Walter Raleigh</persName>
                   </author>
                   <respStmt>
                      <resp/>
                      <name/>
                   </respStmt>
                   <note><!-- descriptive note of item here if necessary --></note>
                   <link target="../texts/RaleighLetterCarr.xml" type="witness"/>
                   <msDesc>
                      <msIdentifier/>
                      <history>
                         <summary/>
                         <origin/>
                         <provenance/>
                      </history>
                   </msDesc>
                </msItem>
                <msItem n="30">
                   <locus>168-169r</locus>
                   <title when="1617-11-14">Letter to His Wife from Guiana</title>
                   <author>
                      <persName corresp="../people/people.xml#P0017">Sir Walter Raleigh</persName>
                   </author>
                   <respStmt>
                      <resp/>
                      <name/>
                   </respStmt>
                   <note><!-- descriptive note of item here if necessary --></note>
                   <link target="../texts/RaleighLetterHisWifeGuiana1617.xml" type="witness"/>
                   <msDesc>
                      <msIdentifier/>
                      <history>
                         <summary/>
                         <origin/>
                         <provenance/>
                      </history>
                   </msDesc>
                </msItem>
                <msItem n="31">
                   <locus>169r-171r</locus>
                   <title when="1581">Letters</title>
                   <author>
                      <persName corresp="../people/people.xml#P0012">Sir Francis Bacon</persName>
                   </author>
                   <respStmt>
                      <resp/>
                      <name/>
                   </respStmt>
                   <note><!-- descriptive note of item here if necessary --></note>
                   <link target="../texts/BaconLetters.xml" type="witness"/>
                   <msDesc>
                      <msIdentifier/>
                      <history>
                         <summary/>
                         <origin/>
                         <provenance/>
                      </history>
                   </msDesc>
                </msItem>
                <msItem n="32">
                   <locus>171r</locus>
                   <title when="1627">To Buckingham</title>
                   <author>
                      <persName corresp="../people/people.xml#P0226">Marquis de Toiras</persName>
                   </author>
                   <respStmt>
                      <resp/>
                      <name/>
                   </respStmt>
                   <note><!-- descriptive note of item here if necessary --></note>
                   <link target="../texts/MonsieurDeToiraxBuckingham.xml" type="witness"/>
                   <msDesc>
                      <msIdentifier/>
                      <history>
                         <summary/>
                         <origin/>
                         <provenance/>
                      </history>
                   </msDesc>
                </msItem>
                <msItem n="33">
                   <locus>177r-179v</locus>
                   <title when="1613">Challenges</title>
                   <author>
                      <persName corresp="../people/people.xml#P0110">Lord Edward Bruce</persName>
                   </author>
                   <author>
                      <persName corresp="../people/people.xml#P0111">Sir Edward Sackville</persName>
                   </author>
                   <respStmt>
                      <resp/>
                      <name/>
                   </respStmt>
                   <note><!-- descriptive note of item here if necessary --></note>
                   <link target="../texts/BruceSackvilleChallenges1613v1.xml" type="witness"/>
                   <link target="../texts/BruceSackvilleChallenges1613v2.xml" type="witness"/>
                   <link target="../texts/BruceSackvilleChallenges1613v3.xml" type="witness"/>
                   <link target="../texts/BruceSackvilleChallenges1613v4.xml" type="witness"/>
                   <link target="../texts/BruceSackvilleChallenges1613v5.xml" type="witness"/>
                   <link target="../texts/BruceSackvilleChallenges1613v6.xml" type="witness"/>
                   <link target="../texts/BruceSackvilleChallenges1613v7.xml" type="t_witness"/>
                   <link target="../texts/BruceSackvilleChallenges1613v8.xml" type="witness"/>
                   <msDesc>
                      <msIdentifier/>
                      <history>
                         <summary/>
                         <origin/>
                         <provenance/>
                      </history>
                   </msDesc>
                </msItem>
                <msItem n="34">
                   <locus>181r-186r</locus>
                   <title when="1617">Letter to Coke in the Time of His Trouble</title>
                   <author/>
                   <respStmt>
                      <resp/>
                      <name/>
                   </respStmt>
                   <note><!-- descriptive note of item here if necessary --></note>
                   <link target="../texts/LetterCokeTimeTrouble1617.xml" type="witness"/>
                   <msDesc>
                      <msIdentifier/>
                      <history>
                         <summary/>
                         <origin/>
                         <provenance/>
                      </history>
                   </msDesc>
                </msItem>
                <msItem n="35">
                   <locus>194r-195v</locus>
                   <title when="1629">Instructions Concerning Lecturers and Ministers</title>
                   <author>
                      <persName corresp="../people/people.xml#P0007">Charles I</persName>
                   </author>
                   <respStmt>
                      <resp>Scribe</resp>
                      <name/>
                   </respStmt>
                   <note/>
                   <link target="../texts/CharlesInstructionsLecturers1629v1.xml" type="witness"/>
                   <link target="../texts/CharlesInstructionsLecturers1629v2.xml" type="witness"/>
                   <msDesc>
                      <msIdentifier/>
                      <history>
                         <summary/>
                         <origin/>
                         <provenance/>
                      </history>
                   </msDesc>
                </msItem>
                <msItem n="36">
                   <locus>201r-208r</locus>
                   <title when="1626-06">Canvass of Cambridge</title>
                   <author/>
                   <respStmt>
                      <resp>Scribe</resp>
                      <name/>
                   </respStmt>
                   <note/>
                   <link target="../texts/CanvasCambridge1626.xml" type="witness"/>
                   <msDesc>
                      <msIdentifier/>
                      <history>
                         <summary/>
                         <origin/>
                         <provenance/>
                      </history>
                   </msDesc>
                </msItem>
                <msItem n="37">
                   <locus>197v-200r</locus>
                   <title when="1622">Directions for Preachers</title>
                   <author>
                      <persName corresp="../people/people.xml#P0016">James VI &amp; I</persName>
                   </author>
                   <author>
                      <persName corresp="../people/people.xml#P0036">George Abbot, Archbishop of Cantebury</persName>
                   </author>
                   <respStmt>
                      <resp/>
                      <name/>
                   </respStmt>
                   <note><!-- descriptive note of item here if necessary --></note>
                   <link target="../texts/JamesDirectionsPreachers1622.xml" type="witness"/>
                   <msDesc>
                      <msIdentifier/>
                      <history>
                         <summary/>
                         <origin/>
                         <provenance/>
                      </history>
                   </msDesc>
                </msItem>
                <msItem n="38">
                   <locus>208v-217v</locus>
                   <title when="1626-06">Letters to the Heads of Cambridge Colleges</title>
                   <author>
                      <persName corresp="../people/people.xml#P0007">Charles I</persName>
                   </author>
                   <author>
                      <persName corresp="../people/people.xml#P0008">Thomas Howard, 1st Earl of Berkshire</persName>
                   </author>
                   <author>
                      <persName corresp="../people/people.xml#P0009">George Villiers, 1st Duke of Buckingham</persName>
                   </author>
                   <respStmt>
                      <resp/>
                      <name/>
                   </respStmt>
                   <note><!-- descriptive note of item here if necessary --></note>
                   <link target="../texts/CharlesBuckinghamBerkshireLettersCambridge1626.xml" type="witness"/>
                   <msDesc>
                      <msIdentifier/>
                      <history>
                         <summary/>
                         <origin/>
                         <provenance/>
                      </history>
                   </msDesc>
                </msItem>
                <msItem n="39">
                   <locus>230r</locus>
                   <title when="1628-01-30">Privy Seal for Transporting German Horse</title>
                   <author/>
                   <respStmt>
                      <resp/>
                      <name/>
                   </respStmt>
                   <note><!-- descriptive note of item here if necessary --></note>
                   <link target="../texts/DigbyLetterStradling163x.xml" type="witness"/>
                   <msDesc>
                      <msIdentifier/>
                      <history>
                         <summary/>
                         <origin/>
                         <provenance/>
                      </history>
                   </msDesc>
                </msItem>
                <msItem n="40">
                   <locus>235r-244v</locus>
                   <title when="1630">Letter to Sir Edward Stradling</title>
                   <author>
                      <persName corresp="../people/people.xml#P0158">Sir Kenelm Digby</persName>
                   </author>
                   <respStmt>
                      <resp/>
                      <name/>
                   </respStmt>
                   <note><!-- descriptive note of item here if necessary --></note>
                   <link target="../texts/DigbyLetterStradling163x.xml" type="witness"/>
                   <msDesc>
                      <msIdentifier/>
                      <history>
                         <summary/>
                         <origin/>
                         <provenance/>
                      </history>
                   </msDesc>
                </msItem>
                <msItem n="41">
                   <locus>253r-256r</locus>
                   <title when="1616">Letter to the King of France</title>
                   <author>
                      <persName corresp="../people/people.xml#P0115">Nicolas Brulart de Sillery</persName>
                   </author>
                   <respStmt>
                      <resp>Scribe</resp>
                      <name/>
                   </respStmt>
                   <note/>
                   <link target="../texts/BrulartLetterFrance1616.xml" type="witness"/>
                   <msDesc>
                      <msIdentifier/>
                      <history>
                         <summary/>
                         <origin/>
                         <provenance/>
                      </history>
                   </msDesc>
                </msItem>
                <msItem n="42">
                   <locus>262v-263r</locus>
                   <title when="1630-02">Petition to Charles I for his Son</title>
                   <author>
                      <persName corresp="../people/people.xml#P0010">Henry Cary, Viscount Falkland</persName>
                   </author>
                   <respStmt>
                      <resp>Scribe</resp>
                      <name/>
                   </respStmt>
                   <note/>
                   <link target="../texts/CaryPetitionSon1630v1.xml" type="witness"/>
                   <msDesc>
                      <msIdentifier/>
                      <history>
                         <summary/>
                         <origin/>
                         <provenance/>
                      </history>
                   </msDesc>
                </msItem>
                <msItem n="43">
                   <locus>270r-276r</locus>
                   <title when="1602-04">Challenges</title>
                   <author>
                      <persName corresp="../people/people.xml#P0127">Henry Percy, 9th Earl of Northumberland</persName>
                   </author>
                   <author>
                      <persName corresp="../people/people.xml#P0128">Sir Francis Vere</persName>
                   </author>
                   <respStmt>
                      <resp/>
                      <name/>
                   </respStmt>
                   <note><!-- descriptive note of item here if necessary --></note>
                   <link target="../texts/PercyVereChallenges1602.xml" type="witness"/>
                   <msDesc>
                      <msIdentifier/>
                      <history>
                         <summary/>
                         <origin/>
                         <provenance/>
                      </history>
                   </msDesc>
                </msItem>
                <msItem n="44">
                   <locus>267r-269v</locus>
                   <title when="1618-10-29">Speech at his Death</title>
                   <author>
                      <persName corresp="../people/people.xml#P0017">
                         Sir Walter Raleigh
                      </persName>
                   </author>
                   <respStmt>
                      <resp/>
                      <name/>
                   </respStmt>
                   <note><!-- descriptive note of item here if necessary --></note>
                   <link target="../texts/RaleighSpeechDeath1618.xml" type="witness"/>
                   <msDesc>
                      <msIdentifier/>
                      <history>
                         <summary/>
                         <origin/>
                         <provenance/>
                      </history>
                   </msDesc>
                </msItem>
                <msItem n="45">
                   <locus>279v-280r</locus>
                   <title when="1640-06">Note of the Principal Acts of the Parliament of Scotland</title>
                   <author/>
                   <respStmt>
                      <resp/>
                      <name/>
                   </respStmt>
                   <note><!-- descriptive note of item here if necessary --></note>
                   <link target="../texts/ParliamentScotlandPrincipalActs1640.xml" type="witness"/>
                   <msDesc>
                      <msIdentifier/>
                      <history>
                         <summary/>
                         <origin/>
                         <provenance/>
                      </history>
                   </msDesc>
                </msItem>
                <msItem n="46">
                   <locus>283v-284r</locus>
                   <title when="1640-09-03">Lords' Petition</title>
                   <author role="signatory">
                      <persName corresp="../people/people.xml#P0061">Francis Russell, 4th Earl of Bedford</persName>
                   </author>
                   <author role="signatory">
                      <persName corresp="../people/people.xml#P0062">William Seymour, 2nd Earl of Hartford</persName>
                   </author>
                   <author role="signatory">
                      <persName corresp="../people/people.xml#P0063">Robert Devereux, 3rd Earl of Essex</persName>
                   </author>
                   <author role="signatory">
                      <persName corresp="../people/people.xml#P0064">Edmund Sheffield, 1st Earl of Mulgrave</persName>
                   </author>
                   <author role="signatory">
                      <persName corresp="../people/people.xml#P0065">Robert Rich, 2nd Earl of Warwick</persName>
                   </author>
                   <author role="signatory">
                      <persName corresp="../people/people.xml#P0066">Oliver St John, 1st Earl of Bolingbroke</persName>
                   </author>
                   <author role="signatory">
                      <persName corresp="../people/people.xml#P0051">William Fiennes, Viscount Say and Sele</persName>
                   </author>
                   <author role="signatory">
                      <persName corresp="../people/people.xml#P0067">Henry Montagu, Viscount Mandeville</persName>
                   </author>
                   <author role="signatory">
                      <persName corresp="../people/people.xml#P0050">Robert Greville, Second Baron Brooke of Beauchamps Court</persName>
                   </author>
                   <author role="signatory">
                      <persName corresp="../people/people.xml#P0068">Edward Howard, First Baron North of Escrick</persName>
                   </author>
                   <author role="signatory">
                      <persName corresp="../people/people.xml#P0070">Theophilus Clinton, 4th Earl of Lincoln</persName>
                   </author>
                   <author role="signatory">
                      <persName corresp="../people/people.xml#P0071">David Cecil, 3rd Earl of Exeter</persName>
                   </author>
                   <author role="signatory">
                      <persName corresp="../people/people.xml#P0072">Dudley North, Third Baron North</persName>
                   </author>
                   <author role="signatory">
                      <persName corresp="../people/people.xml#P0073">Francis Willoughby, Fifth Baron Willoughby of Parham</persName>
                   </author>
                   <author role="signatory">
                      <persName corresp="../people/people.xml#P0075">Philip Wharton, Fourth Baron Wharton</persName>
                   </author>
                   <author role="signatory">
                      <persName corresp="../people/people.xml#P0076">John Lovelace, 2nd Baron Lovelace?</persName>
                   </author>
                   <respStmt>
                      <resp/>
                      <name/>
                   </respStmt>
                   <note/>
                   <link target="../texts/LordsPetition1640v1.xml" type="witness"/>
                   <link target="../texts/LordsPetition1640v2.xml" type="witness"/>
                   <link target="../texts/LordsPetition1640v3.xml" type="witness"/>
                   <msDesc>
                      <msIdentifier/>
                      <history>
                         <summary/>
                         <origin notBefore="1640"/>
                         <provenance/>
                      </history>
                   </msDesc>
                </msItem>
                <msItem n="47">
                   <locus>287r</locus>
                   <title when="1641">A Catalogue of the Earl of Strafford's Friends, Who Voted Against the Bill of Attainder</title>
                   <author/>
                   <respStmt>
                      <resp/>
                      <name/>
                   </respStmt>
                   <note><!-- descriptive note of item here if necessary --></note>
                   <link target="../texts/CatalogueStraffordFriends1641.xml" type="witness"/>
                   <msDesc>
                      <msIdentifier/>
                      <history>
                         <summary/>
                         <origin/>
                         <provenance/>
                      </history>
                   </msDesc>
                </msItem>
                <msItem n="48">
                   <locus>305r-306r</locus>
                   <title when="1614">Letter to the Mayor of Marlborough</title>
                   <author>
                      <persName corresp="../people/people.xml#P0066">Oliver St John</persName>
                   </author>
                   <respStmt>
                      <resp/>
                      <name/>
                   </respStmt>
                   <note><!-- descriptive note of item here if necessary --></note>
                   <link target="../texts/StJohnLetterMayorMarlborough1614.xml" type="witness"/>
                   <msDesc>
                      <msIdentifier/>
                      <history>
                         <summary/>
                         <origin/>
                         <provenance/>
                      </history>
                   </msDesc>
                </msItem>
             </msContents>
             <physDesc>
                <objectDesc>
                   <supportDesc>
                      <foliation><!-- note here about foliation; if multiple systems, note which followed --></foliation>
                      
                   </supportDesc>
                </objectDesc>
                <handDesc>
                   <handNote n="1">
                      <p><!-- hand description here, one for each scribe associated with an item --></p>
                   </handNote>
                   <!-- further number hand descs here if needed -->
                </handDesc>
             </physDesc>
             <history>
                <origin><!-- of the MS as a whole --></origin>
                <provenance><!-- of the MS as a whole --></provenance>
             </history>
          </msDesc>
    </body>
 </text>
</TEI>