<TEI xmlns="http://www.tei-c.org/ns/1.0" xmlns:xi="http://www.w3.org/2001/XInclude">
  <teiHeader>
      <fileDesc>
         <titleStmt>
            <title>BL Add MS 48054</title>
            <respStmt xml:id="NM">
                    <name>Noah Millstone</name>
                    <resp>Principal Investigator MPESE</resp>
                </respStmt>
            <respStmt xml:id="SV">
                    <name>Sebastiaan Verweij</name>
                    <resp>Co-Investigator MPESE</resp>
                </respStmt>
            <respStmt xml:id="RB">
                    <name>Richard Bell</name>
                    <resp>Research Associate</resp>
                </respStmt><respStmt xml:id="VA"><name>Victoria Anker</name><resp>BRIHC Research Impact Fellow</resp></respStmt>
            <respStmt xml:id="MJ">
                    <name>Mike Jones</name>
                    <resp>Research Software Engineer</resp>
                </respStmt>
         </titleStmt>
         <publicationStmt xml:id="mpese_pubstat"><publisher>Manuscript Pamphleteering in Early Stuart England (MPESE)</publisher><date when="2017">2017</date></publicationStmt>
         <sourceDesc>
            <p>Manuscript Description is provided in the body.</p>
         </sourceDesc>
      </fileDesc>
  </teiHeader>
 <text>
    <body>
          <msDesc>
             <msIdentifier xml:id="BL_Add_MS_48054">
                <country>United Kingdom</country>
                <settlement>London</settlement>
                <repository>British Library</repository>
                <collection>Additional</collection>
                <idno>MS 48054</idno>
                <msName><!-- provide if known, e.g. Hengwrt --></msName>
             </msIdentifier>
             <msContents>
                <msItem n="1">
                   <locus>85r-87v, 92r-189r</locus>
                   <title when="1628">The Case of Sir John Eliot</title>
                      <author>
                         <persName corresp="../people/people.xml#P0030">Walter Yonge</persName>
                      </author>
                      <author>
                         <persName corresp="../people/people.xml#0044">Sir John Eliot</persName>
                      </author>
                      <author>
                         <persName corresp="../people/people.xml#0045">Sir Miles Hobart</persName>
                      </author>
                      <author>
                         <persName corresp="../people/people.xml#0046">Sir Peter Heyman</persName>
                      </author>
                      <author>
                         <persName corresp="../people/people.xml#0047">Denzil Holles</persName>
                      </author>
                      <author>
                         <persName corresp="../people/people.xml#0007">Charles I</persName>
                      </author>
                   <respStmt>
                      <resp/>
                      <name/>
                   </respStmt>
                   <note><!-- descriptive note of item here if necessary --></note>
                   <link target="../texts/EliotCase1629.xml" type="witness"/>
                   <msDesc>
                      <msIdentifier/>
                      <history>
                         <summary/>
                         <origin/>
                         <provenance/>
                      </history>
                   </msDesc>
                </msItem>
                <!-- MORE MS items here -->
             </msContents>
             <physDesc>
                <objectDesc>
                   <supportDesc>
                      <foliation>Folio; red ruled pages throughout except the first title leaf; consistant period foliation, including blank pages (which are also ruled). Same hand throughout.</foliation>
                      
                   </supportDesc>
                </objectDesc>
                <handDesc>
                   <handNote n="1">
                      <p><!-- hand description here, one for each scribe associated with an item --></p>
                   </handNote>
                   <!-- further number hand descs here if needed -->
                </handDesc>
             </physDesc>
             <history>
                <origin><!-- of the MS as a whole --></origin>
                <provenance><!-- of the MS as a whole --></provenance>
             </history>
          </msDesc>
    </body>
 </text>
</TEI>