<TEI xmlns="http://www.tei-c.org/ns/1.0" xmlns:xi="http://www.w3.org/2001/XInclude">
  <teiHeader>
      <fileDesc>
         <titleStmt>
            <title>BL Harley MS 677</title>
            <respStmt xml:id="NM">
                    <name>Noah Millstone</name>
                    <resp>Principal Investigator MPESE</resp>
                </respStmt>
            <respStmt xml:id="SV">
                    <name>Sebastiaan Verweij</name>
                    <resp>Co-Investigator MPESE</resp>
                </respStmt>
            <respStmt xml:id="RB">
                    <name>Richard Bell</name>
                    <resp>Research Associate</resp>
                </respStmt><respStmt xml:id="VA"><name>Victoria Anker</name><resp>BRIHC Research Impact Fellow</resp></respStmt>
            <respStmt xml:id="MJ">
                    <name>Mike Jones</name>
                    <resp>Research Software Engineer</resp>
                </respStmt>
         </titleStmt>
         <publicationStmt xml:id="mpese_pubstat">
                <publisher>Manuscript Pamphleteering in Early Stuart England (MPESE)</publisher>
                <date when="2017">2017</date>
            </publicationStmt>
         <sourceDesc>
            <p>Manuscript Description is provided in the body.</p>
         </sourceDesc>
      </fileDesc>
  </teiHeader>
 <text>
    <body>
          <msDesc>
             <msIdentifier xml:id="BL_Harley_MS_677">
                <country>United Kingdom</country>
                <settlement>London</settlement>
                <repository>British Library</repository>
                <collection>Harley</collection>
                <idno>MS 677</idno>
                <msName><!-- provide if known, e.g. Hengwrt --></msName>
             </msIdentifier>
             <msContents>
                <msItem n="1">
                   <locus>31r-32r</locus>
                   <title when="1617">Letter to Coke in the Time of His Trouble</title>
                   <author/>
                   <respStmt>
                      <resp/>
                      <name/>
                   </respStmt>
                   <note><!-- descriptive note of item here if necessary --></note>
                   <link target="../texts/LetterCokeTimeTrouble1617.xml" type="witness"/>
                   <msDesc>
                      <msIdentifier/>
                      <history>
                         <summary/>
                         <origin>quarto</origin>
                         <provenance/>
                      </history>
                   </msDesc>
                </msItem>
                <msItem n="2">
                   <locus>33r-36v</locus>
                   <title when="1603">Advertisements of a Loyal Subject to his Gracious Soveraign Drawn from Observations of the People's Speeches</title>
                   <author/>
                   <respStmt>
                      <resp/>
                      <name/>
                   </respStmt>
                   <note><!-- descriptive note of item here if necessary --></note>
                   <link target="../texts/AdvertisementsLoyalSubject1603v1.xml" type="witness"/>
                   <link target="../texts/AdvertisementsLoyalSubject1603v2.xml" type="witness"/>
                   <msDesc>
                      <msIdentifier/>
                      <history>
                         <summary/>
                         <origin/>
                         <provenance/>
                      </history>
                   </msDesc>
                </msItem>
                <msItem n="3">
                   <locus>41r-43v</locus>
                   <title when="1604">Speech of the Bishop of St David’s in the Convocation House</title>
                   <author/>
                   <respStmt>
                      <resp/>
                      <name/>
                   </respStmt>
                   <note><!-- descriptive note of item here if necessary --></note>
                   <link target="../texts/SpeechBishopStDavidsConvocationHouse1604.xml" type="witness"/>
                   <msDesc>
                      <msIdentifier/>
                      <history>
                         <summary/>
                         <origin/>
                         <provenance/>
                      </history>
                   </msDesc>
                </msItem>
                <msItem n="4">
                   <locus>45r-48r</locus>
                   <title when="1604">Letters</title>
                   <author>
                      <persName corresp="../people/people.xml#P0143">Robert Cecil, 1st Earl of Salisbury</persName>
                   </author>
                   <author>
                      <persName corresp="../people/people.xml#P0144">Matthew Hutton, Archbishop of York</persName>
                   </author>
                   <respStmt>
                      <resp/>
                      <name/>
                   </respStmt>
                   <note><!-- descriptive note of item here if necessary --></note>
                   <link target="../texts/CecilHuttonLetters1604.xml" type="witness"/>
                   <msDesc>
                      <msIdentifier/>
                      <history>
                         <summary/>
                         <origin/>
                         <provenance/>
                      </history>
                   </msDesc>
                </msItem>
                <msItem n="5">
                   <locus>62r-67v</locus>
                   <title when="1614-06">Apology to James I</title>
                   <author>
                      <persName corresp="../people/people.xml#P0109">Sir Charles Cornwallis</persName>
                   </author>
                   <respStmt>
                      <resp/>
                      <name/>
                   </respStmt>
                   <note><!-- descriptive note of item here if necessary --></note>
                   <link target="../texts/CornwallisApology1614.xml" type="witness"/>
                   <msDesc>
                      <msIdentifier/>
                      <history>
                         <summary/>
                         <origin/>
                         <provenance/>
                      </history>
                   </msDesc>
                </msItem>
                <!-- MORE MS items here -->
             </msContents>
             <physDesc>
                <objectDesc>
                   <supportDesc>
                      <foliation><!-- note here about foliation; if multiple systems, note which followed --></foliation>
                      
                   </supportDesc>
                </objectDesc>
                <handDesc>
                   <handNote n="1">
                      <p><!-- hand description here, one for each scribe associated with an item --></p>
                   </handNote>
                   <!-- further number hand descs here if needed -->
                </handDesc>
             </physDesc>
             <history>
                <origin><!-- of the MS as a whole --></origin>
                <provenance><!-- of the MS as a whole --></provenance>
             </history>
          </msDesc>
    </body>
 </text>
</TEI>