<TEI xmlns="http://www.tei-c.org/ns/1.0" xmlns:xi="http://www.w3.org/2001/XInclude">
  <teiHeader>
      <fileDesc>
         <titleStmt>
            <title>BL Harley MS 852</title>
            <respStmt xml:id="NM">
                    <name>Noah Millstone</name>
                    <resp>Principal Investigator MPESE</resp>
                </respStmt>
            <respStmt xml:id="SV">
                    <name>Sebastiaan Verweij</name>
                    <resp>Co-Investigator MPESE</resp>
                </respStmt>
            <respStmt xml:id="RB">
                    <name>Richard Bell</name>
                    <resp>Research Associate</resp>
                </respStmt><respStmt xml:id="VA"><name>Victoria Anker</name><resp>BRIHC Research Impact Fellow</resp></respStmt>
            <respStmt xml:id="MJ">
                    <name>Mike Jones</name>
                    <resp>Research Software Engineer</resp>
                </respStmt>
         </titleStmt>
         <publicationStmt xml:id="mpese_pubstat">
                <publisher>Manuscript Pamphleteering in Early Stuart England (MPESE)</publisher>
                <date when="2017">2017</date>
            </publicationStmt>
         <sourceDesc>
            <p>Manuscript Description is provided in the body.</p>
         </sourceDesc>
      </fileDesc>
  </teiHeader>
 <text>
    <body>
          <msDesc>
             <msIdentifier xml:id="BL_Harley_MS_852">
                <country>United Kingdom</country>
                <settlement>London</settlement>
                <repository>British Library</repository>
                <collection>Harley</collection>
                <idno>MS 852</idno>
                <msName><!-- provide if known, e.g. Hengwrt --></msName>
             </msIdentifier>
             <msContents>
                 <msItem n="1">
                     <locus>6r-14r</locus>
                     <title when="1625-01-03">A Relation of the Carriage of the Marriages that Should Have Been Made</title>
                     <author>
                         <persName corresp="../people/people.xml#P0122">John Digby, 1st Earl of Bristol</persName>
                     </author>
                     <respStmt>
                         <resp/>
                         <name/>
                     </respStmt>
                     <note><!-- descriptive note of item here if necessary --></note>
                     <link target="../texts/DigbyRelationCarriageMarriage1625.xml" type="witness"/>
                     <msDesc>
                         <msIdentifier/>
                         <history>
                             <summary/>
                             <origin/>
                             <provenance/>
                         </history>
                     </msDesc>
                 </msItem>
                 <msItem n="2">
                     <locus>15r-20r</locus>
                     <title when="1609">Vita...Eg Arat a Scripso Scripst</title>
                     <author>
                         <persName corresp="../people/people.xml#P0135">Sir Thomas Bodley</persName>
                     </author>
                     <respStmt>
                         <resp>Scribe</resp>
                         <name><persName corresp="../people/people.xml#P0078">Ralph Starkey</persName></name>
                     </respStmt>
                     <note><!-- descriptive note of item here if necessary --></note>
                     <link target="../texts/BodleyVita1609.xml" type="witness"/>
                     <msDesc>
                         <msIdentifier/>
                         <history>
                             <summary/>
                             <origin/>
                             <provenance/>
                         </history>
                     </msDesc>
                 </msItem>
                 <msItem n="3">
                     <locus>21r-23v</locus>
                     <title when="1617">Letter to Secretary Sir Ralph Winwood</title>
                     <author>
                         <persName corresp="../people/people.xml#P0017">Sir Walter Raleigh</persName>
                     </author>
                     <respStmt>
                         <resp/>
                         <name/>
                     </respStmt>
                     <note><!-- descriptive note of item here if necessary --></note>
                     <link target="../texts/RaleighLetterWinwoodA1617.xml" type="witness"/>
                     <msDesc>
                         <msIdentifier/>
                         <history>
                             <summary/>
                             <origin/>
                             <provenance/>
                         </history>
                     </msDesc>
                 </msItem>
                 <msItem n="4">
                     <locus>24r-28r</locus>
                     <title when="1609">Letter to Bacon</title>
                     <author>
                         <persName corresp="../people/people.xml#P0135">Sir Thomas Bodley</persName>
                     </author>
                     <respStmt>
                         <resp/>
                         <name/>
                     </respStmt>
                     <note>'The censure of Sr Tho: Bodley of Sr Francis Bacon Novum Organon'</note>
                     <link target="../texts/BodleyLetterBacon1607.xml" type="witness"/>
                     <msDesc>
                         <msIdentifier/>
                         <history>
                             <summary/>
                             <origin/>
                             <provenance/>
                         </history>
                     </msDesc>
                 </msItem>
                 <msItem n="5">
                     <locus>21r-23v</locus>
                     <title when="1617">Letter to Secretary Sir Ralph Winwood</title>
                     <author>
                         <persName corresp="../people/people.xml#P0017">Sir Walter Raleigh</persName>
                     </author>
                     <respStmt>
                         <resp/>
                         <name/>
                     </respStmt>
                     <note><!-- descriptive note of item here if necessary --></note>
                     <link target="../texts/RaleighLetterWinwoodB1618.xml" type="witness"/>
                     <msDesc>
                         <msIdentifier/>
                         <history>
                             <summary/>
                             <origin/>
                             <provenance/>
                         </history>
                     </msDesc>
                 </msItem>
                <msItem n="6">
                    <locus>29r-32r</locus>
                    <title when="1618-10-29">Speech at his Death</title>
                    <author>
                        <persName corresp="../people/people.xml#P0017">
                            Sir Walter Raleigh
                        </persName>
                    </author>
                    <respStmt>
                        <resp/>
                        <name/>
                    </respStmt>
                    <note><!-- descriptive note of item here if necessary --></note>
                    <link target="../texts/RaleighSpeechDeath1618.xml" type="witness"/>
                    <msDesc>
                        <msIdentifier/>
                        <history>
                            <summary/>
                            <origin/>
                            <provenance/>
                        </history>
                    </msDesc>
                </msItem>
                 <msItem n="7">
                     <locus>32v-33v</locus>
                     <title when="1622">Description of An Hieroglyphical Watch or Clock</title>
                     <author/>
                     <respStmt>
                         <resp/>
                         <name/>
                     </respStmt>
                     <note><!-- descriptive note of item here if necessary --></note>
                     <link target="../texts/DescriptionAnHieroglyphicalWatchClock1622.xml" type="witness"/>
                     <msDesc>
                         <msIdentifier/>
                         <history>
                             <summary/>
                             <origin/>
                             <provenance/>
                         </history>
                     </msDesc>
                 </msItem>
                 <msItem n="8">
                     <locus>40r-v</locus>
                     <title when="1622">Curse of Sherborne</title>
                     <author/>
                     <respStmt>
                         <resp/>
                         <name/>
                     </respStmt>
                     <note><!-- descriptive note of item here if necessary --></note>
                     <link target="../texts/CurseSherborne.xml" type="witness"/>
                     <msDesc>
                         <msIdentifier/>
                         <history>
                             <summary/>
                             <origin/>
                             <provenance/>
                         </history>
                     </msDesc>
                 </msItem>
             </msContents>
             <physDesc>
                <objectDesc>
                   <supportDesc>
                      <foliation><!-- note here about foliation; if multiple systems, note which followed --></foliation>
                   </supportDesc>
                </objectDesc>
                <handDesc>
                   <handNote n="1">
                      <p><!-- hand description here, one for each scribe associated with an item --></p>
                   </handNote>
                   <!-- further number hand descs here if needed -->
                </handDesc>
             </physDesc>
             <history>
                <origin><!-- of the MS as a whole --></origin>
                <provenance><!-- of the MS as a whole --></provenance>
             </history>
          </msDesc>
    </body>
 </text>
</TEI>