<TEI xmlns="http://www.tei-c.org/ns/1.0" xmlns:xi="http://www.w3.org/2001/XInclude" type="generated_from_excel">
   <teiHeader>
      <fileDesc>
         <titleStmt>
            <title>British Library Lansdowne MS 617</title>
            <respStmt xml:id="NM">
               <name>Noah Millstone</name>
               <resp>Principal Investigator MPESE</resp>
            </respStmt>
            <respStmt xml:id="SV">
               <name>Sebastiaan Verweij</name>
               <resp>Co - Investigator MPESE</resp>
            </respStmt>
            <respStmt xml:id="RB">
               <name>Richard Bell</name>
               <resp>Research Associate MPESE</resp>
            </respStmt>
            <respStmt xml:id="VA">
               <name>Victoria Anker</name>
               <resp>BRIHC Research Impact Fellow</resp>
            </respStmt>
            <respStmt xml:id="MJ">
               <name>Mike Jones</name>
               <resp>Research Software Engineer</resp>
            </respStmt>
         </titleStmt>
         <publicationStmt xml:id="mpese_pubstat">
            <publisher>Manuscript Pamphleteering in Early Stuart England (MPESE)</publisher>
            <date when="2018">2018</date>
         </publicationStmt>
         <sourceDesc>
            <p>Manuscript Description is provided in the body.</p>
         </sourceDesc>
      </fileDesc>
   </teiHeader>
   <text>
      <body>
         <msDesc>
            <msIdentifier xml:id="BL_Lansdowne_MS_617">
               <country>United Kingdom</country>
               <settlement>London</settlement>
               <repository>British Library</repository>
               <collection>Lansdowne</collection>
               <idno>MS 617</idno>
               <msName/>
            </msIdentifier>
            <msContents>
               <msItem n="1">
                  <locus>2r-22x</locus>
                  <title>Argument Concerning Ship Money</title><author>
               <persName corresp="../people/people.xml#P0199">Sir Richard Weston</persName>
            </author>
                  <respStmt>
                     <resp/>
                     <name>
                        <persName/>
                     </name>
                  </respStmt>
                  <link target="../texts/WestonArgumentConcerningShipMoney1638.xml" type="witness"/>
                  <msDesc>
                     <msIdentifier/>
                     <history>
                        <summary/>
                        <origin/>
                        <provenance/>
                     </history>
                  </msDesc>
               </msItem>
               <msItem n="2">
                  <locus>23x-37x</locus>
                  <title>Argument Concerning Ship Money</title><author>
               <persName corresp="../people/people.xml#P0149">Sir Francis Crawley</persName>
            </author>
                  <respStmt>
                     <resp/>
                     <name>
                        <persName/>
                     </name>
                  </respStmt>
                  <link target="../texts/CrawleyArgumentConcerningShipMoney1638.xml" type="witness"/>
                  <msDesc>
                     <msIdentifier/>
                     <history>
                        <summary/>
                        <origin/>
                        <provenance/>
                     </history>
                  </msDesc>
               </msItem>
               <msItem n="3">
                  <locus>38x-39x</locus>
                  <title>Argument Concerning Ship Money</title><author>
               <persName corresp="../people/people.xml#P0198">Sir George Vernon</persName>
            </author>
                  <respStmt>
                     <resp/>
                     <name>
                        <persName/>
                     </name>
                  </respStmt>
                  <link target="../texts/VernonArgumentConcerningShipMoney1638.xml" type="witness"/>
                  <msDesc>
                     <msIdentifier/>
                     <history>
                        <summary/>
                        <origin/>
                        <provenance/>
                     </history>
                  </msDesc>
               </msItem>
               <msItem n="4">
                  <locus>40x</locus>
                  <title>Argument Concerning Ship Money</title><author>
               <persName corresp="../people/people.xml#P0197">Sir Thomas Trevor</persName>
            </author>
                  <respStmt>
                     <resp/>
                     <name>
                        <persName/>
                     </name>
                  </respStmt>
                  <link target="../texts/TrevorArgumentConcerningShipMoney1638.xml" type="witness"/>
                  <msDesc>
                     <msIdentifier/>
                     <history>
                        <summary/>
                        <origin/>
                        <provenance/>
                     </history>
                  </msDesc>
               </msItem>
               <msItem n="5">
                  <locus>41x-62x</locus>
                  <title>Argument Concerning Ship Money</title><author>
               <persName corresp="../people/people.xml#P0134">Sir Robert Berkeley</persName>
            </author>
                  <respStmt>
                     <resp/>
                     <name>
                        <persName/>
                     </name>
                  </respStmt>
                  <link target="../texts/BerkeleyShipMoney1638.xml" type="witness"/>
                  <msDesc>
                     <msIdentifier/>
                     <history>
                        <summary/>
                        <origin/>
                        <provenance/>
                     </history>
                  </msDesc>
               </msItem>
               <msItem n="6">
                  <locus>63r-88x</locus>
                  <title>Argument Concerning Ship Money</title><author>
               <persName corresp="../people/people.xml#P0004">George Croke</persName>
            </author>
                  <respStmt>
                     <resp/>
                     <name>
                        <persName/>
                     </name>
                  </respStmt>
                  <link target="../texts/CrokeShipMoney1638.xml" type="witness"/>
                  <msDesc>
                     <msIdentifier/>
                     <history>
                        <summary/>
                        <origin/>
                        <provenance/>
                     </history>
                  </msDesc>
               </msItem>
               <msItem n="7">
                  <locus>89x-107x</locus>
                  <title>Argument Concerning Ship Money</title><author>
               <persName corresp="../people/people.xml#P0184">Sir William Jones</persName>
            </author>
                  <respStmt>
                     <resp/>
                     <name>
                        <persName/>
                     </name>
                  </respStmt>
                  <link target="../texts/JonesArgumentConcerningShipMoney1638.xml" type="witness"/>
                  <msDesc>
                     <msIdentifier/>
                     <history>
                        <summary/>
                        <origin/>
                        <provenance/>
                     </history>
                  </msDesc>
               </msItem>
               <msItem n="8">
                  <locus>108x-128x</locus>
                  <title>Argument Concerning Ship Money</title><author>
               <persName corresp="../people/people.xml#P0141">Richard Hutton</persName>
            </author>
                  <respStmt>
                     <resp/>
                     <name>
                        <persName/>
                     </name>
                  </respStmt>
                  <link target="../texts/HuttonArgumentConcerningShipMoney1638.xml" type="witness"/>
                  <msDesc>
                     <msIdentifier/>
                     <history>
                        <summary/>
                        <origin/>
                        <provenance/>
                     </history>
                  </msDesc>
               </msItem>
               <msItem n="9">
                  <locus>129x-130x</locus>
                  <title>Argument Concerning Ship Money</title><author>
               <persName corresp="../people/people.xml#P0156">Sir John Denham</persName>
            </author>
                  <respStmt>
                     <resp/>
                     <name>
                        <persName/>
                     </name>
                  </respStmt>
                  <link target="../texts/DenhamArgumentConcerningShipMoney1638.xml" type="witness"/>
                  <msDesc>
                     <msIdentifier/>
                     <history>
                        <summary/>
                        <origin/>
                        <provenance/>
                     </history>
                  </msDesc>
               </msItem>
               <msItem n="10">
                  <locus>131x-150x</locus>
                  <title>Argument Concerning Ship Money</title><author>
               <persName corresp="../people/people.xml#P0154">Sir Humphrey Davenport</persName>
            </author>
                  <respStmt>
                     <resp/>
                     <name>
                        <persName/>
                     </name>
                  </respStmt>
                  <link target="../texts/DavenportArgumentConcerningShipMoney1638.xml" type="witness"/>
                  <msDesc>
                     <msIdentifier/>
                     <history>
                        <summary/>
                        <origin/>
                        <provenance/>
                     </history>
                  </msDesc>
               </msItem>
               <msItem n="11">
                  <locus>151r-219x</locus>
                  <title>Argument Concerning Ship Money</title><author>
               <persName corresp="../people/people.xml#P0167">Justice John Finch</persName>
            </author>
                  <respStmt>
                     <resp/>
                     <name>
                        <persName/>
                     </name>
                  </respStmt>
                  <link target="../texts/FinchArgumentConcerningShipMoney1638.xml" type="witness"/>
                  <msDesc>
                     <msIdentifier/>
                     <history>
                        <summary/>
                        <origin/>
                        <provenance/>
                     </history>
                  </msDesc>
               </msItem>
               <msItem n="12">
                  <locus>220r-234x</locus>
                  <title>Argument Concerning Ship Money</title><author>
               <persName corresp="../people/people.xml#P0137">Sir John Brampston</persName>
            </author>
                  <respStmt>
                     <resp/>
                     <name>
                        <persName/>
                     </name>
                  </respStmt>
                  <link target="../texts/BrampstonShipMoney1638.xml" type="witness"/>
                  <msDesc>
                     <msIdentifier/>
                     <history>
                        <summary/>
                        <origin/>
                        <provenance/>
                     </history>
                  </msDesc>
               </msItem>
            </msContents>
            <physDesc>
               <objectDesc>
                  <supportDesc>
                     <foliation/>
                  </supportDesc>
               </objectDesc>
            </physDesc>
            <history>
               <origin>Belonged to 'Edr. Umfrevile Junr.' (2r), student of the Inner Temple. Heavily annotated.</origin>
               <provenance/>
            </history>
         </msDesc>
      </body>
   </text>
</TEI>