<TEI xmlns="http://www.tei-c.org/ns/1.0" xmlns:xi="http://www.w3.org/2001/XInclude">
    <teiHeader>
        <fileDesc>
            <titleStmt>
                <title>BL Lansdown MS 211</title>
                <respStmt xml:id="NM">
                    <name>Noah Millstone</name>
                    <resp>Principal Investigator MPESE</resp>
                </respStmt>
                <respStmt xml:id="SV">
                    <name>Sebastiaan Verweij</name>
                    <resp>Co-Investigator MPESE</resp>
                </respStmt>
                <respStmt xml:id="RB">
                    <name>Richard Bell</name>
                    <resp>Research Associate</resp>
                </respStmt><respStmt xml:id="VA"><name>Victoria Anker</name><resp>BRIHC Research Impact Fellow</resp></respStmt>
                <respStmt xml:id="MJ">
                    <name>Mike Jones</name>
                    <resp>Research Software Engineer</resp>
                </respStmt>
            </titleStmt>
            <publicationStmt xml:id="mpese_pubstat"><publisher>Manuscript Pamphleteering in Early Stuart England (MPESE)</publisher><date when="2017">2017</date></publicationStmt>
            <sourceDesc>
                <p>Manuscript Description is provided in the body.</p>
            </sourceDesc>
        </fileDesc>
    </teiHeader>
    <text>
        <body>
            <msDesc>
                <msIdentifier xml:id="BL_Lansdowne_MS_211">
                    <country>United Kingdom</country>
                    <settlement>London</settlement>
                    <repository>British Library</repository>
                    <collection>Lansdowne</collection>
                    <idno>MS 211</idno>
                    <msName/>
                </msIdentifier>
                <msContents>
                    <msItem n="1">
                        <locus>61r-64r</locus>
                        <title>Way of Duels Before the King</title>
                        <author/>
                        <respStmt>
                            <resp/>
                            <name/>
                        </respStmt>
                        <note>Here attributed to John Selden</note>
                        <link target="../texts/WayDuelsBeforeKing.xml" type="witness"/>
                        <msDesc>
                            <msIdentifier/>
                            <history>
                                <summary/>
                                <origin/>
                                <provenance/>
                            </history>
                        </msDesc>
                    </msItem>
                    <msItem n="2">
                        <locus>70r-86r</locus>
                        <title when="1626">Opinion Touching the Alteration of Coin</title>
                        <author>
                            <persName corresp="../people/people.xml#P0001">Sir Robert Cotton</persName>
                        </author>
                        <respStmt>
                            <resp/>
                            <name/>
                        </respStmt>
                        <note/>
                        <link target="../texts/CottonCoin1626.xml" type="witness"/>
                        <msDesc>
                            <msIdentifier/>
                            <history>
                                <summary/>
                                <origin/>
                                <provenance/>
                            </history>
                        </msDesc>
                    </msItem>
                    <msItem n="3">
                        <locus>87r-97x</locus>
                        <title when="1634">Speech to Justice Finch</title>
                        <author>
                            <persName corresp="../people/people.xml#P0148">Lord Keeper Thomas Coventry</persName>
                        </author>
                        <respStmt>
                            <resp/>
                            <name/>
                        </respStmt>
                        <note/>
                        <link target="../texts/CoventrySpeechFinch1634.xml" type="witness"/>
                        <msDesc>
                            <msIdentifier/>
                            <history>
                                <summary/>
                                <origin/>
                                <provenance/>
                            </history>
                        </msDesc>
                    </msItem>
                    <msItem n="4">
                        <locus>114r-140v</locus>
                        <title when="1638">Censure of John Williams, Bishop of Lincoln, and Lambert Osbaston in Star Chamber</title>
                        <author/>
                        <respStmt>
                            <resp/>
                            <name/>
                        </respStmt>
                        <note/>
                        <link target="../texts/StarChamberCesureWilliamsOsbaston1638.xml" type="witness"/>
                        <msDesc>
                            <msIdentifier/>
                            <history>
                                <summary/>
                                <origin/>
                                <provenance/>
                            </history>
                        </msDesc>
                    </msItem>
                    <!-- MORE MS items here -->
                </msContents>
                <physDesc>
                    <objectDesc>
                        <supportDesc>
                            <foliation><!-- note here about foliation; if multiple systems, note which followed --></foliation>
                            
                        </supportDesc>
                    </objectDesc>
                    <handDesc>
                        <handNote n="1">
                            <p><!-- hand description here, one for each scribe associated with an item --></p>
                        </handNote>
                        <!-- further number hand descs here if needed -->
                    </handDesc>
                </physDesc>
                <history>
                    <origin><!-- of the MS as a whole --></origin>
                    <provenance><!-- of the MS as a whole --></provenance>
                </history>
            </msDesc>
        </body>
    </text>
</TEI>