<TEI xmlns="http://www.tei-c.org/ns/1.0" xmlns:xi="http://www.w3.org/2001/XInclude">
  <teiHeader>
      <fileDesc>
         <titleStmt>
            <title>BL Sloane MS 826</title>
            <respStmt xml:id="NM">
                    <name>Noah Millstone</name>
                    <resp>Principal Investigator MPESE</resp>
                </respStmt>
            <respStmt xml:id="SV">
                    <name>Sebastiaan Verweij</name>
                    <resp>Co-Investigator MPESE</resp>
                </respStmt>
            <respStmt xml:id="RB">
                    <name>Richard Bell</name>
                    <resp>Research Associate</resp>
                </respStmt><respStmt xml:id="VA"><name>Victoria Anker</name><resp>BRIHC Research Impact Fellow</resp></respStmt>
            <respStmt xml:id="MJ">
                    <name>Mike Jones</name>
                    <resp>Research Software Engineer</resp>
                </respStmt>
         </titleStmt>
         <publicationStmt xml:id="mpese_pubstat"><publisher>Manuscript Pamphleteering in Early Stuart England (MPESE)</publisher><date when="2017">2017</date></publicationStmt>
         <sourceDesc>
            <p>Manuscript Description is provided in the body.</p>
         </sourceDesc>
      </fileDesc>
  </teiHeader>
 <text>
    <body>
          <msDesc>
             <msIdentifier xml:id="BL_Sloane_MS_826">
                <country>United Kingdom</country>
                <settlement>London</settlement>
                <repository>British Library</repository>
                <collection>Sloane</collection>
                <idno>MS 826</idno>
                <msName><!-- provide if known, e.g. Hengwrt --></msName>
             </msIdentifier>
             <msContents>
                <msItem n="1">
                   <locus>34r-37v</locus>
                   <title when="1628">The Danger Wherein the Kingdom Now Standeth and the Remedy</title>
                   <author>
                      <persName corresp="../people/people.xml#P0001">Sir Robert Cotton</persName>
                   </author>
                   <respStmt>
                      <resp/>
                      <name/>
                   </respStmt>
                   <note/>
                   <link target="../texts/CottonDanger1626v1.xml" type="witness"/>
                   <link target="../texts/CottonDanger1626v2.xml" type="witness"/>
                   <msDesc>
                      <msIdentifier/>
                      <history>
                         <summary/>
                         <origin/>
                         <provenance/>
                      </history>
                   </msDesc>
                </msItem>
                <msItem n="2">
                   <locus>119v-120r</locus>
                   <title when="1628-06-26">Articles Against Melvin</title>
                   <author/>
                   <respStmt>
                      <resp/>
                      <name/>
                   </respStmt>
                   <note><!-- descriptive note of item here if necessary --></note>
                   <link target="../texts/ArticlesAgainstMelvin1628.xml" type="t_witness"/>
                   <msDesc>
                      <msIdentifier/>
                      <history>
                         <summary/>
                         <origin/>
                         <provenance/>
                      </history>
                   </msDesc>
                </msItem>
                <msItem n="3">
                   <locus>133r-v</locus>
                   <title when="1628-08-23">Statement on the assassination of the Duke of Buckingham (from a note found in his hat)</title>
                   <author>
                      <persName corresp="../people/people.xml#P0002">John Felton</persName>
                   </author>
                   <respStmt>
                      <resp/>
                      <name/>
                   </respStmt>
                   <note/>
                   <link target="../texts/FeltonStatement1628v1.xml" type="witness"/>
                   <link target="../texts/FeltonStatement1628v2.xml" type="witness"/>
                   <link target="../texts/FeltonStatement1628v3.xml" type="witness"/>
                   <msDesc>
                      <msIdentifier/>
                      <history>
                         <summary/>
                         <origin/>
                         <provenance/>
                      </history>
                   </msDesc>
                </msItem>
                <msItem n="4">
                   <locus>133v-135r</locus>
                   <title when="1628-11-29">Prayer and Speech at His Execution</title>
                   <author>
                      <persName corresp="../people/people.xml#P0002">John Felton</persName>
                   </author>
                   <respStmt>
                      <resp/>
                      <name/>
                   </respStmt>
                   <note/>
                   <link target="../texts/FeltonPrayerSpeechHisExecution1628.xml" type="witness"/>
                   <msDesc>
                      <msIdentifier/>
                      <history>
                         <summary/>
                         <origin/>
                         <provenance/>
                      </history>
                   </msDesc>
                </msItem>
             </msContents>
             <physDesc>
                <objectDesc>
                   <supportDesc>
                      <foliation><!-- note here about foliation; if multiple systems, note which followed --></foliation>
                      
                   </supportDesc>
                </objectDesc>
                <handDesc>
                   <handNote n="1">
                      <p><!-- hand description here, one for each scribe associated with an item --></p>
                   </handNote>
                   <!-- further number hand descs here if needed -->
                </handDesc>
             </physDesc>
             <history>
                <origin><!-- of the MS as a whole --></origin>
                <provenance><!-- of the MS as a whole --></provenance>
             </history>
          </msDesc>
    </body>
 </text>
</TEI>