<TEI xmlns="http://www.tei-c.org/ns/1.0" xmlns:xi="http://www.w3.org/2001/XInclude" type="generated_from_excel">
   <teiHeader>
      <fileDesc>
         <titleStmt>
            <title>Bibliothèque nationale de France Cinq-Cents de Colbert ms 467</title>
            <respStmt xml:id="NM">
               <name>Noah Millstone</name>
               <resp>Principal Investigator MPESE</resp>
            </respStmt>
            <respStmt xml:id="SV">
               <name>Sebastiaan Verweij</name>
               <resp>Co - Investigator MPESE</resp>
            </respStmt>
            <respStmt xml:id="RB">
               <name>Richard Bell</name>
               <resp>Research Associate MPESE</resp>
            </respStmt>
            <respStmt xml:id="VA">
               <name>Victoria Anker</name>
               <resp>BRIHC Research Impact Fellow</resp>
            </respStmt>
            <respStmt xml:id="MJ">
               <name>Mike Jones</name>
               <resp>Research Software Engineer</resp>
            </respStmt>
         </titleStmt>
         <publicationStmt xml:id="mpese_pubstat">
            <publisher>Manuscript Pamphleteering in Early Stuart England (MPESE)</publisher>
            <date when="2018">2018</date>
         </publicationStmt>
         <sourceDesc>
            <p>Manuscript Description is provided in the body.</p>
         </sourceDesc>
      </fileDesc>
   </teiHeader>
   <text>
      <body>
         <msDesc>
            <msIdentifier xml:id="BnF_CinqCents_de_Colbert_ms_467">
               <country>France</country>
               <settlement>Paris</settlement>
               <repository>Bibliothèque nationale de France</repository>
               <collection>Cinq-Cents de Colbert</collection>
               <idno>ms 467</idno>
               <msName/>
            </msIdentifier>
            <msContents>
               <msItem n="1">
                  <locus>72r</locus>
                  <title>The Short Apology on his Return from Guiana</title><author>
               <persName corresp="../people/people.xml#P0017">Sir Walter Raleigh</persName>
            </author>
                  <respStmt>
                     <resp/>
                     <name>
                        <persName/>
                     </name>
                  </respStmt>
                  <link target="../texts/RaleighShortApology1618.xml" type="witness"/>
                  <msDesc>
                     <msIdentifier/>
                     <history>
                        <summary/>
                        <origin>in French</origin>
                        <provenance/>
                     </history>
                  </msDesc>
               </msItem>
               <msItem n="2">
                  <locus>105r-v</locus>
                  <title>Letter to the Spanish Ambassador, Count Gondomar</title><author>
               <persName corresp="../people/people.xml#P0009">George Villiers, Duke of Buckingham</persName>
            </author>
                  <respStmt>
                     <resp/>
                     <name>
                        <persName/>
                     </name>
                  </respStmt>
                  <link target="../texts/VilliersLetterGondomar1620.xml" type="witness"/>
                  <msDesc>
                     <msIdentifier/>
                     <history>
                        <summary/>
                        <origin/>
                        <provenance/>
                     </history>
                  </msDesc>
               </msItem>
               <msItem n="3">
                  <locus>193r-194r</locus>
                  <title>A Speech to the King Concerning Toleration of Popery, Attributed to Archbishop Abbot</title><author>
               <persName corresp="../people/people.xml#P0204">Pseudo-Abbot</persName>
            </author>
                  <respStmt>
                     <resp/>
                     <name>
                        <persName/>
                     </name>
                  </respStmt>
                  <link target="../texts/PseudoAbbot1623v1.xml" type="witness"/>
                  <msDesc>
                     <msIdentifier/>
                     <history>
                        <summary/>
                        <origin>in French</origin>
                        <provenance/>
                     </history>
                  </msDesc>
               </msItem>
            </msContents>
            <physDesc>
               <objectDesc>
                  <supportDesc>
                     <foliation/>
                  </supportDesc>
               </objectDesc>
            </physDesc>
            <history>
               <origin/>
               <provenance/>
            </history>
         </msDesc>
      </body>
   </text>
</TEI>