<TEI xmlns="http://www.tei-c.org/ns/1.0" xmlns:xi="http://www.w3.org/2001/XInclude" type="generated_from_excel">
   <teiHeader>
      <fileDesc>
         <titleStmt>
            <title>Bodleian Library MS Rawlinson C 929</title>
            <respStmt xml:id="NM">
               <name>Noah Millstone</name>
               <resp>Principal Investigator MPESE</resp>
            </respStmt>
            <respStmt xml:id="SV">
               <name>Sebastiaan Verweij</name>
               <resp>Co - Investigator MPESE</resp>
            </respStmt>
            <respStmt xml:id="RB">
               <name>Richard Bell</name>
               <resp>Research Associate MPESE</resp>
            </respStmt>
            <respStmt xml:id="VA">
               <name>Victoria Anker</name>
               <resp>BRIHC Research Impact Fellow</resp>
            </respStmt>
            <respStmt xml:id="MJ">
               <name>Mike Jones</name>
               <resp>Research Software Engineer</resp>
            </respStmt>
         </titleStmt>
         <publicationStmt xml:id="mpese_pubstat">
            <publisher>Manuscript Pamphleteering in Early Stuart England (MPESE)</publisher>
            <date when="2018">2018</date>
         </publicationStmt>
         <sourceDesc>
            <p>Manuscript Description is provided in the body.</p>
         </sourceDesc>
      </fileDesc>
   </teiHeader>
   <text>
      <body>
         <msDesc>
            <msIdentifier xml:id="Bodl_MS_Rawlinson_C_929">
               <country>United Kingdom</country>
               <settlement>Oxford</settlement>
               <repository>Bodleian Library</repository>
               <collection/>
               <idno>MS Rawlinson C 929</idno>
               <msName/>
            </msIdentifier>
            <msContents>
               <msItem n="1">
                  <locus>1r-18v</locus>
                  <title>A Discourse of the State of Spain</title><author>
               <persName corresp="../people/people.xml#P0109">Sir Charles Cornwallis</persName>
            </author>
                  <respStmt>
                     <resp/>
                     <name>
                        <persName/>
                     </name>
                  </respStmt>
                  <link target="../texts/CornwallisDiscourseSpain1607.xml" type="witness"/>
                  <msDesc>
                     <msIdentifier/>
                     <history>
                        <summary/>
                        <origin>fragment</origin>
                        <provenance/>
                     </history>
                  </msDesc>
               </msItem>
               <msItem n="2">
                  <locus>19r-21v</locus>
                  <title>Apology to James I</title><author>
               <persName corresp="../people/people.xml#P0109">Sir Charles Cornwallis</persName>
            </author>
                  <respStmt>
                     <resp/>
                     <name>
                        <persName/>
                     </name>
                  </respStmt>
                  <link target="../texts/CornwallisApology1614.xml" type="witness"/>
                  <msDesc>
                     <msIdentifier/>
                     <history>
                        <summary/>
                        <origin/>
                        <provenance/>
                     </history>
                  </msDesc>
               </msItem>
               <msItem n="3">
                  <locus>25r-26r</locus>
                  <title>Apology to James I</title><author>
               <persName corresp="../people/people.xml#P0109">Sir Charles Cornwallis</persName>
            </author>
                  <respStmt>
                     <resp/>
                     <name>
                        <persName/>
                     </name>
                  </respStmt>
                  <link target="../texts/CornwallisApologyB1614.xml" type="witness"/>
                  <msDesc>
                     <msIdentifier/>
                     <history>
                        <summary/>
                        <origin/>
                        <provenance/>
                     </history>
                  </msDesc>
               </msItem>
               <msItem n="4">
                  <locus>31r-39r</locus>
                  <title>Certain Remembrances to Prince Charles written during Cornwallis's commitment to the Tower</title><author>
               <persName corresp="../people/people.xml#P0109">Sir Charles Cornwallis</persName>
            </author>
                  <respStmt>
                     <resp/>
                     <name>
                        <persName/>
                     </name>
                  </respStmt>
                  <link target="../texts/CornwallisCertainRemembrancesPrinceCharles1614.xml" type="witness"/>
                  <msDesc>
                     <msIdentifier/>
                     <history>
                        <summary/>
                        <origin/>
                        <provenance/>
                     </history>
                  </msDesc>
               </msItem>
               <msItem n="5">
                  <locus>40r-42v</locus>
                  <title>A Politique Consideration of a Match for Prince Henry with Florence</title><author>
               <persName corresp="../people/people.xml#P0109">Sir Charles Cornwallis?</persName>
            </author>
                  <respStmt>
                     <resp/>
                     <name>
                        <persName/>
                     </name>
                  </respStmt>
                  <link target="../texts/CornwallisPolitiqueConsiderationMatchPrinceHenry.xml" type="witness"/>
                  <msDesc>
                     <msIdentifier/>
                     <history>
                        <summary/>
                        <origin/>
                        <provenance/>
                     </history>
                  </msDesc>
               </msItem>
               <msItem n="6">
                  <locus>43r-47v</locus>
                  <title>Discourse Conerning the Government in Ireland</title><author>
               <persName corresp="../people/people.xml#P0109">Sir Charles Cornwallis</persName>
            </author>
                  <respStmt>
                     <resp/>
                     <name>
                        <persName/>
                     </name>
                  </respStmt>
                  <link target="../texts/CornwallisDiscourseIreland1613.xml" type="witness"/>
                  <msDesc>
                     <msIdentifier/>
                     <history>
                        <summary/>
                        <origin/>
                        <provenance/>
                     </history>
                  </msDesc>
               </msItem>
               <msItem n="7">
                  <locus>48r-51v</locus>
                  <title>Discourse to the Lords of the Council of State in Spain</title><author>
               <persName corresp="../people/people.xml#P0109">Sir Charles Cornwallis</persName>
            </author>
                  <respStmt>
                     <resp/>
                     <name>
                        <persName/>
                     </name>
                  </respStmt>
                  <link target="../texts/CornwallisCouncilStateSpain.xml" type="witness"/>
                  <msDesc>
                     <msIdentifier/>
                     <history>
                        <summary/>
                        <origin/>
                        <provenance/>
                     </history>
                  </msDesc>
               </msItem>
               <msItem n="8">
                  <locus>51v-60v</locus>
                  <title>Letters to the King of Spain</title><author>
               <persName corresp="../people/people.xml#P0109">Sir Charles Cornwallis</persName>
            </author>
                  <respStmt>
                     <resp/>
                     <name>
                        <persName/>
                     </name>
                  </respStmt>
                  <link target="../texts/CornwallisLettersKingSpain1608.xml" type="witness"/>
                  <msDesc>
                     <msIdentifier/>
                     <history>
                        <summary/>
                        <origin/>
                        <provenance/>
                     </history>
                  </msDesc>
               </msItem>
            </msContents>
            <physDesc>
               <objectDesc>
                  <supportDesc>
                     <foliation/>
                  </supportDesc>
               </objectDesc>
            </physDesc>
            <history>
               <origin/>
               <provenance/>
            </history>
         </msDesc>
      </body>
   </text>
</TEI>