<TEI xmlns="http://www.tei-c.org/ns/1.0" xmlns:xi="http://www.w3.org/2001/XInclude" type="generated_from_excel">
   <teiHeader>
      <fileDesc>
         <titleStmt>
            <title>Bodleian Library MS Rawlinson C 917</title>
            <respStmt xml:id="NM">
               <name>Noah Millstone</name>
               <resp>Principal Investigator MPESE</resp>
            </respStmt>
            <respStmt xml:id="SV">
               <name>Sebastiaan Verweij</name>
               <resp>Co - Investigator MPESE</resp>
            </respStmt>
            <respStmt xml:id="RB">
               <name>Richard Bell</name>
               <resp>Research Associate MPESE</resp>
            </respStmt>
            <respStmt xml:id="VA">
               <name>Victoria Anker</name>
               <resp>BRIHC Research Impact Fellow</resp>
            </respStmt>
            <respStmt xml:id="MJ">
               <name>Mike Jones</name>
               <resp>Research Software Engineer</resp>
            </respStmt>
         </titleStmt>
         <publicationStmt xml:id="mpese_pubstat">
            <publisher>Manuscript Pamphleteering in Early Stuart England (MPESE)</publisher>
            <date when="2018">2018</date>
         </publicationStmt>
         <sourceDesc>
            <p>Manuscript Description is provided in the body.</p>
         </sourceDesc>
      </fileDesc>
   </teiHeader>
   <text>
      <body>
         <msDesc>
            <msIdentifier xml:id="Bodl_MS_Rawlinson_C_917">
               <country>United Kingdom</country>
               <settlement>Oxford</settlement>
               <repository>Bodleian Library</repository>
               <collection/>
               <idno>MS Rawlinson C 917</idno>
               <msName/>
            </msIdentifier>
            <msContents>
               <msItem n="1">
                  <locus>1-232</locus>
                  <title>The Arguments Made in the Greate Case of Habeas Corpus</title><author>
               <persName corresp="../people/people.xml#P0029">Sir Robert Heath</persName>
            </author><author>
               <persName corresp="../people/people.xml#P0028">Sir Henry Calthorpe</persName>
            </author><author>
               <persName corresp="../people/people.xml#P0027">William Noy</persName>
            </author><author>
               <persName corresp="../people/people.xml#P0026">Sir John Bramston the Elder</persName>
            </author>
                  <respStmt>
                     <resp/>
                     <name>
                        <persName/>
                     </name>
                  </respStmt>
                  <link target="../texts/HabeasCorpus1627.xml" type="witness"/>
                  <msDesc>
                     <msIdentifier/>
                     <history>
                        <summary/>
                        <origin/>
                        <provenance/>
                     </history>
                  </msDesc>
               </msItem>
               <msItem n="2">
                  <locus>233-243</locus>
                  <title>Petition from the Gatehouse</title><author>
               <persName corresp="../people/people.xml#P0044">Sir John Eliot</persName>
            </author>
                  <respStmt>
                     <resp/>
                     <name>
                        <persName/>
                     </name>
                  </respStmt>
                  <link target="../texts/EliotPetitionGatehouse1627.xml" type="witness"/>
                  <msDesc>
                     <msIdentifier/>
                     <history>
                        <summary/>
                        <origin/>
                        <provenance/>
                     </history>
                  </msDesc>
               </msItem>
               <msItem n="3">
                  <locus>383-539</locus>
                  <title>Case Regarding the Marches of Wales</title><author>
               <persName corresp="../people/people.xml#P0142">Serjeant Harris</persName>
            </author><author>
               <persName corresp="../people/people.xml#P0141">Serjeant Hutton</persName>
            </author><author>
               <persName corresp="../people/people.xml#P0012">Sir Francis Bacon</persName>
            </author>
                  <respStmt>
                     <resp/>
                     <name>
                        <persName/>
                     </name>
                  </respStmt>
                  <link target="../texts/CaseRegardingMarchesWales.xml" type="witness"/>
                  <msDesc>
                     <msIdentifier/>
                     <history>
                        <summary/>
                        <origin/>
                        <provenance/>
                     </history>
                  </msDesc>
               </msItem>
            </msContents>
            <physDesc>
               <objectDesc>
                  <supportDesc>
                     <foliation/>
                  </supportDesc>
               </objectDesc>
            </physDesc>
            <history>
               <origin/>
               <provenance/>
            </history>
         </msDesc>
      </body>
   </text>
</TEI>