<TEI xmlns="http://www.tei-c.org/ns/1.0" xmlns:xi="http://www.w3.org/2001/XInclude" type="generated_from_excel">
   <teiHeader>
      <fileDesc>
         <titleStmt>
            <title>Bodleian Library 4o Rawl. 550</title>
            <respStmt xml:id="NM">
               <name>Noah Millstone</name>
               <resp>Principal Investigator MPESE</resp>
            </respStmt>
            <respStmt xml:id="SV">
               <name>Sebastiaan Verweij</name>
               <resp>Co - Investigator MPESE</resp>
            </respStmt>
            <respStmt xml:id="RB">
               <name>Richard Bell</name>
               <resp>Research Associate MPESE</resp>
            </respStmt>
            <respStmt xml:id="VA">
               <name>Victoria Anker</name>
               <resp>BRIHC Research Impact Fellow</resp>
            </respStmt>
            <respStmt xml:id="MJ">
               <name>Mike Jones</name>
               <resp>Research Software Engineer</resp>
            </respStmt>
         </titleStmt>
         <publicationStmt xml:id="mpese_pubstat">
            <publisher>Manuscript Pamphleteering in Early Stuart England (MPESE)</publisher>
            <date when="2018">2018</date>
         </publicationStmt>
         <sourceDesc>
            <p>Manuscript Description is provided in the body.</p>
         </sourceDesc>
      </fileDesc>
   </teiHeader>
   <text>
      <body>
         <msDesc>
            <msIdentifier xml:id="Bodl_4o_Rawl_550">
               <country>United Kingdom</country>
               <settlement>Oxford</settlement>
               <repository>Bodleian Library</repository>
               <collection/>
               <idno>4o Rawl. 550</idno>
               <msName/>
            </msIdentifier>
            <msContents>
               <msItem n="1">
                  <locus>1r-6v</locus>
                  <title>The Speech of the Deputy of Ireland to the Parliament House</title><author>
               <persName corresp="../people/people.xml#P0">Thomas Wentworth</persName>
            </author>
                  <respStmt>
                     <resp/>
                     <name>
                        <persName/>
                     </name>
                  </respStmt>
                  <link target="../texts/WentworthSpeechIrelandParliamentHouse1634.xml" type="witness"/>
                  <msDesc>
                     <msIdentifier/>
                     <history>
                        <summary/>
                        <origin/>
                        <provenance/>
                     </history>
                  </msDesc>
               </msItem>
               <msItem n="2">
                  <locus>6v-17v</locus>
                  <title>Letter to his Father, the Earl of Manchester</title><author>
               <persName corresp="../people/people.xml#P0120">Walter Montagu</persName>
            </author>
                  <respStmt>
                     <resp/>
                     <name>
                        <persName/>
                     </name>
                  </respStmt>
                  <link target="../texts/MontaguLetterFather1635.xml" type="witness"/>
                  <msDesc>
                     <msIdentifier/>
                     <history>
                        <summary/>
                        <origin/>
                        <provenance/>
                     </history>
                  </msDesc>
               </msItem>
               <msItem n="3">
                  <locus>18r-28v</locus>
                  <title>A Parallel of Robert Devereux, Earl of Essex, and George Villiers, Duke of Buckingham</title><author>
               <persName corresp="../people/people.xml#P0178">Sir Henry Wotton</persName>
            </author>
                  <respStmt>
                     <resp/>
                     <name>
                        <persName/>
                     </name>
                  </respStmt>
                  <link target="../texts/WottonParallelEssexBuckingham.xml" type="witness"/>
                  <msDesc>
                     <msIdentifier/>
                     <history>
                        <summary/>
                        <origin/>
                        <provenance/>
                     </history>
                  </msDesc>
               </msItem>
               <msItem n="4">
                  <locus>29r-v</locus>
                  <title>Challenges</title><author>
               <persName corresp="../people/people.xml#P0111">Sir Edward Sackville</persName>
            </author><author>
               <persName corresp="../people/people.xml#P0110">Lord Edward Bruce</persName>
            </author>
                  <respStmt>
                     <resp/>
                     <name>
                        <persName/>
                     </name>
                  </respStmt>
                  <link target="../texts/BruceSackvilleChallenges1613v1.xml" type="witness"/>
                  <msDesc>
                     <msIdentifier/>
                     <history>
                        <summary/>
                        <origin/>
                        <provenance/>
                     </history>
                  </msDesc>
               </msItem>
            </msContents>
            <physDesc>
               <objectDesc>
                  <supportDesc>
                     <foliation>quarto</foliation>
                  </supportDesc>
               </objectDesc>
            </physDesc>
            <history>
               <origin>Printed copy of Apologia…Ludouici Petrucci (London, 1619)</origin>
               <provenance/>
            </history>
         </msDesc>
      </body>
   </text>
</TEI>