<TEI xmlns="http://www.tei-c.org/ns/1.0" xmlns:xi="http://www.w3.org/2001/XInclude" type="generated_from_excel">
   <teiHeader>
      <fileDesc>
         <titleStmt>
            <title>Bodleian Library MS Ashmole 824</title>
            <respStmt xml:id="NM">
               <name>Noah Millstone</name>
               <resp>Principal Investigator MPESE</resp>
            </respStmt>
            <respStmt xml:id="SV">
               <name>Sebastiaan Verweij</name>
               <resp>Co - Investigator MPESE</resp>
            </respStmt>
            <respStmt xml:id="RB">
               <name>Richard Bell</name>
               <resp>Research Associate MPESE</resp>
            </respStmt>
            <respStmt xml:id="VA">
               <name>Victoria Anker</name>
               <resp>BRIHC Research Impact Fellow</resp>
            </respStmt>
            <respStmt xml:id="MJ">
               <name>Mike Jones</name>
               <resp>Research Software Engineer</resp>
            </respStmt>
         </titleStmt>
         <publicationStmt xml:id="mpese_pubstat">
            <publisher>Manuscript Pamphleteering in Early Stuart England (MPESE)</publisher>
            <date when="2018">2018</date>
         </publicationStmt>
         <sourceDesc>
            <p>Manuscript Description is provided in the body.</p>
         </sourceDesc>
      </fileDesc>
   </teiHeader>
   <text>
      <body>
         <msDesc>
            <msIdentifier xml:id="Bodl_MS_Ashmole_824">
               <country>United Kingdom</country>
               <settlement>Oxford</settlement>
               <repository>Bodleian Library</repository>
               <collection/>
               <idno>MS Ashmole 824</idno>
               <msName/>
            </msIdentifier>
            <msContents>
               <msItem n="1">
                  <locus>21r-25v</locus>
                  <title>Arraignment of Mervin, Lord Audley, Earl of Castlehaven</title><author/>
                  <respStmt>
                     <resp/>
                     <name>
                        <persName/>
                     </name>
                  </respStmt>
                  <link target="../texts/ArraignmentCastlehaven1631.xml" type="witness"/>
                  <msDesc>
                     <msIdentifier/>
                     <history>
                        <summary/>
                        <origin/>
                        <provenance/>
                     </history>
                  </msDesc>
               </msItem>
               <msItem n="2">
                  <locus>33r-46v</locus>
                  <title>The Manner of the Trial Between Donald Lord Reay and David Ramsey</title><author/>
                  <respStmt>
                     <resp/>
                     <name>
                        <persName/>
                     </name>
                  </respStmt>
                  <link target="../texts/ReayRamseyTrial1631.xml" type="witness"/>
                  <msDesc>
                     <msIdentifier/>
                     <history>
                        <summary/>
                        <origin/>
                        <provenance/>
                     </history>
                  </msDesc>
               </msItem>
               <msItem n="3">
                  <locus>56r-57r</locus>
                  <title>Charge to the Judges</title><author>
               <persName corresp="../people/people.xml#P0148">Thomas Lord Coventry</persName>
            </author>
                  <respStmt>
                     <resp/>
                     <name>
                        <persName/>
                     </name>
                  </respStmt>
                  <link target="../texts/CoventryChargeJudges1637.xml" type="witness"/>
                  <msDesc>
                     <msIdentifier/>
                     <history>
                        <summary/>
                        <origin/>
                        <provenance/>
                     </history>
                  </msDesc>
               </msItem>
               <msItem n="4">
                  <locus>58r-103v</locus>
                  <title>Censure of John Williams, Bishop of Lincoln, in Star Chamber</title><author/>
                  <respStmt>
                     <resp/>
                     <name>
                        <persName/>
                     </name>
                  </respStmt>
                  <link target="../texts/StarChamberCensureWilliams1637.xml" type="witness"/>
                  <msDesc>
                     <msIdentifier/>
                     <history>
                        <summary/>
                        <origin/>
                        <provenance/>
                     </history>
                  </msDesc>
               </msItem>
               <msItem n="5">
                  <locus>104r-124v</locus>
                  <title>A Brief Relation of Certain Special and Most Material Passages and Speeches in the Star Chamber Occasioned and Delivered June the 14th 1637 at the Censure of Those Three Worthy Gentlemen Dr Bastwicke, Mr Burton and Mr Prynne</title><author/>
                  <respStmt>
                     <resp/>
                     <name>
                        <persName/>
                     </name>
                  </respStmt>
                  <link target="../texts/BriefRelationCensureBurtonBastwickPrynne1637.xml" type="witness"/>
                  <msDesc>
                     <msIdentifier/>
                     <history>
                        <summary/>
                        <origin/>
                        <provenance/>
                     </history>
                  </msDesc>
               </msItem>
            </msContents>
            <physDesc>
               <objectDesc>
                  <supportDesc>
                     <foliation/>
                  </supportDesc>
               </objectDesc>
            </physDesc>
            <history>
               <origin/>
               <provenance/>
            </history>
         </msDesc>
      </body>
   </text>
</TEI>