<TEI xmlns="http://www.tei-c.org/ns/1.0" xmlns:xi="http://www.w3.org/2001/XInclude" type="generated_from_excel">
   <teiHeader>
      <fileDesc>
         <titleStmt>
            <title>Folger Shakespeare Library MS Z.e.1</title>
            <respStmt xml:id="NM">
               <name>Noah Millstone</name>
               <resp>Principal Investigator MPESE</resp>
            </respStmt>
            <respStmt xml:id="SV">
               <name>Sebastiaan Verweij</name>
               <resp>Co - Investigator MPESE</resp>
            </respStmt>
            <respStmt xml:id="RB">
               <name>Richard Bell</name>
               <resp>Research Associate MPESE</resp>
            </respStmt>
            <respStmt xml:id="VA">
               <name>Victoria Anker</name>
               <resp>BRIHC Research Impact Fellow</resp>
            </respStmt>
            <respStmt xml:id="MJ">
               <name>Mike Jones</name>
               <resp>Research Software Engineer</resp>
            </respStmt>
         </titleStmt>
         <publicationStmt xml:id="mpese_pubstat">
            <publisher>Manuscript Pamphleteering in Early Stuart England (MPESE)</publisher>
            <date when="2018">2018</date>
         </publicationStmt>
         <sourceDesc>
            <p>Manuscript Description is provided in the body.</p>
         </sourceDesc>
      </fileDesc>
   </teiHeader>
   <text>
      <body>
         <msDesc>
            <msIdentifier xml:id="Folger_MS_Z_e_1">
               <country>USA</country>
               <settlement>Washington D.C.</settlement>
               <repository>Folger Shakespeare Library</repository>
               <collection/>
               <idno>MS Z.e.1</idno>
               <msName/>
            </msIdentifier>
            <msContents>
               <msItem n="1">
                  <locus>item 8</locus>
                  <title>Letter to His Wife</title><author>
               <persName corresp="../people/people.xml#P0017">Sir Walter Raleigh</persName>
            </author>
                  <respStmt>
                     <resp>Scribe</resp>
                     <name>
                        <persName>John Smith of Nibley?</persName>
                     </name>
                  </respStmt>
                  <link target="../texts/RaleighLetterHisWife1603.xml" type="witness"/>
                  <msDesc>
                     <msIdentifier/>
                     <history>
                        <summary/>
                        <origin/>
                        <provenance/>
                     </history>
                  </msDesc>
               </msItem>
               <msItem n="2">
                  <locus>item 10</locus>
                  <title>Large Apology on his Return from Guiana</title><author>
               <persName corresp="../people/people.xml#P0017">Sir Walter Raleigh</persName>
            </author>
                  <respStmt>
                     <resp/>
                     <name>
                        <persName/>
                     </name>
                  </respStmt>
                  <link target="../texts/RaleighLargeApology1618.xml" type="witness"/>
                  <msDesc>
                     <msIdentifier/>
                     <history>
                        <summary/>
                        <origin/>
                        <provenance/>
                     </history>
                  </msDesc>
               </msItem>
               <msItem n="3">
                  <locus>item 11</locus>
                  <title>Speech at his Death</title><author>
               <persName corresp="../people/people.xml#P0017">
                  Sir Walter Raleigh
               </persName>
            </author>
                  <respStmt>
                     <resp>Scribe</resp>
                     <name>
                        <persName>John Smith of Nibley?</persName>
                     </name>
                  </respStmt>
                  <link target="../texts/RaleighSpeechDeath1618.xml" type="witness"/>
                  <msDesc>
                     <msIdentifier/>
                     <history>
                        <summary/>
                        <origin/>
                        <provenance/>
                     </history>
                  </msDesc>
               </msItem>
               <msItem n="4">
                  <locus>item 18</locus>
                  <title>Letter to the Marquess of Buckingham</title><author>
               <persName corresp="../people/people.xml#P0014">Thomas Alured</persName>
            </author>
                  <respStmt>
                     <resp/>
                     <name>
                        <persName/>
                     </name>
                  </respStmt>
                  <link target="../texts/AluredLetterBuckingham1620v1.xml" type="witness"/>
                  <msDesc>
                     <msIdentifier/>
                     <history>
                        <summary/>
                        <origin/>
                        <provenance/>
                     </history>
                  </msDesc>
               </msItem>
               <msItem n="5">
                  <locus>item 26</locus>
                  <title>Letter to King Charles I</title><author>
               <persName corresp="../people/people.xml#P0113">Mohammed esh-Sheikh es-Seghir, Sultan of Morocco</persName>
            </author>
                  <respStmt>
                     <resp/>
                     <name>
                        <persName/>
                     </name>
                  </respStmt>
                  <link target="../texts/MoroccoLetterCharles1637.xml" type="witness"/>
                  <msDesc>
                     <msIdentifier/>
                     <history>
                        <summary/>
                        <origin/>
                        <provenance/>
                     </history>
                  </msDesc>
               </msItem>
            </msContents>
            <physDesc>
               <objectDesc>
                  <supportDesc>
                     <foliation/>
                  </supportDesc>
               </objectDesc>
            </physDesc>
            <history>
               <origin/>
               <provenance>Papers formerly from the collections of the Cholmondeleys of Condover, in the possession of Lord Crewe of Crewe-Hall, Cheshire, 1889.</provenance>
            </history>
         </msDesc>
      </body>
   </text>
</TEI>