<TEI xmlns="http://www.tei-c.org/ns/1.0" xmlns:xi="http://www.w3.org/2001/XInclude" type="generated_from_excel">
   <teiHeader>
      <fileDesc>
         <titleStmt>
            <title>Norfolk Record Office HMN 7/307, 772X8</title>
            <respStmt xml:id="NM">
               <name>Noah Millstone</name>
               <resp>Principal Investigator MPESE</resp>
            </respStmt>
            <respStmt xml:id="SV">
               <name>Sebastiaan Verweij</name>
               <resp>Co - Investigator MPESE</resp>
            </respStmt>
            <respStmt xml:id="RB">
               <name>Richard Bell</name>
               <resp>Research Associate MPESE</resp>
            </respStmt>
            <respStmt xml:id="VA">
               <name>Victoria Anker</name>
               <resp>BRIHC Research Impact Fellow</resp>
            </respStmt>
            <respStmt xml:id="MJ">
               <name>Mike Jones</name>
               <resp>Research Software Engineer</resp>
            </respStmt>
         </titleStmt>
         <publicationStmt xml:id="mpese_pubstat">
            <publisher>Manuscript Pamphleteering in Early Stuart England (MPESE)</publisher>
            <date when="2018">2018</date>
         </publicationStmt>
         <sourceDesc>
            <p>Manuscript Description is provided in the body.</p>
         </sourceDesc>
      </fileDesc>
   </teiHeader>
   <text>
      <body>
         <msDesc>
            <msIdentifier xml:id="NorfRO_HMN_7307_772x8">
               <country>United Kingdom</country>
               <settlement>Norwich</settlement>
               <repository>Norfolk Record Office</repository>
               <collection/>
               <idno>HMN 7/307, 772X8</idno>
               <msName/>
            </msIdentifier>
            <msContents>
               <msItem n="1">
                  <locus>175r-v</locus>
                  <title when="1614">Letter to the Mayor of Marlborough</title>
                  <author>
                     <persName corresp="../people/people.xml#P0066">Oliver St John</persName>
                  </author>
                  <respStmt>
                     <resp/>
                     <name>
                        <persName/>
                     </name>
                  </respStmt>
                  <link target="../texts/StJohnLetterMayorMarlborough1614.xml" type="t_witness"/>
                  <msDesc>
                     <msIdentifier/>
                     <history>
                        <summary/>
                        <origin/>
                        <provenance/>
                     </history>
                  </msDesc>
               </msItem>
               <msItem n="1">
                  <locus>176r-v</locus>
                  <title when="1628">Account of Proceedings in Parliament</title>
                  <author/>
                  <respStmt>
                     <resp/>
                     <name>
                        <persName/>
                     </name>
                  </respStmt>
                  <link target="../texts/AccountProceedingsParliament1628.xml" type="t_witness"/>
                  <msDesc>
                     <msIdentifier/>
                     <history>
                        <summary/>
                        <origin/>
                        <provenance/>
                     </history>
                  </msDesc>
               </msItem>
               <msItem n="3">
                  <locus>177r-179r</locus>
                  <title when="1638">Speech to the King, attributed to the Duke of Lennox</title>
                  <author>
                     <persName corresp="../people/people.xml#P0080">
                        Pseudo-Lennox
                     </persName>
                  </author>
                  <author role="attributed">
                     <persName corresp="../people/people.xml#P0081">
                        James Stewart, Duke of Lennox
                     </persName>
                  </author>
                  <respStmt>
                     <resp/>
                     <name>
                        <persName/>
                     </name>
                  </respStmt>
                  <link target="../texts/PseudoLennox1638.xml" type="witness"/>
                  <msDesc>
                     <msIdentifier/>
                     <history>
                        <summary/>
                        <origin/>
                        <provenance/>
                     </history>
                  </msDesc>
               </msItem>
            </msContents>
            <physDesc>
               <objectDesc>
                  <supportDesc>
                     <foliation/>
                  </supportDesc>
               </objectDesc>
            </physDesc>
            <history>
               <origin/>
               <provenance/>
            </history>
         </msDesc>
      </body>
   </text>
   <facsimile>
      <graphic n="1" url="/nro/hmn_7-308/hmn_7-308-001/hmn_7-308-001.jpg"/>
      <graphic n="2" url="/nro/hmn_7-308/hmn_7-308-002/hmn_7-308-002.jpg"/>
      <graphic n="3" url="/nro/hmn_7-308/hmn_7-308-003/hmn_7-308-003.jpg"/>
      <graphic n="4" url="/nro/hmn_7-308/hmn_7-308-004/hmn_7-308-004.jpg"/>
      <graphic n="5" url="/nro/hmn_7-308/hmn_7-308-005/hmn_7-308-005.jpg"/>
   </facsimile>
</TEI>