<TEI xmlns="http://www.tei-c.org/ns/1.0" xmlns:xi="http://www.w3.org/2001/XInclude" type="generated_from_excel">
   <teiHeader>
      <fileDesc>
         <titleStmt>
            <title>Somerset Archives DD\AH/51/1</title>
            <respStmt xml:id="NM">
               <name>Noah Millstone</name>
               <resp>Principal Investigator MPESE</resp>
            </respStmt>
            <respStmt xml:id="SV">
               <name>Sebastiaan Verweij</name>
               <resp>Co - Investigator MPESE</resp>
            </respStmt>
            <respStmt xml:id="RB">
               <name>Richard Bell</name>
               <resp>Research Associate MPESE</resp>
            </respStmt>
            <respStmt xml:id="VA">
               <name>Victoria Anker</name>
               <resp>BRIHC Research Impact Fellow</resp>
            </respStmt>
            <respStmt xml:id="MJ">
               <name>Mike Jones</name>
               <resp>Research Software Engineer</resp>
            </respStmt>
         </titleStmt>
         <publicationStmt xml:id="mpese_pubstat">
            <publisher>Manuscript Pamphleteering in Early Stuart England (MPESE)</publisher>
            <date when="2018">2018</date>
         </publicationStmt>
         <sourceDesc>
            <p>Manuscript Description is provided in the body.</p>
         </sourceDesc>
      </fileDesc>
   </teiHeader>
   <text>
      <body>
         <msDesc>
            <msIdentifier xml:id="SA_DDAH511">
               <country>United Kingdom</country>
               <settlement>Taunton</settlement>
               <repository>Somerset Archives</repository>
               <collection/>
               <idno>DD\AH/51/1</idno>
               <msName/>
            </msIdentifier>
            <msContents>
               <msItem n="1">
                  <locus>item 4</locus>
                  <title>Letter to Bacon</title><author>
               <persName corresp="../people/people.xml#P0135">Sir Thomas Bodley</persName>
            </author>
                  <respStmt>
                     <resp>Scribe</resp>
                     <name>
                        <persName corresp="../people/people.xml#P0108">Feathery</persName>
                     </name>
                  </respStmt>
                  <link target="../texts/BodleyLetterBacon1607.xml" type="witness"/>
                  <msDesc>
                     <msIdentifier/>
                     <history>
                        <summary/>
                        <origin/>
                        <provenance/>
                     </history>
                  </msDesc>
               </msItem>
               <msItem n="2">
                  <locus>item 5</locus>
                  <title>Il Di Lodi La Sera</title><author>
               <persName corresp="../people/people.xml#P0117">Sir Walter Cope</persName>
            </author>
                  <respStmt>
                     <resp>Scribe</resp>
                     <name>
                        <persName corresp="../people/people.xml#P0108">Feathery</persName>
                     </name>
                  </respStmt>
                  <link target="../texts/CopeIlDiLodaLaSera1612.xml" type="witness"/>
                  <msDesc>
                     <msIdentifier/>
                     <history>
                        <summary/>
                        <origin/>
                        <provenance/>
                     </history>
                  </msDesc>
               </msItem>
               <msItem n="3">
                  <locus>item 6</locus>
                  <title>Challenges</title><author>
               <persName corresp="../people/people.xml#P0128">Sir Francis Vere</persName>
            </author><author>
               <persName corresp="../people/people.xml#P0127">Henry Percy, 9th Earl of Northumberland</persName>
            </author>
                  <respStmt>
                     <resp>Scribe</resp>
                     <name>
                        <persName corresp="../people/people.xml#P0108">Feathery</persName>
                     </name>
                  </respStmt>
                  <link target="../texts/PercyVereChallenges1602.xml" type="witness"/>
                  <msDesc>
                     <msIdentifier/>
                     <history>
                        <summary/>
                        <origin/>
                        <provenance/>
                     </history>
                  </msDesc>
               </msItem>
               <msItem n="4">
                  <locus>item 9</locus>
                  <title>Of Thomas Lord Coventry</title><author>
               <persName corresp="../people/people.xml#P0196">Thomas White</persName>
            </author>
                  <respStmt>
                     <resp/>
                     <name>
                        <persName/>
                     </name>
                  </respStmt>
                  <link target="../texts/OfThomasLordCoventry1640.xml" type="witness"/>
                  <msDesc>
                     <msIdentifier/>
                     <history>
                        <summary/>
                        <origin/>
                        <provenance/>
                     </history>
                  </msDesc>
               </msItem>
            </msContents>
            <physDesc>
               <objectDesc>
                  <supportDesc>
                     <foliation>folio</foliation>
                  </supportDesc>
               </objectDesc>
            </physDesc>
            <history>
               <origin/>
               <provenance/>
            </history>
         </msDesc>
      </body>
   </text>
</TEI>