<TEI xmlns="http://www.tei-c.org/ns/1.0" xmlns:xi="http://www.w3.org/2001/XInclude">
   <teiHeader>
      <fileDesc>
         <titleStmt>
            <title>Surrey History Centre 1248/1</title>
            <respStmt xml:id="NM">
               <name>Noah Millstone</name>
               <resp>Principal Investigator MPESE</resp>
            </respStmt>
            <respStmt xml:id="SV">
               <name>Sebastiaan Verweij</name>
               <resp>Co-Investigator MPESE</resp>
            </respStmt>
            <respStmt xml:id="RB">
               <name>Richard Bell</name>
               <resp>Research Associate MPESE</resp>
            </respStmt>
            <respStmt xml:id="VA">
               <name>Victoria Anker</name>
               <resp>BRIHC Research Impact Fellow</resp>
            </respStmt>
            <respStmt xml:id="MJ">
               <name>Mike Jones</name>
               <resp>Research Software Engineer</resp>
            </respStmt>
         </titleStmt>
         <publicationStmt xml:id="mpese_pubstat">
            <publisher>Manuscript Pamphleteering in Early Stuart England (MPESE)</publisher>
            <date when="2018">2018</date>
         </publicationStmt>
         <sourceDesc>
            <p>Manuscript Description is provided in the body.</p>
         </sourceDesc>
      </fileDesc>
   </teiHeader>
   <text>
      <body>
         <msDesc>
            <msIdentifier xml:id="SHC_1248_1">
               <country>United Kingdom</country>
               <settlement>Woking</settlement>
               <repository>Surrey History Centre</repository>
               <collection/>
               <idno>1248/1</idno>
               <msName/>
            </msIdentifier>
            <msContents>
               <msItem n="1">
                  <locus>item 4</locus>
                  <title when="1627-03-22">Speech to the House of Commons</title>
                  <author>
                     <persName corresp="../people/people.xml#P0033">Sir Thomas Wentworth</persName>
                  </author>
                  <respStmt>
                     <resp/>
                     <name>
                        <persName/>
                     </name>
                  </respStmt>
                  <link target="../texts/WentworthSpeechCommons1627.xml" type="t_witness"/>
                  <msDesc>
                     <msIdentifier/>
                     <history>
                        <summary/>
                        <origin/>
                        <provenance/>
                     </history>
                  </msDesc>
               </msItem>
               <msItem n="2">
                  <locus>item 5</locus>
                  <title when="1627-03-22">Speech to the House of Commons</title>
                  <author>
                     <persName corresp="../people/people.xml#P0032">Sir Francis Seymour</persName>
                  </author>
                  <respStmt>
                     <resp/>
                     <name>
                        <persName/>
                     </name>
                  </respStmt>
                  <link target="../texts/SeymourSpeechCommons1627.xml" type="t_witness"/>
                  <msDesc>
                     <msIdentifier/>
                     <history>
                        <summary/>
                        <origin/>
                        <provenance/>
                     </history>
                  </msDesc>
               </msItem>
               <msItem n="3">
                  <locus>item 6</locus>
                  <title when="1640-07-28">Petition to the King Presented at the Assizes of York</title>
                  <author>Gentry of Yorkshire</author>
                  <respStmt>
                     <resp>Scribe</resp>
                     <name/>
                  </respStmt>
                  <note><!-- descriptive note of item here if necessary --></note>
                  <link target="../texts/YorkshirePetition1640v3.xml" type="t_witness"/>
                  <link target="../texts/YorkshirePetition1640v1.xml" type="witness"/>
                  <link target="../texts/YorkshirePetition1640v2.xml" type="witness"/>
                  <msDesc>
                     <msIdentifier/>
                     <history>
                        <summary/>
                        <origin/>
                        <provenance/>
                     </history>
                  </msDesc>
               </msItem>
               <msItem n="3">
                  <locus>item 6</locus>
                  <title when="1640">Extract from a letter describing events in Parliament and in London</title>
                  <author/>
                  <respStmt>
                     <resp/>
                     <name/>
                  </respStmt>
                  <note><!-- descriptive note of item here if necessary --></note>
                  <link target="../texts/LetterEventsParliamentLondon.xml" type="t_witness"/>
                  <msDesc>
                     <msIdentifier/>
                     <history>
                        <summary/>
                        <origin/>
                        <provenance/>
                     </history>
                  </msDesc>
               </msItem>
            </msContents>
            <physDesc>
               <objectDesc>
                  <supportDesc>
                     <foliation/>
                  </supportDesc>
               </objectDesc>
            </physDesc>
            <history>
               <origin/>
               <provenance/>
            </history>
         </msDesc>
      </body>
   </text>
   <facsimile>
      <graphic n="1" url="/shc/1248_1/1248_1_4/1248_1_4.jpg"/>
      <graphic n="2" url="/shc/1248_1/1248_1_5/1248_1_5.jpg"/>
      <graphic n="3" url="/shc/1248_1/1248_1_6/1248_1_6.jpg"/>
      <graphic n="4" url="/shc/1248_1/1248_1_7A/1248_1_7A.jpg"/>
      <graphic n="5" url="/shc/1248_1/1248_1_7B/1248_1_7B.jpg"/>
      <graphic n="6" url="/shc/1248_1/1248_1_8A/1248_1_8A.jpg"/>
      <graphic n="7" url="/shc/1248_1/1248_1_8B/1248_1_8B.jpg"/>
      <graphic n="8" url="/shc/1248_1/1248_1_9A/1248_1_9A.jpg"/>
      <graphic n="9" url="/shc/1248_1/1248_1_9B/1248_1_9B.jpg"/>
      <graphic n="10" url="/shc/1248_1/1248_1_10A/1248_1_10A.jpg"/>
      <graphic n="11" url="/shc/1248_1/1248_1_10B/1248_1_10B.jpg"/>
      <graphic n="12" url="/shc/1248_1/1248_1_11A/1248_1_11A.jpg"/>
      <graphic n="13" url="/shc/1248_1/1248_1_11B/1248_1_11B.jpg"/>
      <graphic n="14" url="/shc/1248_1/1248_1_12A/1248_1_12A.jpg"/>
      <graphic n="15" url="/shc/1248_1/1248_1_12B/1248_1_12B.jpg"/>
      <graphic n="16" url="/shc/1248_1/1248_1_13A/1248_1_13A.jpg"/>
      <graphic n="17" url="/shc/1248_1/1248_1_13B/1248_1_13B.jpg"/>
   </facsimile>
</TEI>