<TEI xmlns="http://www.tei-c.org/ns/1.0" xmlns:xi="http://www.w3.org/2001/XInclude" type="generated_from_excel">
   <teiHeader>
      <fileDesc>
         <titleStmt>
            <title>The National Archives SP 16/465</title>
            <respStmt xml:id="NM">
               <name>Noah Millstone</name>
               <resp>Principal Investigator MPESE</resp>
            </respStmt>
            <respStmt xml:id="SV">
               <name>Sebastiaan Verweij</name>
               <resp>Co - Investigator MPESE</resp>
            </respStmt>
            <respStmt xml:id="RB">
               <name>Richard Bell</name>
               <resp>Research Associate MPESE</resp>
            </respStmt>
            <respStmt xml:id="VA">
               <name>Victoria Anker</name>
               <resp>BRIHC Research Impact Fellow</resp>
            </respStmt>
            <respStmt xml:id="MJ">
               <name>Mike Jones</name>
               <resp>Research Software Engineer</resp>
            </respStmt>
         </titleStmt>
         <publicationStmt xml:id="mpese_pubstat">
            <publisher>Manuscript Pamphleteering in Early Stuart England (MPESE)</publisher>
            <date when="2018">2018</date>
         </publicationStmt>
         <sourceDesc>
            <p>Manuscript Description is provided in the body.</p>
         </sourceDesc>
      </fileDesc>
   </teiHeader>
   <text>
      <body>
         <msDesc>
            <msIdentifier xml:id="TNA_SP_16_465">
               <country>United Kingdom</country>
               <settlement>London</settlement>
               <repository>The National Archives</repository>
               <collection/>
               <idno>SP 16/465</idno>
               <msName/>
            </msIdentifier>
            <msContents>
               <msItem n="1">
                  <locus>/16 [ff.33r-v]</locus>
                  <title>Lords' Petition</title><author>
               <persName corresp="../people/people.xml#P0076">John Lovelace, 2nd Baron Lovelace?</persName>
            </author><author>
               <persName corresp="../people/people.xml#P0075">Philip Wharton, Fourth Baron Wharton</persName>
            </author><author>
               <persName corresp="../people/people.xml#P0074">Thomas Savile, Second Baron Savile of Pontefract</persName>
            </author><author>
               <persName corresp="../people/people.xml#P0073">Francis Willoughby, Fifth Baron Willoughby of Parham</persName>
            </author><author>
               <persName corresp="../people/people.xml#P0072">Dudley North, Third Baron North</persName>
            </author><author>
               <persName corresp="../people/people.xml#P0071">David Cecil, 3rd Earl of Exeter</persName>
            </author><author>
               <persName corresp="../people/people.xml#P0070">Theophilus Clinton, 4th Earl of Lincoln</persName>
            </author><author>
               <persName corresp="../people/people.xml#P0069">George Manners, 7th Earl of Rutland</persName>
            </author><author>
               <persName corresp="../people/people.xml#P0068">Edward Howard, First Baron North of Escrick</persName>
            </author><author>
               <persName corresp="../people/people.xml#P0050">Robert Greville, Second Baron Brooke of Beauchamps Court</persName>
            </author><author>
               <persName corresp="../people/people.xml#P0067">Henry Montagu, Viscount Mandeville</persName>
            </author><author>
               <persName corresp="../people/people.xml#P0051">William Fiennes, Viscount Say and Sele</persName>
            </author><author>
               <persName corresp="../people/people.xml#P0066">Oliver St John, 1st Earl of Bolingbroke</persName>
            </author><author>
               <persName corresp="../people/people.xml#P0065">Robert Rich, 2nd Earl of Warwick</persName>
            </author><author>
               <persName corresp="../people/people.xml#P0064">Edmund Sheffield, 1st Earl of Mulgrave</persName>
            </author><author>
               <persName corresp="../people/people.xml#P0063">Robert Devereux, 3rd Earl of Essex</persName>
            </author><author>
               <persName corresp="../people/people.xml#P0062">William Seymour, 2nd Earl of Hartford</persName>
            </author><author>
               <persName corresp="../people/people.xml#P0061">Francis Russell, 4th Earl of Bedford</persName>
            </author>
                  <respStmt>
                     <resp/>
                     <name>
                        <persName/>
                     </name>
                  </respStmt>
                  <link target="../texts/LordsPetition1640v1.xml" type="witness"/>
                  <msDesc>
                     <msIdentifier/>
                     <history>
                        <summary/>
                        <origin/>
                        <provenance/>
                     </history>
                  </msDesc>
               </msItem>
               <msItem n="2">
                  <locus>/17 [ff.37r-v]</locus>
                  <title>Lords' Petition</title><author>
               <persName corresp="../people/people.xml#P0076">John Lovelace, 2nd Baron Lovelace?</persName>
            </author><author>
               <persName corresp="../people/people.xml#P0075">Philip Wharton, Fourth Baron Wharton</persName>
            </author><author>
               <persName corresp="../people/people.xml#P0074">Thomas Savile, Second Baron Savile of Pontefract</persName>
            </author><author>
               <persName corresp="../people/people.xml#P0073">Francis Willoughby, Fifth Baron Willoughby of Parham</persName>
            </author><author>
               <persName corresp="../people/people.xml#P0072">Dudley North, Third Baron North</persName>
            </author><author>
               <persName corresp="../people/people.xml#P0071">David Cecil, 3rd Earl of Exeter</persName>
            </author><author>
               <persName corresp="../people/people.xml#P0070">Theophilus Clinton, 4th Earl of Lincoln</persName>
            </author><author>
               <persName corresp="../people/people.xml#P0069">George Manners, 7th Earl of Rutland</persName>
            </author><author>
               <persName corresp="../people/people.xml#P0068">Edward Howard, First Baron North of Escrick</persName>
            </author><author>
               <persName corresp="../people/people.xml#P0050">Robert Greville, Second Baron Brooke of Beauchamps Court</persName>
            </author><author>
               <persName corresp="../people/people.xml#P0067">Henry Montagu, Viscount Mandeville</persName>
            </author><author>
               <persName corresp="../people/people.xml#P0051">William Fiennes, Viscount Say and Sele</persName>
            </author><author>
               <persName corresp="../people/people.xml#P0066">Oliver St John, 1st Earl of Bolingbroke</persName>
            </author><author>
               <persName corresp="../people/people.xml#P0065">Robert Rich, 2nd Earl of Warwick</persName>
            </author><author>
               <persName corresp="../people/people.xml#P0064">Edmund Sheffield, 1st Earl of Mulgrave</persName>
            </author><author>
               <persName corresp="../people/people.xml#P0063">Robert Devereux, 3rd Earl of Essex</persName>
            </author><author>
               <persName corresp="../people/people.xml#P0062">William Seymour, 2nd Earl of Hartford</persName>
            </author><author>
               <persName corresp="../people/people.xml#P0061">Francis Russell, 4th Earl of Bedford</persName>
            </author>
                  <respStmt>
                     <resp/>
                     <name>
                        <persName/>
                     </name>
                  </respStmt>
                  <link target="../texts/LordsPetition1640v1.xml" type="witness"/>
                  <msDesc>
                     <msIdentifier/>
                     <history>
                        <summary/>
                        <origin>Conway Papers</origin>
                        <provenance/>
                     </history>
                  </msDesc>
               </msItem>
               <msItem n="3">
                  <locus>/18 [ff.39r-v]</locus>
                  <title>Lords' Petition</title><author>
               <persName corresp="../people/people.xml#P0076">John Lovelace, 2nd Baron Lovelace?</persName>
            </author><author>
               <persName corresp="../people/people.xml#P0075">Philip Wharton, Fourth Baron Wharton</persName>
            </author><author>
               <persName corresp="../people/people.xml#P0074">Thomas Savile, Second Baron Savile of Pontefract</persName>
            </author><author>
               <persName corresp="../people/people.xml#P0073">Francis Willoughby, Fifth Baron Willoughby of Parham</persName>
            </author><author>
               <persName corresp="../people/people.xml#P0072">Dudley North, Third Baron North</persName>
            </author><author>
               <persName corresp="../people/people.xml#P0071">David Cecil, 3rd Earl of Exeter</persName>
            </author><author>
               <persName corresp="../people/people.xml#P0070">Theophilus Clinton, 4th Earl of Lincoln</persName>
            </author><author>
               <persName corresp="../people/people.xml#P0069">George Manners, 7th Earl of Rutland</persName>
            </author><author>
               <persName corresp="../people/people.xml#P0068">Edward Howard, First Baron North of Escrick</persName>
            </author><author>
               <persName corresp="../people/people.xml#P0050">Robert Greville, Second Baron Brooke of Beauchamps Court</persName>
            </author><author>
               <persName corresp="../people/people.xml#P0067">Henry Montagu, Viscount Mandeville</persName>
            </author><author>
               <persName corresp="../people/people.xml#P0051">William Fiennes, Viscount Say and Sele</persName>
            </author><author>
               <persName corresp="../people/people.xml#P0066">Oliver St John, 1st Earl of Bolingbroke</persName>
            </author><author>
               <persName corresp="../people/people.xml#P0065">Robert Rich, 2nd Earl of Warwick</persName>
            </author><author>
               <persName corresp="../people/people.xml#P0064">Edmund Sheffield, 1st Earl of Mulgrave</persName>
            </author><author>
               <persName corresp="../people/people.xml#P0063">Robert Devereux, 3rd Earl of Essex</persName>
            </author><author>
               <persName corresp="../people/people.xml#P0062">William Seymour, 2nd Earl of Hartford</persName>
            </author><author>
               <persName corresp="../people/people.xml#P0061">Francis Russell, 4th Earl of Bedford</persName>
            </author>
                  <respStmt>
                     <resp/>
                     <name>
                        <persName/>
                     </name>
                  </respStmt>
                  <link target="../texts/LordsPetition1640v1.xml" type="witness"/>
                  <msDesc>
                     <msIdentifier/>
                     <history>
                        <summary/>
                        <origin/>
                        <provenance/>
                     </history>
                  </msDesc>
               </msItem>
               <msItem n="4">
                  <locus>/19A [ff.40r-v]</locus>
                  <title>Lords' Petition</title><author>
               <persName corresp="../people/people.xml#P0076">John Lovelace, 2nd Baron Lovelace?</persName>
            </author><author>
               <persName corresp="../people/people.xml#P0075">Philip Wharton, Fourth Baron Wharton</persName>
            </author><author>
               <persName corresp="../people/people.xml#P0074">Thomas Savile, Second Baron Savile of Pontefract</persName>
            </author><author>
               <persName corresp="../people/people.xml#P0073">Francis Willoughby, Fifth Baron Willoughby of Parham</persName>
            </author><author>
               <persName corresp="../people/people.xml#P0072">Dudley North, Third Baron North</persName>
            </author><author>
               <persName corresp="../people/people.xml#P0071">David Cecil, 3rd Earl of Exeter</persName>
            </author><author>
               <persName corresp="../people/people.xml#P0070">Theophilus Clinton, 4th Earl of Lincoln</persName>
            </author><author>
               <persName corresp="../people/people.xml#P0069">George Manners, 7th Earl of Rutland</persName>
            </author><author>
               <persName corresp="../people/people.xml#P0068">Edward Howard, First Baron North of Escrick</persName>
            </author><author>
               <persName corresp="../people/people.xml#P0050">Robert Greville, Second Baron Brooke of Beauchamps Court</persName>
            </author><author>
               <persName corresp="../people/people.xml#P0067">Henry Montagu, Viscount Mandeville</persName>
            </author><author>
               <persName corresp="../people/people.xml#P0051">William Fiennes, Viscount Say and Sele</persName>
            </author><author>
               <persName corresp="../people/people.xml#P0066">Oliver St John, 1st Earl of Bolingbroke</persName>
            </author><author>
               <persName corresp="../people/people.xml#P0065">Robert Rich, 2nd Earl of Warwick</persName>
            </author><author>
               <persName corresp="../people/people.xml#P0064">Edmund Sheffield, 1st Earl of Mulgrave</persName>
            </author><author>
               <persName corresp="../people/people.xml#P0063">Robert Devereux, 3rd Earl of Essex</persName>
            </author><author>
               <persName corresp="../people/people.xml#P0062">William Seymour, 2nd Earl of Hartford</persName>
            </author><author>
               <persName corresp="../people/people.xml#P0061">Francis Russell, 4th Earl of Bedford</persName>
            </author>
                  <respStmt>
                     <resp/>
                     <name>
                        <persName/>
                     </name>
                  </respStmt>
                  <link target="../texts/LordsPetition1640v1.xml" type="witness"/>
                  <msDesc>
                     <msIdentifier/>
                     <history>
                        <summary/>
                        <origin/>
                        <provenance/>
                     </history>
                  </msDesc>
               </msItem>
               <msItem n="5">
                  <locus>/19B [ff.41r-v]</locus>
                  <title>Lords' Petition</title><author>
               <persName corresp="../people/people.xml#P0076">John Lovelace, 2nd Baron Lovelace?</persName>
            </author><author>
               <persName corresp="../people/people.xml#P0075">Philip Wharton, Fourth Baron Wharton</persName>
            </author><author>
               <persName corresp="../people/people.xml#P0074">Thomas Savile, Second Baron Savile of Pontefract</persName>
            </author><author>
               <persName corresp="../people/people.xml#P0073">Francis Willoughby, Fifth Baron Willoughby of Parham</persName>
            </author><author>
               <persName corresp="../people/people.xml#P0072">Dudley North, Third Baron North</persName>
            </author><author>
               <persName corresp="../people/people.xml#P0071">David Cecil, 3rd Earl of Exeter</persName>
            </author><author>
               <persName corresp="../people/people.xml#P0070">Theophilus Clinton, 4th Earl of Lincoln</persName>
            </author><author>
               <persName corresp="../people/people.xml#P0069">George Manners, 7th Earl of Rutland</persName>
            </author><author>
               <persName corresp="../people/people.xml#P0068">Edward Howard, First Baron North of Escrick</persName>
            </author><author>
               <persName corresp="../people/people.xml#P0050">Robert Greville, Second Baron Brooke of Beauchamps Court</persName>
            </author><author>
               <persName corresp="../people/people.xml#P0067">Henry Montagu, Viscount Mandeville</persName>
            </author><author>
               <persName corresp="../people/people.xml#P0051">William Fiennes, Viscount Say and Sele</persName>
            </author><author>
               <persName corresp="../people/people.xml#P0066">Oliver St John, 1st Earl of Bolingbroke</persName>
            </author><author>
               <persName corresp="../people/people.xml#P0065">Robert Rich, 2nd Earl of Warwick</persName>
            </author><author>
               <persName corresp="../people/people.xml#P0064">Edmund Sheffield, 1st Earl of Mulgrave</persName>
            </author><author>
               <persName corresp="../people/people.xml#P0063">Robert Devereux, 3rd Earl of Essex</persName>
            </author><author>
               <persName corresp="../people/people.xml#P0062">William Seymour, 2nd Earl of Hartford</persName>
            </author><author>
               <persName corresp="../people/people.xml#P0061">Francis Russell, 4th Earl of Bedford</persName>
            </author>
                  <respStmt>
                     <resp/>
                     <name>
                        <persName/>
                     </name>
                  </respStmt>
                  <link target="../texts/LordsPetition1640v1.xml" type="witness"/>
                  <msDesc>
                     <msIdentifier/>
                     <history>
                        <summary/>
                        <origin/>
                        <provenance/>
                     </history>
                  </msDesc>
               </msItem>
               <msItem n="6">
                  <locus>/20 [ff.42r-43r]</locus>
                  <title>Lords' Petition</title><author>
               <persName corresp="../people/people.xml#P0076">John Lovelace, 2nd Baron Lovelace?</persName>
            </author><author>
               <persName corresp="../people/people.xml#P0075">Philip Wharton, Fourth Baron Wharton</persName>
            </author><author>
               <persName corresp="../people/people.xml#P0074">Thomas Savile, Second Baron Savile of Pontefract</persName>
            </author><author>
               <persName corresp="../people/people.xml#P0073">Francis Willoughby, Fifth Baron Willoughby of Parham</persName>
            </author><author>
               <persName corresp="../people/people.xml#P0072">Dudley North, Third Baron North</persName>
            </author><author>
               <persName corresp="../people/people.xml#P0071">David Cecil, 3rd Earl of Exeter</persName>
            </author><author>
               <persName corresp="../people/people.xml#P0070">Theophilus Clinton, 4th Earl of Lincoln</persName>
            </author><author>
               <persName corresp="../people/people.xml#P0069">George Manners, 7th Earl of Rutland</persName>
            </author><author>
               <persName corresp="../people/people.xml#P0068">Edward Howard, First Baron North of Escrick</persName>
            </author><author>
               <persName corresp="../people/people.xml#P0050">Robert Greville, Second Baron Brooke of Beauchamps Court</persName>
            </author><author>
               <persName corresp="../people/people.xml#P0067">Henry Montagu, Viscount Mandeville</persName>
            </author><author>
               <persName corresp="../people/people.xml#P0051">William Fiennes, Viscount Say and Sele</persName>
            </author><author>
               <persName corresp="../people/people.xml#P0066">Oliver St John, 1st Earl of Bolingbroke</persName>
            </author><author>
               <persName corresp="../people/people.xml#P0065">Robert Rich, 2nd Earl of Warwick</persName>
            </author><author>
               <persName corresp="../people/people.xml#P0064">Edmund Sheffield, 1st Earl of Mulgrave</persName>
            </author><author>
               <persName corresp="../people/people.xml#P0063">Robert Devereux, 3rd Earl of Essex</persName>
            </author><author>
               <persName corresp="../people/people.xml#P0062">William Seymour, 2nd Earl of Hartford</persName>
            </author><author>
               <persName corresp="../people/people.xml#P0061">Francis Russell, 4th Earl of Bedford</persName>
            </author>
                  <respStmt>
                     <resp/>
                     <name>
                        <persName/>
                     </name>
                  </respStmt>
                  <link target="../texts/LordsPetition1640v1.xml" type="witness"/>
                  <msDesc>
                     <msIdentifier/>
                     <history>
                        <summary/>
                        <origin/>
                        <provenance/>
                     </history>
                  </msDesc>
               </msItem>
               <msItem n="7">
                  <locus>/21 [ff.44r-v]</locus>
                  <title>Lords' Petition</title><author>
               <persName corresp="../people/people.xml#P0076">John Lovelace, 2nd Baron Lovelace?</persName>
            </author><author>
               <persName corresp="../people/people.xml#P0075">Philip Wharton, Fourth Baron Wharton</persName>
            </author><author>
               <persName corresp="../people/people.xml#P0074">Thomas Savile, Second Baron Savile of Pontefract</persName>
            </author><author>
               <persName corresp="../people/people.xml#P0073">Francis Willoughby, Fifth Baron Willoughby of Parham</persName>
            </author><author>
               <persName corresp="../people/people.xml#P0072">Dudley North, Third Baron North</persName>
            </author><author>
               <persName corresp="../people/people.xml#P0071">David Cecil, 3rd Earl of Exeter</persName>
            </author><author>
               <persName corresp="../people/people.xml#P0070">Theophilus Clinton, 4th Earl of Lincoln</persName>
            </author><author>
               <persName corresp="../people/people.xml#P0069">George Manners, 7th Earl of Rutland</persName>
            </author><author>
               <persName corresp="../people/people.xml#P0068">Edward Howard, First Baron North of Escrick</persName>
            </author><author>
               <persName corresp="../people/people.xml#P0050">Robert Greville, Second Baron Brooke of Beauchamps Court</persName>
            </author><author>
               <persName corresp="../people/people.xml#P0067">Henry Montagu, Viscount Mandeville</persName>
            </author><author>
               <persName corresp="../people/people.xml#P0051">William Fiennes, Viscount Say and Sele</persName>
            </author><author>
               <persName corresp="../people/people.xml#P0066">Oliver St John, 1st Earl of Bolingbroke</persName>
            </author><author>
               <persName corresp="../people/people.xml#P0065">Robert Rich, 2nd Earl of Warwick</persName>
            </author><author>
               <persName corresp="../people/people.xml#P0064">Edmund Sheffield, 1st Earl of Mulgrave</persName>
            </author><author>
               <persName corresp="../people/people.xml#P0063">Robert Devereux, 3rd Earl of Essex</persName>
            </author><author>
               <persName corresp="../people/people.xml#P0062">William Seymour, 2nd Earl of Hartford</persName>
            </author><author>
               <persName corresp="../people/people.xml#P0061">Francis Russell, 4th Earl of Bedford</persName>
            </author>
                  <respStmt>
                     <resp/>
                     <name>
                        <persName/>
                     </name>
                  </respStmt>
                  <link target="../texts/LordsPetition1640v1.xml" type="witness"/>
                  <msDesc>
                     <msIdentifier/>
                     <history>
                        <summary/>
                        <origin/>
                        <provenance/>
                     </history>
                  </msDesc>
               </msItem>
               <msItem n="8">
                  <locus>/22 [ff.46r-v]</locus>
                  <title>Lords' Petition</title><author>
               <persName corresp="../people/people.xml#P0076">John Lovelace, 2nd Baron Lovelace?</persName>
            </author><author>
               <persName corresp="../people/people.xml#P0075">Philip Wharton, Fourth Baron Wharton</persName>
            </author><author>
               <persName corresp="../people/people.xml#P0074">Thomas Savile, Second Baron Savile of Pontefract</persName>
            </author><author>
               <persName corresp="../people/people.xml#P0073">Francis Willoughby, Fifth Baron Willoughby of Parham</persName>
            </author><author>
               <persName corresp="../people/people.xml#P0072">Dudley North, Third Baron North</persName>
            </author><author>
               <persName corresp="../people/people.xml#P0071">David Cecil, 3rd Earl of Exeter</persName>
            </author><author>
               <persName corresp="../people/people.xml#P0070">Theophilus Clinton, 4th Earl of Lincoln</persName>
            </author><author>
               <persName corresp="../people/people.xml#P0069">George Manners, 7th Earl of Rutland</persName>
            </author><author>
               <persName corresp="../people/people.xml#P0068">Edward Howard, First Baron North of Escrick</persName>
            </author><author>
               <persName corresp="../people/people.xml#P0050">Robert Greville, Second Baron Brooke of Beauchamps Court</persName>
            </author><author>
               <persName corresp="../people/people.xml#P0067">Henry Montagu, Viscount Mandeville</persName>
            </author><author>
               <persName corresp="../people/people.xml#P0051">William Fiennes, Viscount Say and Sele</persName>
            </author><author>
               <persName corresp="../people/people.xml#P0066">Oliver St John, 1st Earl of Bolingbroke</persName>
            </author><author>
               <persName corresp="../people/people.xml#P0065">Robert Rich, 2nd Earl of Warwick</persName>
            </author><author>
               <persName corresp="../people/people.xml#P0064">Edmund Sheffield, 1st Earl of Mulgrave</persName>
            </author><author>
               <persName corresp="../people/people.xml#P0063">Robert Devereux, 3rd Earl of Essex</persName>
            </author><author>
               <persName corresp="../people/people.xml#P0062">William Seymour, 2nd Earl of Hartford</persName>
            </author><author>
               <persName corresp="../people/people.xml#P0061">Francis Russell, 4th Earl of Bedford</persName>
            </author>
                  <respStmt>
                     <resp/>
                     <name>
                        <persName/>
                     </name>
                  </respStmt>
                  <link target="../texts/LordsPetition1640v1.xml" type="witness"/>
                  <msDesc>
                     <msIdentifier/>
                     <history>
                        <summary/>
                        <origin/>
                        <provenance/>
                     </history>
                  </msDesc>
               </msItem>
               <msItem n="9">
                  <locus>/23 [ff.47r-v]</locus>
                  <title>Lords' Petition</title><author>
               <persName corresp="../people/people.xml#P0076">John Lovelace, 2nd Baron Lovelace?</persName>
            </author><author>
               <persName corresp="../people/people.xml#P0075">Philip Wharton, Fourth Baron Wharton</persName>
            </author><author>
               <persName corresp="../people/people.xml#P0074">Thomas Savile, Second Baron Savile of Pontefract</persName>
            </author><author>
               <persName corresp="../people/people.xml#P0073">Francis Willoughby, Fifth Baron Willoughby of Parham</persName>
            </author><author>
               <persName corresp="../people/people.xml#P0072">Dudley North, Third Baron North</persName>
            </author><author>
               <persName corresp="../people/people.xml#P0071">David Cecil, 3rd Earl of Exeter</persName>
            </author><author>
               <persName corresp="../people/people.xml#P0070">Theophilus Clinton, 4th Earl of Lincoln</persName>
            </author><author>
               <persName corresp="../people/people.xml#P0069">George Manners, 7th Earl of Rutland</persName>
            </author><author>
               <persName corresp="../people/people.xml#P0068">Edward Howard, First Baron North of Escrick</persName>
            </author><author>
               <persName corresp="../people/people.xml#P0050">Robert Greville, Second Baron Brooke of Beauchamps Court</persName>
            </author><author>
               <persName corresp="../people/people.xml#P0067">Henry Montagu, Viscount Mandeville</persName>
            </author><author>
               <persName corresp="../people/people.xml#P0051">William Fiennes, Viscount Say and Sele</persName>
            </author><author>
               <persName corresp="../people/people.xml#P0066">Oliver St John, 1st Earl of Bolingbroke</persName>
            </author><author>
               <persName corresp="../people/people.xml#P0065">Robert Rich, 2nd Earl of Warwick</persName>
            </author><author>
               <persName corresp="../people/people.xml#P0064">Edmund Sheffield, 1st Earl of Mulgrave</persName>
            </author><author>
               <persName corresp="../people/people.xml#P0063">Robert Devereux, 3rd Earl of Essex</persName>
            </author><author>
               <persName corresp="../people/people.xml#P0062">William Seymour, 2nd Earl of Hartford</persName>
            </author><author>
               <persName corresp="../people/people.xml#P0061">Francis Russell, 4th Earl of Bedford</persName>
            </author>
                  <respStmt>
                     <resp/>
                     <name>
                        <persName/>
                     </name>
                  </respStmt>
                  <link target="../texts/LordsPetition1640v1.xml" type="witness"/>
                  <msDesc>
                     <msIdentifier/>
                     <history>
                        <summary/>
                        <origin/>
                        <provenance/>
                     </history>
                  </msDesc>
               </msItem>
               <msItem n="10">
                  <locus>/24 [ff.48r-v]</locus>
                  <title>Lords' Petition</title><author>
               <persName corresp="../people/people.xml#P0076">John Lovelace, 2nd Baron Lovelace?</persName>
            </author><author>
               <persName corresp="../people/people.xml#P0075">Philip Wharton, Fourth Baron Wharton</persName>
            </author><author>
               <persName corresp="../people/people.xml#P0074">Thomas Savile, Second Baron Savile of Pontefract</persName>
            </author><author>
               <persName corresp="../people/people.xml#P0073">Francis Willoughby, Fifth Baron Willoughby of Parham</persName>
            </author><author>
               <persName corresp="../people/people.xml#P0072">Dudley North, Third Baron North</persName>
            </author><author>
               <persName corresp="../people/people.xml#P0071">David Cecil, 3rd Earl of Exeter</persName>
            </author><author>
               <persName corresp="../people/people.xml#P0070">Theophilus Clinton, 4th Earl of Lincoln</persName>
            </author><author>
               <persName corresp="../people/people.xml#P0069">George Manners, 7th Earl of Rutland</persName>
            </author><author>
               <persName corresp="../people/people.xml#P0068">Edward Howard, First Baron North of Escrick</persName>
            </author><author>
               <persName corresp="../people/people.xml#P0050">Robert Greville, Second Baron Brooke of Beauchamps Court</persName>
            </author><author>
               <persName corresp="../people/people.xml#P0067">Henry Montagu, Viscount Mandeville</persName>
            </author><author>
               <persName corresp="../people/people.xml#P0051">William Fiennes, Viscount Say and Sele</persName>
            </author><author>
               <persName corresp="../people/people.xml#P0066">Oliver St John, 1st Earl of Bolingbroke</persName>
            </author><author>
               <persName corresp="../people/people.xml#P0065">Robert Rich, 2nd Earl of Warwick</persName>
            </author><author>
               <persName corresp="../people/people.xml#P0064">Edmund Sheffield, 1st Earl of Mulgrave</persName>
            </author><author>
               <persName corresp="../people/people.xml#P0063">Robert Devereux, 3rd Earl of Essex</persName>
            </author><author>
               <persName corresp="../people/people.xml#P0062">William Seymour, 2nd Earl of Hartford</persName>
            </author><author>
               <persName corresp="../people/people.xml#P0061">Francis Russell, 4th Earl of Bedford</persName>
            </author>
                  <respStmt>
                     <resp/>
                     <name>
                        <persName/>
                     </name>
                  </respStmt>
                  <link target="../texts/LordsPetition1640v1.xml" type="witness"/>
                  <msDesc>
                     <msIdentifier/>
                     <history>
                        <summary/>
                        <origin/>
                        <provenance/>
                     </history>
                  </msDesc>
               </msItem>
            </msContents>
            <physDesc>
               <objectDesc>
                  <supportDesc>
                     <foliation/>
                  </supportDesc>
               </objectDesc>
            </physDesc>
            <history>
               <origin/>
               <provenance/>
            </history>
         </msDesc>
      </body>
   </text>
</TEI>